Time,Total active power,Schedule,Space Temperature T1,Space Temperature T2,Av. Space Temperature,Supply Temperature,Empty trial schedule,Shut off schedule
2016-08-01 00:00:00,0.1,0,24.3,21.8,23.05,19.4,0,0
2016-08-01 00:15:00,0.1,0,24.3,21.8,23.05,19.3,0,0
2016-08-01 00:30:00,0.1,0,24.3,21.8,23.05,19.1,0,0
2016-08-01 00:45:00,0.2,0,24.3,21.8,23.05,19.0,0,0
2016-08-01 01:00:00,0.1,0,24.2,21.8,23.0,18.8,0,0
2016-08-01 01:15:00,0.2,0,24.2,21.8,23.0,18.8,0,0
2016-08-01 01:30:00,0.2,0,24.2,21.8,23.0,18.6,0,0
2016-08-01 01:45:00,0.1,0,24.2,21.8,23.0,18.5,0,0
2016-08-01 02:00:00,0.1,0,24.2,21.8,23.0,18.3,0,0
2016-08-01 02:15:00,0.1,0,24.2,21.8,23.0,18.3,0,0
2016-08-01 02:30:00,0.1,0,24.2,21.7,22.95,18.2,0,0
2016-08-01 02:45:00,0.1,0,24.2,21.7,22.95,18.1,0,0
2016-08-01 03:00:00,0.2,0,24.1,21.7,22.9,18.1,0,0
2016-08-01 03:15:00,0.1,0,24.1,21.7,22.9,18.0,0,0
2016-08-01 03:30:00,0.2,0,24.1,21.7,22.9,17.9,0,0
2016-08-01 03:45:00,0.2,0,24.1,21.7,22.9,17.8,0,0
2016-08-01 04:00:00,0.2,0,24.1,21.7,22.9,17.8,0,0
2016-08-01 04:15:00,0.2,0,24.1,21.6,22.85,17.7,0,0
2016-08-01 04:30:00,0.2,0,24.0,21.6,22.8,17.6,0,0
2016-08-01 04:45:00,0.1,0,24.0,21.6,22.8,17.6,0,0
2016-08-01 05:00:00,0.2,0,24.0,21.6,22.8,17.5,0,0
2016-08-01 05:15:00,0.2,0,24.0,21.5,22.75,17.5,0,0
2016-08-01 05:30:00,0.2,0,23.9,21.5,22.7,17.5,0,0
2016-08-01 05:45:00,0.1,0,23.9,21.5,22.7,17.5,0,0
2016-08-01 06:00:00,0.0,0,23.9,21.5,22.7,17.5,0,0
2016-08-01 06:15:00,0.0,0,23.8,21.4,22.6,17.5,0,0
2016-08-01 06:30:00,0.1,0,23.8,21.4,22.6,17.5,0,0
2016-08-01 06:45:00,0.0,0,23.7,21.4,22.55,17.5,0,0
2016-08-01 07:00:00,0.0,0,23.7,21.3,22.5,17.5,0,0
2016-08-01 07:15:00,0.2,0,23.7,21.3,22.5,17.6,0,0
2016-08-01 07:30:00,0.0,0,23.6,21.3,22.45,17.6,0,0
2016-08-01 07:45:00,9.8,1,23.6,21.2,22.4,14.5,0,0
2016-08-01 08:00:00,13.7,1,22.9,20.9,21.9,14.3,0,0
2016-08-01 08:15:00,8.5,1,22.8,20.6,21.7,14.5,0,0
2016-08-01 08:30:00,9.7,1,22.9,20.7,21.8,15.3,0,0
2016-08-01 08:45:00,7.9,1,23.3,21.2,22.25,16.4,0,0
2016-08-01 09:00:00,17.5,1,23.3,21.2,22.25,16.1,0,0
2016-08-01 09:15:00,16.8,1,23.3,21.2,22.25,16.4,0,0
2016-08-01 09:30:00,16.7,1,23.4,21.2,22.3,16.9,0,0
2016-08-01 09:45:00,16.7,1,23.6,21.4,22.5,17.3,0,0
2016-08-01 10:00:00,16.7,1,23.7,21.5,22.6,17.7,0,0
2016-08-01 10:15:00,17.6,1,23.8,21.6,22.7,17.9,0,0
2016-08-01 10:30:00,16.6,1,24.0,21.7,22.85,18.2,0,0
2016-08-01 10:45:00,16.8,1,24.1,21.8,22.95,18.6,0,0
2016-08-01 11:00:00,17.1,1,24.3,21.9,23.1,18.6,0,0
2016-08-01 11:15:00,16.7,1,24.4,22.0,23.2,19.1,0,0
2016-08-01 11:30:00,17.3,1,24.5,22.1,23.3,19.4,0,0
2016-08-01 11:45:00,17.0,1,24.6,22.3,23.45,19.1,0,0
2016-08-01 12:00:00,16.7,1,24.7,22.3,23.5,19.3,0,0
2016-08-01 12:15:00,16.5,1,24.8,22.3,23.55,19.9,0,0
2016-08-01 12:30:00,17.0,1,24.8,22.4,23.6,18.7,0,0
2016-08-01 12:45:00,17.5,1,24.8,22.4,23.6,18.5,0,0
2016-08-01 13:00:00,16.7,1,24.7,22.4,23.55,19.0,0,0
2016-08-01 13:15:00,16.7,1,24.8,22.4,23.6,19.3,0,0
2016-08-01 13:30:00,17.0,1,24.9,22.5,23.7,19.2,0,0
2016-08-01 13:45:00,17.2,1,24.9,22.5,23.7,19.1,0,0
2016-08-01 14:00:00,17.3,1,24.9,22.5,23.7,18.9,0,0
2016-08-01 14:15:00,16.5,1,24.9,22.5,23.7,18.8,0,0
2016-08-01 14:30:00,17.4,1,24.9,22.5,23.7,19.2,0,0
2016-08-01 14:45:00,17.1,1,24.9,22.5,23.7,19.0,0,0
2016-08-01 15:00:00,16.8,1,25.0,22.5,23.75,18.7,0,0
2016-08-01 15:15:00,17.4,1,24.9,22.5,23.7,18.5,0,0
2016-08-01 15:30:00,17.7,1,24.8,22.5,23.65,18.3,0,0
2016-08-01 15:45:00,17.4,1,24.8,22.4,23.6,18.0,0,0
2016-08-01 16:00:00,17.6,1,24.8,22.4,23.6,17.7,0,0
2016-08-01 16:15:00,16.8,1,24.7,22.4,23.55,17.5,0,0
2016-08-01 16:30:00,17.3,1,24.7,22.4,23.55,17.5,0,0
2016-08-01 16:45:00,16.8,1,24.6,22.3,23.45,17.5,0,0
2016-08-01 17:00:00,0.1,1,24.7,22.4,23.55,17.7,0,1
2016-08-01 17:15:00,0.2,1,25.0,22.7,23.85,17.9,0,1
2016-08-01 17:30:00,0.2,1,25.1,22.8,23.95,18.2,0,1
2016-08-01 17:45:00,0.2,1,25.2,22.8,24.0,18.5,0,1
2016-08-01 18:00:00,0.2,1,25.2,22.8,24.0,18.8,0,1
2016-08-01 18:15:00,0.1,1,25.2,22.8,24.0,18.9,0,1
2016-08-01 18:30:00,0.2,1,25.2,22.8,24.0,18.9,0,1
2016-08-01 18:45:00,0.2,1,25.2,22.8,24.0,19.0,0,1
2016-08-01 19:00:00,0.2,1,25.2,22.8,24.0,19.0,0,1
2016-08-01 19:15:00,17.4,1,25.0,22.7,23.85,16.0,0,0
2016-08-01 19:30:00,16.6,1,24.5,22.4,23.45,15.8,0,0
2016-08-01 19:45:00,17.6,1,24.3,22.2,23.25,15.7,0,0
2016-08-01 20:00:00,17.2,1,24.2,22.1,23.15,15.6,0,0
2016-08-01 20:15:00,16.8,1,24.1,21.9,23.0,15.5,0,0
2016-08-01 20:30:00,17.3,1,24.0,21.8,22.9,15.4,0,0
2016-08-01 20:45:00,16.6,1,24.0,21.7,22.85,15.5,0,0
2016-08-01 21:00:00,16.7,1,23.9,21.7,22.8,15.5,0,0
2016-08-01 21:15:00,17.6,1,23.8,21.6,22.7,15.5,0,0
2016-08-01 21:30:00,16.8,1,23.8,21.6,22.7,15.5,0,0
2016-08-01 21:45:00,0.1,0,24.1,21.7,22.9,15.8,0,0
2016-08-01 22:00:00,0.2,0,24.4,22.0,23.2,16.0,0,0
2016-08-01 22:15:00,0.1,0,24.4,22.1,23.25,16.4,0,0
2016-08-01 22:30:00,0.1,0,24.4,22.1,23.25,16.5,0,0
2016-08-01 22:45:00,0.1,0,24.4,22.1,23.25,17.0,0,0
2016-08-01 23:00:00,0.2,0,24.4,22.1,23.25,17.2,0,0
2016-08-01 23:15:00,0.2,0,24.4,22.0,23.2,17.3,0,0
2016-08-01 23:30:00,0.2,0,24.4,22.0,23.2,17.4,0,0
2016-08-01 23:45:00,0.2,0,24.4,22.0,23.2,17.5,0,0
2016-08-02 00:00:00,0.2,0,24.3,22.0,23.15,17.6,0,0
2016-08-02 00:15:00,0.1,0,24.3,21.9,23.1,17.7,0,0
2016-08-02 00:30:00,0.1,0,24.3,21.9,23.1,17.7,0,0
2016-08-02 00:45:00,0.1,0,24.2,21.9,23.05,17.7,0,0
2016-08-02 01:00:00,0.2,0,24.2,21.9,23.05,17.8,0,0
2016-08-02 01:15:00,0.1,0,24.2,21.9,23.05,17.8,0,0
2016-08-02 01:30:00,0.2,0,24.1,21.8,22.95,17.8,0,0
2016-08-02 01:45:00,0.1,0,24.1,21.8,22.95,17.9,0,0
2016-08-02 02:00:00,0.2,0,24.1,21.8,22.95,17.9,0,0
2016-08-02 02:15:00,0.2,0,24.1,21.8,22.95,18.0,0,0
2016-08-02 02:30:00,0.1,0,24.1,21.8,22.95,18.0,0,0
2016-08-02 02:45:00,0.2,0,24.1,21.8,22.95,18.1,0,0
2016-08-02 03:00:00,0.1,0,24.1,21.8,22.95,18.2,0,0
2016-08-02 03:15:00,0.1,0,24.1,21.8,22.95,18.2,0,0
2016-08-02 03:30:00,0.1,0,24.1,21.8,22.95,18.3,0,0
2016-08-02 03:45:00,0.2,0,24.1,21.7,22.9,18.3,0,0
2016-08-02 04:00:00,0.1,0,24.1,21.7,22.9,18.3,0,0
2016-08-02 04:15:00,0.2,0,24.1,21.7,22.9,18.4,0,0
2016-08-02 04:30:00,0.1,0,24.0,21.7,22.85,18.4,0,0
2016-08-02 04:45:00,0.1,0,24.0,21.7,22.85,18.4,0,0
2016-08-02 05:00:00,0.1,0,24.0,21.7,22.85,18.5,0,0
2016-08-02 05:15:00,0.2,0,24.0,21.7,22.85,18.5,0,0
2016-08-02 05:30:00,0.1,0,24.0,21.7,22.85,18.5,0,0
2016-08-02 05:45:00,0.2,0,24.0,21.7,22.85,18.5,0,0
2016-08-02 06:00:00,0.2,0,24.0,21.7,22.85,18.5,0,0
2016-08-02 06:15:00,0.2,0,24.0,21.6,22.8,18.6,0,0
2016-08-02 06:30:00,0.2,0,24.0,21.8,22.9,18.6,0,0
2016-08-02 06:45:00,0.2,0,24.0,21.8,22.9,18.6,0,0
2016-08-02 07:00:00,0.2,0,24.0,21.7,22.85,18.7,0,0
2016-08-02 07:15:00,0.2,0,24.1,21.9,23.0,18.7,0,0
2016-08-02 07:30:00,0.1,0,24.2,22.0,23.1,18.8,0,0
2016-08-02 07:45:00,6.7,1,24.4,22.1,23.25,18.2,0,0
2016-08-02 08:00:00,17.1,1,24.5,22.1,23.3,18.1,0,0
2016-08-02 08:15:00,16.5,1,24.6,22.2,23.4,18.3,0,0
2016-08-02 08:30:00,17.0,1,24.7,22.3,23.5,18.5,0,0
2016-08-02 08:45:00,16.4,1,24.8,22.4,23.6,18.7,0,0
2016-08-02 09:00:00,16.7,1,24.9,22.5,23.7,19.0,0,0
2016-08-02 09:15:00,17.0,1,24.9,22.6,23.75,19.1,0,0
2016-08-02 09:30:00,16.5,1,25.1,22.7,23.9,19.4,0,0
2016-08-02 09:45:00,16.7,1,25.2,22.7,23.95,19.7,0,0
2016-08-02 10:00:00,16.8,1,25.3,22.8,24.05,19.7,0,0
2016-08-02 10:15:00,17.0,1,25.4,22.9,24.15,19.7,0,0
2016-08-02 10:30:00,16.4,1,25.4,22.9,24.15,19.8,0,0
2016-08-02 10:45:00,16.9,1,25.4,22.8,24.1,19.8,0,0
2016-08-02 11:00:00,16.9,1,25.4,22.7,24.05,20.2,0,0
2016-08-02 11:15:00,16.9,1,25.4,22.7,24.05,19.9,0,0
2016-08-02 11:30:00,16.4,1,25.4,22.7,24.05,19.9,0,0
2016-08-02 11:45:00,16.7,1,25.5,22.6,24.05,19.8,0,0
2016-08-02 12:00:00,16.3,1,25.5,22.6,24.05,20.1,0,0
2016-08-02 12:15:00,16.2,1,25.5,22.7,24.1,20.1,0,0
2016-08-02 12:30:00,16.8,1,25.6,22.7,24.15,20.3,0,0
2016-08-02 12:45:00,16.1,1,25.6,22.9,24.25,20.3,0,0
2016-08-02 13:00:00,29.9,1,25.6,22.7,24.15,17.6,0,0
2016-08-02 13:15:00,29.6,1,25.3,22.5,23.9,17.1,0,0
2016-08-02 13:30:00,29.6,1,25.1,22.3,23.7,17.0,0,0
2016-08-02 13:45:00,6.3,1,25.1,22.2,23.65,20.4,0,0
2016-08-02 14:00:00,29.7,1,25.2,22.4,23.8,17.2,0,0
2016-08-02 14:15:00,6.4,1,25.0,22.2,23.6,19.5,0,0
2016-08-02 14:30:00,7.0,1,25.1,22.2,23.65,20.8,0,0
2016-08-02 14:45:00,29.9,1,25.2,22.4,23.8,17.2,0,0
2016-08-02 15:00:00,6.4,1,25.0,22.2,23.6,20.6,0,0
2016-08-02 15:15:00,29.9,1,25.2,22.4,23.8,17.5,0,0
2016-08-02 15:30:00,30.1,1,25.1,22.3,23.7,17.1,0,0
2016-08-02 15:45:00,6.5,1,25.0,22.2,23.6,20.8,0,0
2016-08-02 16:00:00,29.8,1,25.2,22.3,23.75,17.2,0,0
2016-08-02 16:15:00,7.3,1,25.0,22.2,23.6,20.3,0,0
2016-08-02 16:30:00,6.6,1,25.1,22.3,23.7,18.2,0,0
2016-08-02 16:45:00,29.7,1,25.1,22.3,23.7,17.0,0,0
2016-08-02 17:00:00,0.0,1,25.1,22.4,23.75,18.3,0,1
2016-08-02 17:15:00,0.0,1,25.3,22.7,24.0,19.1,0,1
2016-08-02 17:30:00,0.1,1,25.4,22.8,24.1,19.8,0,1
2016-08-02 17:45:00,0.1,1,25.4,22.8,24.1,20.2,0,1
2016-08-02 18:00:00,0.0,1,25.5,22.8,24.15,20.5,0,1
2016-08-02 18:15:00,0.0,1,25.5,22.8,24.15,20.7,0,1
2016-08-02 18:30:00,0.0,1,25.5,22.9,24.2,20.8,0,1
2016-08-02 18:45:00,0.1,1,25.5,22.9,24.2,20.9,0,1
2016-08-02 19:00:00,0.1,1,25.6,22.9,24.25,21.0,0,1
2016-08-02 19:15:00,16.7,1,25.6,22.9,24.25,21.4,0,0
2016-08-02 19:30:00,29.8,1,25.4,22.7,24.05,17.0,0,0
2016-08-02 19:45:00,29.6,1,25.0,22.4,23.7,16.8,0,0
2016-08-02 20:00:00,6.4,1,24.9,22.3,23.6,20.5,0,0
2016-08-02 20:15:00,29.6,1,25.1,22.4,23.75,16.9,0,0
2016-08-02 20:30:00,6.3,1,24.9,22.2,23.55,20.3,0,0
2016-08-02 20:45:00,6.5,1,25.1,22.3,23.7,20.6,0,0
2016-08-02 21:00:00,29.7,1,25.0,22.3,23.65,16.7,0,0
2016-08-02 21:15:00,6.8,1,24.9,22.2,23.55,20.5,0,0
2016-08-02 21:30:00,29.6,1,25.1,22.4,23.75,17.1,0,0
2016-08-02 21:45:00,0.0,0,25.1,22.5,23.8,17.5,0,0
2016-08-02 22:00:00,0.0,0,25.2,22.5,23.85,18.2,0,0
2016-08-02 22:15:00,0.0,0,25.1,22.5,23.8,18.5,0,0
2016-08-02 22:30:00,0.1,0,25.1,22.4,23.75,18.9,0,0
2016-08-02 22:45:00,0.0,0,24.9,22.5,23.7,19.2,0,0
2016-08-02 23:00:00,0.0,0,24.8,22.4,23.6,19.4,0,0
2016-08-02 23:15:00,0.0,0,24.8,22.4,23.6,19.6,0,0
2016-08-02 23:30:00,0.1,0,24.7,22.4,23.55,19.7,0,0
2016-08-02 23:45:00,0.0,0,24.7,22.3,23.5,19.7,0,0
2016-08-03 00:00:00,0.0,0,24.7,22.2,23.45,19.8,0,0
2016-08-03 00:15:00,0.1,0,24.6,22.2,23.4,19.8,0,0
2016-08-03 00:30:00,0.1,0,24.6,22.1,23.35,19.8,0,0
2016-08-03 00:45:00,0.0,0,24.5,22.1,23.3,19.7,0,0
2016-08-03 01:00:00,0.0,0,24.5,22.1,23.3,19.7,0,0
2016-08-03 01:15:00,0.0,0,24.5,22.1,23.3,19.7,0,0
2016-08-03 01:30:00,0.0,0,24.4,22.0,23.2,19.6,0,0
2016-08-03 01:45:00,0.1,0,24.4,22.0,23.2,19.6,0,0
2016-08-03 02:00:00,0.0,0,24.4,22.0,23.2,19.6,0,0
2016-08-03 02:15:00,0.0,0,24.4,22.0,23.2,19.6,0,0
2016-08-03 02:30:00,0.0,0,24.3,21.9,23.1,19.5,0,0
2016-08-03 02:45:00,0.1,0,24.3,21.9,23.1,19.5,0,0
2016-08-03 03:00:00,0.0,0,24.3,21.9,23.1,19.5,0,0
2016-08-03 03:15:00,0.0,0,24.3,21.8,23.05,19.4,0,0
2016-08-03 03:30:00,0.1,0,24.2,21.9,23.05,19.4,0,0
2016-08-03 03:45:00,0.2,0,24.2,21.8,23.0,19.4,0,0
2016-08-03 04:00:00,0.0,0,24.2,21.8,23.0,19.4,0,0
2016-08-03 04:15:00,0.0,0,24.2,21.8,23.0,19.4,0,0
2016-08-03 04:30:00,0.1,0,24.2,21.8,23.0,19.4,0,0
2016-08-03 04:45:00,0.1,0,24.2,21.8,23.0,19.4,0,0
2016-08-03 05:00:00,0.1,0,24.2,21.9,23.05,19.4,0,0
2016-08-03 05:15:00,0.0,0,24.3,21.9,23.1,19.4,0,0
2016-08-03 05:30:00,0.0,0,24.3,21.9,23.1,19.3,0,0
2016-08-03 05:45:00,0.0,0,24.3,21.8,23.05,19.3,0,0
2016-08-03 06:00:00,0.1,0,24.3,21.8,23.05,19.3,0,0
2016-08-03 06:15:00,0.2,0,24.3,21.8,23.05,19.3,0,0
2016-08-03 06:30:00,0.1,0,24.2,21.8,23.0,19.3,0,0
2016-08-03 06:45:00,0.0,0,24.2,21.8,23.0,19.3,0,0
2016-08-03 07:00:00,0.1,0,24.2,21.8,23.0,19.3,0,0
2016-08-03 07:15:00,0.0,0,24.2,21.8,23.0,19.4,0,0
2016-08-03 07:30:00,0.0,0,24.2,21.8,23.0,19.4,0,0
2016-08-03 07:45:00,0.0,1,24.2,21.8,23.0,19.4,0,0
2016-08-03 08:00:00,0.0,1,24.2,21.9,23.05,19.4,0,0
2016-08-03 08:15:00,0.0,1,24.3,21.9,23.1,19.5,0,0
2016-08-03 08:30:00,0.0,1,24.4,22.0,23.2,19.7,0,0
2016-08-03 08:45:00,0.1,1,24.5,22.1,23.3,19.9,0,0
2016-08-03 09:00:00,0.1,1,24.7,22.2,23.45,20.0,0,0
2016-08-03 09:15:00,0.0,1,24.8,22.3,23.55,20.2,0,0
2016-08-03 09:30:00,0.0,1,24.9,22.3,23.6,20.3,0,0
2016-08-03 09:45:00,0.0,1,24.9,22.3,23.6,20.4,0,0
2016-08-03 10:00:00,0.0,1,24.9,22.4,23.65,20.6,0,0
2016-08-03 10:15:00,0.0,1,25.0,22.5,23.75,20.9,0,0
2016-08-03 10:30:00,0.0,1,25.1,22.6,23.85,21.2,0,0
2016-08-03 10:45:00,0.0,1,25.2,22.7,23.95,21.4,0,0
2016-08-03 11:00:00,0.0,1,25.2,22.7,23.95,21.4,0,0
2016-08-03 11:15:00,0.1,1,25.3,22.8,24.05,21.8,0,0
2016-08-03 11:30:00,0.0,1,25.4,23.0,24.2,21.9,0,0
2016-08-03 11:45:00,0.0,1,25.4,22.9,24.15,22.5,0,0
2016-08-03 12:00:00,0.0,1,25.5,23.0,24.25,23.0,0,0
2016-08-03 12:15:00,0.0,1,25.5,23.1,24.3,23.6,0,0
2016-08-03 12:30:00,0.0,1,25.6,23.2,24.4,24.1,0,0
2016-08-03 12:45:00,0.0,1,25.6,23.1,24.35,24.6,0,0
2016-08-03 13:00:00,0.0,1,25.7,23.1,24.4,25.1,0,0
2016-08-03 13:15:00,0.0,1,25.6,23.0,24.3,25.4,0,0
2016-08-03 13:30:00,0.0,1,25.6,23.1,24.35,25.6,0,0
2016-08-03 13:45:00,0.0,1,25.7,23.2,24.45,26.0,0,0
2016-08-03 14:00:00,0.0,1,25.7,23.3,24.5,26.1,0,0
2016-08-03 14:15:00,0.1,1,25.8,23.3,24.55,26.5,0,0
2016-08-03 14:30:00,0.1,1,25.8,23.3,24.55,26.8,0,0
2016-08-03 14:45:00,0.0,1,25.8,23.3,24.55,27.2,0,0
2016-08-03 15:00:00,0.0,1,25.9,23.4,24.65,27.4,0,0
2016-08-03 15:15:00,0.0,1,25.9,23.3,24.6,27.8,0,0
2016-08-03 15:30:00,0.0,1,25.9,23.4,24.65,28.0,0,0
2016-08-03 15:45:00,0.1,1,26.0,23.4,24.7,28.0,0,0
2016-08-03 16:00:00,0.0,1,25.9,23.4,24.65,28.0,0,0
2016-08-03 16:15:00,0.1,1,26.0,23.4,24.7,28.1,0,0
2016-08-03 16:30:00,0.0,1,26.0,23.4,24.7,28.1,0,0
2016-08-03 16:45:00,0.0,1,26.0,23.5,24.75,28.1,0,0
2016-08-03 17:00:00,0.0,1,26.0,23.4,24.7,28.1,0,1
2016-08-03 17:15:00,0.0,1,26.0,23.4,24.7,27.9,0,1
2016-08-03 17:30:00,0.1,1,26.0,23.4,24.7,27.8,0,1
2016-08-03 17:45:00,0.1,1,26.0,23.5,24.75,27.6,0,1
2016-08-03 18:00:00,0.1,1,26.0,23.5,24.75,27.4,0,1
2016-08-03 18:15:00,0.0,1,26.0,23.4,24.7,27.2,0,1
2016-08-03 18:30:00,0.1,1,26.0,23.4,24.7,26.9,0,1
2016-08-03 18:45:00,0.0,1,26.0,23.3,24.65,26.5,0,1
2016-08-03 19:00:00,0.0,1,25.9,23.3,24.6,26.1,0,1
2016-08-03 19:15:00,0.1,1,25.9,23.2,24.55,25.7,0,0
2016-08-03 19:30:00,0.0,1,25.9,23.2,24.55,25.3,0,0
2016-08-03 19:45:00,0.0,1,25.8,23.1,24.45,24.8,0,0
2016-08-03 20:00:00,0.0,1,25.8,23.0,24.4,24.4,0,0
2016-08-03 20:15:00,0.1,1,25.7,23.0,24.35,23.9,0,0
2016-08-03 20:30:00,16.5,1,25.7,23.0,24.35,19.8,0,0
2016-08-03 20:45:00,16.7,1,25.6,23.0,24.3,19.1,0,0
2016-08-03 21:00:00,16.5,1,25.4,22.9,24.15,18.8,0,0
2016-08-03 21:15:00,17.1,1,25.3,22.7,24.0,18.5,0,0
2016-08-03 21:30:00,17.1,1,25.2,22.7,23.95,18.4,0,0
2016-08-03 21:45:00,0.2,0,25.3,22.9,24.1,18.4,0,0
2016-08-03 22:00:00,0.1,0,25.5,23.0,24.25,18.6,0,0
2016-08-03 22:15:00,0.2,0,25.4,23.0,24.2,18.8,0,0
2016-08-03 22:30:00,0.2,0,25.3,22.9,24.1,18.9,0,0
2016-08-03 22:45:00,0.2,0,25.2,22.8,24.0,19.1,0,0
2016-08-03 23:00:00,0.1,0,25.1,22.7,23.9,19.1,0,0
2016-08-03 23:15:00,0.2,0,25.1,22.6,23.85,19.2,0,0
2016-08-03 23:30:00,0.1,0,25.0,22.5,23.75,19.2,0,0
2016-08-03 23:45:00,0.2,0,25.0,22.5,23.75,19.2,0,0
2016-08-04 00:00:00,0.1,0,24.9,22.4,23.65,19.1,0,0
2016-08-04 00:15:00,0.2,0,24.9,22.4,23.65,19.1,0,0
2016-08-04 00:30:00,0.2,0,24.8,22.3,23.55,19.1,0,0
2016-08-04 00:45:00,0.1,0,24.8,22.3,23.55,19.1,0,0
2016-08-04 01:00:00,0.2,0,24.8,22.2,23.5,19.0,0,0
2016-08-04 01:15:00,0.2,0,24.7,22.2,23.45,19.0,0,0
2016-08-04 01:30:00,0.1,0,24.7,22.1,23.4,19.0,0,0
2016-08-04 01:45:00,0.2,0,24.6,22.1,23.35,19.0,0,0
2016-08-04 02:00:00,0.2,0,24.6,22.1,23.35,19.0,0,0
2016-08-04 02:15:00,0.1,0,24.6,22.1,23.35,18.9,0,0
2016-08-04 02:30:00,0.1,0,24.5,22.0,23.25,18.9,0,0
2016-08-04 02:45:00,0.2,0,24.5,22.0,23.25,18.9,0,0
2016-08-04 03:00:00,0.1,0,24.5,22.0,23.25,18.8,0,0
2016-08-04 03:15:00,0.2,0,24.5,21.9,23.2,18.8,0,0
2016-08-04 03:30:00,0.2,0,24.4,21.9,23.15,18.7,0,0
2016-08-04 03:45:00,0.2,0,24.4,21.9,23.15,18.7,0,0
2016-08-04 04:00:00,0.2,0,24.4,21.9,23.15,18.7,0,0
2016-08-04 04:15:00,0.1,0,24.4,21.9,23.15,18.6,0,0
2016-08-04 04:30:00,0.1,0,24.3,21.8,23.05,18.6,0,0
2016-08-04 04:45:00,0.2,0,24.3,21.8,23.05,18.6,0,0
2016-08-04 05:00:00,0.1,0,24.3,21.8,23.05,18.5,0,0
2016-08-04 05:15:00,0.1,0,24.3,21.8,23.05,18.6,0,0
2016-08-04 05:30:00,0.2,0,24.3,21.7,23.0,18.5,0,0
2016-08-04 05:45:00,0.1,0,24.3,21.7,23.0,18.5,0,0
2016-08-04 06:00:00,0.2,0,24.2,21.7,22.95,18.5,0,0
2016-08-04 06:15:00,0.2,0,24.2,21.7,22.95,18.4,0,0
2016-08-04 06:30:00,0.2,0,24.2,21.7,22.95,18.4,0,0
2016-08-04 06:45:00,0.2,0,24.2,21.7,22.95,18.5,0,0
2016-08-04 07:00:00,0.2,0,24.1,21.6,22.85,18.5,0,0
2016-08-04 07:15:00,0.2,0,24.1,21.6,22.85,18.5,0,0
2016-08-04 07:30:00,0.2,0,24.1,21.6,22.85,18.6,0,0
2016-08-04 07:45:00,6.7,1,24.1,21.6,22.85,17.6,0,0
2016-08-04 08:00:00,16.9,1,24.0,21.5,22.75,17.7,0,0
2016-08-04 08:15:00,16.5,1,23.9,21.4,22.65,17.9,0,0
2016-08-04 08:30:00,16.5,1,24.0,21.5,22.75,18.3,0,0
2016-08-04 08:45:00,17.3,1,24.2,21.7,22.95,18.3,0,0
2016-08-04 09:00:00,16.5,1,24.3,21.8,23.05,18.7,0,0
2016-08-04 09:15:00,16.7,1,24.4,21.9,23.15,18.4,0,0
2016-08-04 09:30:00,16.5,1,24.5,22.0,23.25,18.8,0,0
2016-08-04 09:45:00,17.2,1,24.5,22.1,23.3,18.9,0,0
2016-08-04 10:00:00,0.1,1,24.6,22.2,23.4,19.5,0,0
2016-08-04 10:15:00,0.0,1,24.8,22.4,23.6,20.1,0,0
2016-08-04 10:30:00,16.7,1,25.0,22.6,23.8,21.2,0,0
2016-08-04 10:45:00,29.4,1,25.0,22.4,23.7,16.9,0,0
2016-08-04 11:00:00,6.4,1,24.8,22.3,23.55,20.6,0,0
2016-08-04 11:15:00,6.3,1,25.0,22.4,23.7,20.9,0,0
2016-08-04 11:30:00,29.7,1,25.0,22.4,23.7,16.9,0,0
2016-08-04 11:45:00,6.9,1,24.9,22.3,23.6,20.8,0,0
2016-08-04 12:00:00,30.0,1,25.1,22.5,23.8,17.3,0,0
2016-08-04 12:15:00,29.7,1,25.0,22.4,23.7,19.3,0,0
2016-08-04 12:30:00,6.5,1,25.0,22.3,23.65,20.9,0,0
2016-08-04 12:45:00,29.7,1,25.1,22.4,23.75,17.2,0,0
2016-08-04 13:00:00,6.4,1,24.9,22.3,23.6,20.8,0,0
2016-08-04 13:15:00,29.9,1,25.1,22.4,23.75,17.5,0,0
2016-08-04 13:30:00,29.9,1,25.0,22.3,23.65,17.1,0,0
2016-08-04 13:45:00,6.8,1,25.0,22.4,23.7,21.2,0,0
2016-08-04 14:00:00,30.1,1,25.1,22.4,23.75,17.5,0,0
2016-08-04 14:15:00,29.8,1,25.0,22.4,23.7,17.2,0,0
2016-08-04 14:30:00,6.4,1,24.9,22.3,23.6,20.8,0,0
2016-08-04 14:45:00,30.0,1,25.1,22.4,23.75,17.2,0,0
2016-08-04 15:00:00,29.9,1,25.0,22.3,23.65,17.1,0,0
2016-08-04 15:15:00,6.6,1,25.0,22.4,23.7,20.9,0,0
2016-08-04 15:30:00,29.8,1,25.1,22.4,23.75,17.2,0,0
2016-08-04 15:45:00,6.5,1,24.9,22.2,23.55,20.2,0,0
2016-08-04 16:00:00,6.4,1,25.1,22.4,23.75,21.1,0,0
2016-08-04 16:15:00,30.1,1,25.2,22.5,23.85,17.4,0,0
2016-08-04 16:30:00,6.3,1,24.9,22.3,23.6,20.6,0,0
2016-08-04 16:45:00,7.0,1,25.1,22.4,23.75,19.4,0,0
2016-08-04 17:00:00,0.1,1,25.3,22.6,23.95,20.4,0,1
2016-08-04 17:15:00,0.1,1,25.4,22.7,24.05,21.2,0,1
2016-08-04 17:30:00,0.1,1,25.5,22.8,24.15,22.0,0,1
2016-08-04 17:45:00,0.0,1,25.5,22.8,24.15,22.5,0,1
2016-08-04 18:00:00,0.1,1,25.6,22.9,24.25,22.9,0,1
2016-08-04 18:15:00,0.0,1,25.6,22.9,24.25,23.3,0,1
2016-08-04 18:30:00,0.0,1,25.6,22.9,24.25,23.4,0,1
2016-08-04 18:45:00,0.1,1,25.6,22.9,24.25,23.4,0,1
2016-08-04 19:00:00,0.0,1,25.6,22.9,24.25,23.4,0,1
2016-08-04 19:15:00,16.0,1,25.6,22.9,24.25,22.0,0,0
2016-08-04 19:30:00,29.9,1,25.4,22.8,24.1,17.3,0,0
2016-08-04 19:45:00,29.7,1,25.0,22.5,23.75,17.0,0,0
2016-08-04 20:00:00,6.5,1,24.8,22.4,23.6,20.3,0,0
2016-08-04 20:15:00,6.4,1,25.0,22.4,23.7,18.4,0,0
2016-08-04 20:30:00,29.8,1,25.0,22.4,23.7,16.8,0,0
2016-08-04 20:45:00,6.4,1,24.8,22.3,23.55,20.3,0,0
2016-08-04 21:00:00,7.3,1,25.0,22.5,23.75,18.1,0,0
2016-08-04 21:15:00,29.5,1,25.0,22.4,23.7,16.6,0,0
2016-08-04 21:30:00,6.9,1,24.9,22.3,23.6,20.5,0,0
2016-08-04 21:45:00,0.0,0,25.0,22.5,23.75,20.5,0,0
2016-08-04 22:00:00,0.0,0,25.2,22.6,23.9,20.4,0,0
2016-08-04 22:15:00,0.0,0,25.2,22.6,23.9,20.4,0,0
2016-08-04 22:30:00,0.1,0,25.1,22.6,23.85,20.3,0,0
2016-08-04 22:45:00,0.0,0,24.9,22.5,23.7,20.3,0,0
2016-08-04 23:00:00,0.1,0,24.9,22.4,23.65,20.2,0,0
2016-08-04 23:15:00,0.1,0,24.8,22.4,23.6,20.1,0,0
2016-08-04 23:30:00,0.1,0,24.8,22.3,23.55,20.0,0,0
2016-08-04 23:45:00,0.1,0,24.8,22.3,23.55,19.8,0,0
2016-08-05 00:00:00,0.2,0,24.8,22.2,23.5,19.7,0,0
2016-08-05 00:15:00,0.2,0,24.7,22.2,23.45,19.6,0,0
2016-08-05 00:30:00,0.2,0,24.7,22.1,23.4,19.5,0,0
2016-08-05 00:45:00,0.2,0,24.6,22.1,23.35,19.4,0,0
2016-08-05 01:00:00,0.2,0,24.6,22.0,23.3,19.3,0,0
2016-08-05 01:15:00,0.1,0,24.6,22.0,23.3,19.2,0,0
2016-08-05 01:30:00,0.2,0,24.5,22.0,23.25,19.1,0,0
2016-08-05 01:45:00,0.1,0,24.5,21.9,23.2,19.1,0,0
2016-08-05 02:00:00,0.2,0,24.5,21.9,23.2,19.0,0,0
2016-08-05 02:15:00,0.2,0,24.4,21.9,23.15,18.9,0,0
2016-08-05 02:30:00,0.2,0,24.4,21.8,23.1,18.8,0,0
2016-08-05 02:45:00,0.1,0,24.4,21.8,23.1,18.8,0,0
2016-08-05 03:00:00,0.2,0,24.3,21.8,23.05,18.7,0,0
2016-08-05 03:15:00,0.1,0,24.3,21.7,23.0,18.6,0,0
2016-08-05 03:30:00,0.2,0,24.3,21.7,23.0,18.6,0,0
2016-08-05 03:45:00,0.2,0,24.3,21.7,23.0,18.5,0,0
2016-08-05 04:00:00,0.2,0,24.2,21.7,22.95,18.5,0,0
2016-08-05 04:15:00,0.1,0,24.2,21.7,22.95,18.5,0,0
2016-08-05 04:30:00,0.2,0,24.2,21.6,22.9,18.4,0,0
2016-08-05 04:45:00,0.2,0,24.2,21.6,22.9,18.4,0,0
2016-08-05 05:00:00,0.1,0,24.2,21.6,22.9,18.4,0,0
2016-08-05 05:15:00,0.1,0,24.1,21.6,22.85,18.3,0,0
2016-08-05 05:30:00,0.2,0,24.1,21.5,22.8,18.3,0,0
2016-08-05 05:45:00,0.1,0,24.1,21.5,22.8,18.2,0,0
2016-08-05 06:00:00,0.1,0,24.1,21.5,22.8,18.1,0,0
2016-08-05 06:15:00,0.1,0,24.1,21.5,22.8,18.1,0,0
2016-08-05 06:30:00,0.1,0,24.0,21.5,22.75,18.0,0,0
2016-08-05 06:45:00,0.1,0,24.0,21.5,22.75,18.0,0,0
2016-08-05 07:00:00,0.2,0,24.0,21.4,22.7,18.1,0,0
2016-08-05 07:15:00,0.1,0,24.0,21.4,22.7,18.2,0,0
2016-08-05 07:30:00,0.2,0,23.9,21.4,22.65,18.3,0,0
2016-08-05 07:45:00,11.4,1,23.9,21.4,22.65,16.4,0,0
2016-08-05 08:00:00,17.4,1,23.6,21.2,22.4,16.6,0,0
2016-08-05 08:15:00,17.6,1,23.6,21.2,22.4,17.2,0,0
2016-08-05 08:30:00,17.1,1,23.8,21.3,22.55,17.5,0,0
2016-08-05 08:45:00,17.6,1,23.9,21.5,22.7,18.3,0,0
2016-08-05 09:00:00,17.2,1,24.0,21.6,22.8,18.8,0,0
2016-08-05 09:15:00,17.6,1,24.1,21.7,22.9,18.9,0,0
2016-08-05 09:30:00,0.0,1,24.3,21.9,23.1,19.6,0,0
2016-08-05 09:45:00,0.0,1,24.6,22.2,23.4,20.2,0,0
2016-08-05 10:00:00,0.1,1,24.8,22.3,23.55,20.8,0,0
2016-08-05 10:15:00,0.0,1,24.9,22.4,23.65,21.4,0,0
2016-08-05 10:30:00,0.0,1,25.0,22.5,23.75,22.0,0,0
2016-08-05 10:45:00,16.9,1,25.0,22.5,23.75,21.9,0,0
2016-08-05 11:00:00,30.0,1,25.1,22.4,23.75,17.4,0,0
2016-08-05 11:15:00,7.1,1,24.8,22.2,23.5,20.9,0,0
2016-08-05 11:30:00,6.7,1,25.1,22.4,23.75,21.1,0,0
2016-08-05 11:45:00,30.0,1,25.0,22.3,23.65,17.3,0,0
2016-08-05 12:00:00,7.0,1,25.0,22.3,23.65,21.2,0,0
2016-08-05 12:15:00,30.2,1,25.2,22.4,23.8,17.9,0,0
2016-08-05 12:30:00,7.2,1,25.0,22.3,23.65,20.5,0,0
2016-08-05 12:45:00,6.9,1,25.1,22.3,23.7,19.4,0,0
2016-08-05 13:00:00,30.4,1,25.1,22.4,23.75,17.9,0,0
2016-08-05 13:15:00,7.5,1,25.0,22.3,23.65,20.8,0,0
2016-08-05 13:30:00,30.5,1,25.1,22.4,23.75,18.5,0,0
2016-08-05 13:45:00,30.6,1,25.1,22.4,23.75,18.0,0,0
2016-08-05 14:00:00,6.5,1,25.0,22.2,23.6,21.0,0,0
2016-08-05 14:15:00,30.7,1,25.2,22.5,23.85,18.9,0,0
2016-08-05 14:30:00,30.5,1,25.2,22.4,23.8,18.1,0,0
2016-08-05 14:45:00,30.5,1,25.0,22.2,23.6,18.1,0,0
2016-08-05 15:00:00,6.5,1,25.0,22.2,23.6,21.7,0,0
2016-08-05 15:15:00,30.5,1,25.2,22.4,23.8,18.4,0,0
2016-08-05 15:30:00,30.5,1,25.0,22.2,23.6,18.2,0,0
2016-08-05 15:45:00,6.6,1,25.1,22.2,23.65,21.9,0,0
2016-08-05 16:00:00,30.4,1,25.2,22.3,23.75,18.1,0,0
2016-08-05 16:15:00,30.5,1,25.1,22.2,23.65,18.0,0,0
2016-08-05 16:30:00,6.5,1,25.0,22.2,23.6,21.1,0,0
2016-08-05 16:45:00,30.6,1,25.1,22.3,23.7,19.2,0,0
2016-08-05 17:00:00,0.0,1,25.3,22.5,23.9,20.3,0,1
2016-08-05 17:15:00,0.0,1,25.4,22.6,24.0,21.1,0,1
2016-08-05 17:30:00,0.0,1,25.5,22.8,24.15,21.9,0,1
2016-08-05 17:45:00,0.1,1,25.6,22.8,24.2,22.7,0,1
2016-08-05 18:00:00,0.0,1,25.6,22.8,24.2,23.5,0,1
2016-08-05 18:15:00,0.0,1,25.7,22.9,24.3,24.0,0,1
2016-08-05 18:30:00,0.0,1,25.7,23.0,24.35,24.3,0,1
2016-08-05 18:45:00,0.0,1,25.8,23.0,24.4,24.5,0,1
2016-08-05 19:00:00,0.1,1,25.7,23.0,24.35,24.6,0,1
2016-08-05 19:15:00,16.7,1,25.8,23.0,24.4,22.6,0,0
2016-08-05 19:30:00,30.2,1,25.6,22.8,24.2,17.9,0,0
2016-08-05 19:45:00,30.2,1,25.2,22.5,23.85,17.7,0,0
2016-08-05 20:00:00,30.1,1,25.1,22.4,23.75,17.4,0,0
2016-08-05 20:15:00,30.0,1,25.0,22.3,23.65,18.7,0,0
2016-08-05 20:30:00,6.4,1,25.0,22.3,23.65,21.1,0,0
2016-08-05 20:45:00,29.9,1,25.1,22.4,23.75,17.2,0,0
2016-08-05 21:00:00,6.6,1,24.9,22.3,23.6,20.6,0,0
2016-08-05 21:15:00,29.7,1,25.1,22.4,23.75,17.7,0,0
2016-08-05 21:30:00,30.1,1,25.0,22.3,23.65,17.0,0,0
2016-08-05 21:45:00,0.0,0,25.1,22.4,23.75,17.5,0,0
2016-08-05 22:00:00,0.0,0,25.2,22.6,23.9,18.0,0,0
2016-08-05 22:15:00,0.0,0,25.2,22.5,23.85,18.5,0,0
2016-08-05 22:30:00,0.0,0,25.1,22.5,23.8,18.8,0,0
2016-08-05 22:45:00,0.0,0,25.0,22.6,23.8,19.0,0,0
2016-08-05 23:00:00,0.0,0,25.0,22.4,23.7,19.1,0,0
2016-08-05 23:15:00,0.2,0,24.9,22.3,23.6,19.1,0,0
2016-08-05 23:30:00,0.2,0,24.8,22.3,23.55,19.1,0,0
2016-08-05 23:45:00,0.1,0,24.7,22.2,23.45,19.1,0,0
2016-08-06 00:00:00,0.2,0,24.7,22.2,23.45,19.1,0,0
2016-08-06 00:15:00,0.1,0,24.7,22.1,23.4,19.1,0,0
2016-08-06 00:30:00,0.1,0,24.6,22.1,23.35,19.1,0,0
2016-08-06 00:45:00,0.2,0,24.5,22.0,23.25,19.0,0,0
2016-08-06 01:00:00,0.2,0,24.5,22.0,23.25,19.0,0,0
2016-08-06 01:15:00,0.1,0,24.5,21.9,23.2,18.9,0,0
2016-08-06 01:30:00,0.2,0,24.4,21.9,23.15,18.9,0,0
2016-08-06 01:45:00,0.2,0,24.4,21.8,23.1,18.8,0,0
2016-08-06 02:00:00,0.1,0,24.4,21.8,23.1,18.8,0,0
2016-08-06 02:15:00,0.1,0,24.4,21.8,23.1,18.7,0,0
2016-08-06 02:30:00,0.1,0,24.3,21.7,23.0,18.7,0,0
2016-08-06 02:45:00,0.1,0,24.3,21.7,23.0,18.6,0,0
2016-08-06 03:00:00,0.1,0,24.3,21.7,23.0,18.6,0,0
2016-08-06 03:15:00,0.1,0,24.2,21.7,22.95,18.5,0,0
2016-08-06 03:30:00,0.2,0,24.2,21.6,22.9,18.5,0,0
2016-08-06 03:45:00,0.1,0,24.2,21.6,22.9,18.4,0,0
2016-08-06 04:00:00,0.2,0,24.2,21.5,22.85,18.4,0,0
2016-08-06 04:15:00,0.1,0,24.2,21.5,22.85,18.3,0,0
2016-08-06 04:30:00,0.1,0,24.2,21.5,22.85,18.3,0,0
2016-08-06 04:45:00,0.1,0,24.1,21.5,22.8,18.2,0,0
2016-08-06 05:00:00,0.2,0,24.1,21.5,22.8,18.2,0,0
2016-08-06 05:15:00,0.2,0,24.1,21.5,22.8,18.2,0,0
2016-08-06 05:30:00,0.1,0,24.1,21.5,22.8,18.1,0,0
2016-08-06 05:45:00,0.2,0,24.1,21.5,22.8,18.0,0,0
2016-08-06 06:00:00,0.2,0,24.1,21.5,22.8,17.9,0,0
2016-08-06 06:15:00,0.1,0,24.1,21.5,22.8,17.9,0,0
2016-08-06 06:30:00,0.1,0,24.0,21.5,22.75,17.9,0,0
2016-08-06 06:45:00,0.2,0,24.0,21.5,22.75,17.8,0,0
2016-08-06 07:00:00,0.2,0,24.0,21.4,22.7,17.9,0,0
2016-08-06 07:15:00,0.1,0,24.0,21.4,22.7,18.0,0,0
2016-08-06 07:30:00,0.1,0,24.0,21.4,22.7,18.2,0,0
2016-08-06 07:45:00,9.9,1,23.9,21.4,22.65,16.8,0,0
2016-08-06 08:00:00,17.5,1,23.6,21.2,22.4,16.8,0,0
2016-08-06 08:15:00,16.8,1,23.5,21.1,22.3,17.7,0,0
2016-08-06 08:30:00,16.8,1,23.8,21.3,22.55,18.1,0,0
2016-08-06 08:45:00,17.4,1,24.0,21.5,22.75,18.8,0,0
2016-08-06 09:00:00,0.2,1,24.2,21.7,22.95,19.3,0,0
2016-08-06 09:15:00,0.0,1,24.5,22.0,23.25,19.8,0,0
2016-08-06 09:30:00,0.0,1,24.7,22.1,23.4,20.3,0,0
2016-08-06 09:45:00,0.0,1,24.8,22.2,23.5,20.9,0,0
2016-08-06 10:00:00,0.0,1,24.9,22.2,23.55,21.4,0,0
2016-08-06 10:15:00,0.1,1,24.9,22.3,23.6,22.1,0,0
2016-08-06 10:30:00,0.1,1,25.0,22.3,23.65,22.5,0,0
2016-08-06 10:45:00,18.7,1,25.0,22.4,23.7,22.7,0,0
2016-08-06 11:00:00,30.2,1,25.2,22.7,23.95,18.0,0,0
2016-08-06 11:15:00,30.3,1,24.9,22.5,23.7,17.5,0,0
2016-08-06 11:30:00,6.9,1,24.9,22.4,23.65,21.3,0,0
2016-08-06 11:45:00,30.2,1,25.1,22.5,23.8,17.8,0,0
2016-08-06 12:00:00,30.6,1,24.9,22.5,23.7,17.7,0,0
2016-08-06 12:15:00,6.7,1,24.8,22.4,23.6,21.3,0,0
2016-08-06 12:30:00,30.4,1,25.1,22.5,23.8,18.1,0,0
2016-08-06 12:45:00,30.6,1,25.0,22.5,23.75,17.9,0,0
2016-08-06 13:00:00,6.8,1,24.9,22.3,23.6,21.1,0,0
2016-08-06 13:15:00,30.9,1,25.1,22.6,23.85,18.5,0,0
2016-08-06 13:30:00,30.6,1,25.0,22.5,23.75,18.1,0,0
2016-08-06 13:45:00,30.8,1,24.9,22.4,23.65,18.1,0,0
2016-08-06 14:00:00,30.9,1,24.9,22.4,23.65,18.1,0,0
2016-08-06 14:15:00,7.1,1,24.9,22.4,23.65,21.7,0,0
2016-08-06 14:30:00,30.7,1,25.2,22.5,23.85,18.4,0,0
2016-08-06 14:45:00,30.7,1,25.1,22.3,23.7,18.2,0,0
2016-08-06 15:00:00,31.1,1,25.0,22.3,23.65,18.3,0,0
2016-08-06 15:15:00,6.5,1,25.0,22.4,23.7,21.8,0,0
2016-08-06 15:30:00,30.9,1,25.1,22.4,23.75,18.4,0,0
2016-08-06 15:45:00,30.8,1,25.0,22.3,23.65,18.4,0,0
2016-08-06 16:00:00,31.0,1,25.0,22.3,23.65,18.3,0,0
2016-08-06 16:15:00,30.9,1,24.9,22.3,23.6,20.5,0,0
2016-08-06 16:30:00,30.7,1,25.1,22.5,23.8,18.8,0,0
2016-08-06 16:45:00,30.8,1,25.1,22.4,23.75,18.2,0,0
2016-08-06 17:00:00,0.0,1,25.2,22.6,23.9,19.9,0,1
2016-08-06 17:15:00,0.0,1,25.3,22.8,24.05,21.4,0,1
2016-08-06 17:30:00,0.0,1,25.4,22.9,24.15,22.5,0,1
2016-08-06 17:45:00,0.1,1,25.5,23.1,24.3,23.1,0,1
2016-08-06 18:00:00,0.0,1,25.6,23.2,24.4,23.8,0,1
2016-08-06 18:15:00,0.0,1,25.7,23.3,24.5,24.4,0,1
2016-08-06 18:30:00,0.0,1,25.7,23.3,24.5,24.8,0,1
2016-08-06 18:45:00,0.0,1,25.7,23.2,24.45,25.0,0,1
2016-08-06 19:00:00,0.0,1,25.7,23.3,24.5,25.0,0,1
2016-08-06 19:15:00,21.4,1,25.8,23.3,24.55,20.2,0,0
2016-08-06 19:30:00,30.0,1,25.5,23.0,24.25,17.4,0,0
2016-08-06 19:45:00,30.4,1,25.1,22.6,23.85,17.7,0,0
2016-08-06 20:00:00,30.4,1,24.9,22.4,23.65,17.5,0,0
2016-08-06 20:15:00,7.0,1,24.9,22.4,23.65,20.9,0,0
2016-08-06 20:30:00,30.5,1,25.1,22.6,23.85,17.4,0,0
2016-08-06 20:45:00,30.1,1,24.9,22.5,23.7,17.2,0,0
2016-08-06 21:00:00,6.4,1,24.8,22.4,23.6,20.7,0,0
2016-08-06 21:15:00,30.1,1,25.0,22.6,23.8,17.3,0,0
2016-08-06 21:30:00,29.8,1,24.8,22.4,23.6,18.9,0,0
2016-08-06 21:45:00,0.1,0,24.9,22.6,23.75,19.3,0,0
2016-08-06 22:00:00,0.0,0,25.1,22.7,23.9,19.5,0,0
2016-08-06 22:15:00,0.0,0,25.1,22.5,23.8,19.6,0,0
2016-08-06 22:30:00,0.1,0,25.0,22.5,23.75,19.7,0,0
2016-08-06 22:45:00,0.0,0,24.9,22.5,23.7,19.7,0,0
2016-08-06 23:00:00,0.1,0,24.8,22.5,23.65,19.7,0,0
2016-08-06 23:15:00,0.0,0,24.8,22.4,23.6,19.7,0,0
2016-08-06 23:30:00,0.2,0,24.7,22.3,23.5,19.7,0,0
2016-08-06 23:45:00,0.1,0,24.7,22.2,23.45,19.6,0,0
2016-08-07 00:00:00,0.1,0,24.7,22.2,23.45,19.6,0,0
2016-08-07 00:15:00,0.2,0,24.6,22.1,23.35,19.6,0,0
2016-08-07 00:30:00,0.1,0,24.6,22.1,23.35,19.5,0,0
2016-08-07 00:45:00,0.1,0,24.5,22.1,23.3,19.5,0,0
2016-08-07 01:00:00,0.2,0,24.5,22.0,23.25,19.4,0,0
2016-08-07 01:15:00,0.2,0,24.5,22.0,23.25,19.4,0,0
2016-08-07 01:30:00,0.1,0,24.4,22.0,23.2,19.4,0,0
2016-08-07 01:45:00,0.2,0,24.4,21.9,23.15,19.4,0,0
2016-08-07 02:00:00,0.1,0,24.4,22.0,23.2,19.3,0,0
2016-08-07 02:15:00,0.2,0,24.3,21.9,23.1,19.3,0,0
2016-08-07 02:30:00,0.2,0,24.3,21.9,23.1,19.2,0,0
2016-08-07 02:45:00,0.2,0,24.3,21.9,23.1,19.2,0,0
2016-08-07 03:00:00,0.1,0,24.3,21.8,23.05,19.2,0,0
2016-08-07 03:15:00,0.2,0,24.3,21.8,23.05,19.2,0,0
2016-08-07 03:30:00,0.2,0,24.2,21.8,23.0,19.2,0,0
2016-08-07 03:45:00,0.1,0,24.2,21.8,23.0,19.2,0,0
2016-08-07 04:00:00,0.1,0,24.2,21.8,23.0,19.2,0,0
2016-08-07 04:15:00,0.1,0,24.2,21.8,23.0,19.2,0,0
2016-08-07 04:30:00,0.1,0,24.2,21.8,23.0,19.3,0,0
2016-08-07 04:45:00,0.2,0,24.2,21.8,23.0,19.3,0,0
2016-08-07 05:00:00,0.2,0,24.2,21.8,23.0,19.3,0,0
2016-08-07 05:15:00,0.1,0,24.2,21.7,22.95,19.4,0,0
2016-08-07 05:30:00,0.2,0,24.2,21.7,22.95,19.4,0,0
2016-08-07 05:45:00,0.2,0,24.2,21.7,22.95,19.4,0,0
2016-08-07 06:00:00,0.2,0,24.2,21.7,22.95,19.4,0,0
2016-08-07 06:15:00,0.1,0,24.2,21.7,22.95,19.4,0,0
2016-08-07 06:30:00,0.2,0,24.2,21.7,22.95,19.4,0,0
2016-08-07 06:45:00,0.2,0,24.2,21.8,23.0,19.4,0,0
2016-08-07 07:00:00,0.1,0,24.2,21.8,23.0,19.5,0,0
2016-08-07 07:15:00,0.2,0,24.2,21.8,23.0,19.5,0,0
2016-08-07 07:30:00,0.0,0,24.2,21.8,23.0,19.5,0,0
2016-08-07 07:45:00,0.0,0,24.2,21.8,23.0,19.6,0,0
2016-08-07 08:00:00,0.0,0,24.2,21.8,23.0,19.6,0,0
2016-08-07 08:15:00,0.0,0,24.1,21.8,22.95,19.7,0,0
2016-08-07 08:30:00,0.0,0,24.1,21.7,22.9,19.8,0,0
2016-08-07 08:45:00,0.1,0,24.1,21.7,22.9,20.0,0,0
2016-08-07 09:00:00,0.0,0,24.1,21.6,22.85,20.3,0,0
2016-08-07 09:15:00,0.0,0,24.1,21.6,22.85,20.5,0,0
2016-08-07 09:30:00,0.0,0,24.1,21.7,22.9,20.7,0,0
2016-08-07 09:45:00,0.0,0,24.3,22.0,23.15,20.8,0,0
2016-08-07 10:00:00,0.0,0,24.6,22.3,23.45,20.8,0,0
2016-08-07 10:15:00,0.0,0,24.8,22.6,23.7,21.0,0,0
2016-08-07 10:30:00,0.0,0,25.0,22.7,23.85,21.1,0,0
2016-08-07 10:45:00,0.1,0,25.0,22.7,23.85,21.3,0,0
2016-08-07 11:00:00,0.1,0,25.2,22.8,24.0,21.8,0,0
2016-08-07 11:15:00,0.0,0,25.3,22.9,24.1,22.4,0,0
2016-08-07 11:30:00,0.0,0,25.4,23.0,24.2,23.0,0,0
2016-08-07 11:45:00,0.0,0,25.5,23.1,24.3,23.5,0,0
2016-08-07 12:00:00,0.0,0,25.6,23.1,24.35,23.9,0,0
2016-08-07 12:15:00,0.1,0,25.6,23.2,24.4,24.3,0,0
2016-08-07 12:30:00,0.0,0,25.6,23.2,24.4,24.9,0,0
2016-08-07 12:45:00,0.0,0,25.7,23.3,24.5,25.6,0,0
2016-08-07 13:00:00,0.1,0,25.7,23.2,24.45,26.1,0,0
2016-08-07 13:15:00,0.0,0,25.8,23.3,24.55,26.5,0,0
2016-08-07 13:30:00,0.0,0,25.8,23.3,24.55,26.6,0,0
2016-08-07 13:45:00,0.1,0,25.8,23.3,24.55,26.8,0,0
2016-08-07 14:00:00,0.1,0,25.9,23.3,24.6,27.0,0,0
2016-08-07 14:15:00,0.1,0,25.9,23.3,24.6,27.5,0,0
2016-08-07 14:30:00,0.0,0,25.9,23.3,24.6,28.0,0,0
2016-08-07 14:45:00,0.0,0,25.9,23.3,24.6,28.6,0,0
2016-08-07 15:00:00,0.0,0,25.9,23.4,24.65,29.0,0,0
2016-08-07 15:15:00,0.0,1,26.0,23.5,24.75,29.4,0,0
2016-08-07 15:30:00,0.0,1,26.0,23.4,24.7,29.9,0,0
2016-08-07 15:45:00,0.0,0,25.9,23.3,24.6,30.3,0,0
2016-08-07 16:00:00,0.0,0,25.9,23.3,24.6,30.4,0,0
2016-08-07 16:15:00,0.0,0,25.8,23.0,24.4,30.6,0,0
2016-08-07 16:30:00,0.1,0,25.5,22.9,24.2,30.8,0,0
2016-08-07 16:45:00,0.0,0,25.4,22.8,24.1,31.0,0,0
2016-08-07 17:00:00,0.0,0,25.3,22.8,24.05,31.0,0,0
2016-08-07 17:15:00,0.0,0,25.2,22.7,23.95,30.9,0,0
2016-08-07 17:30:00,0.1,0,25.1,22.7,23.9,30.8,0,0
2016-08-07 17:45:00,0.0,0,25.1,22.6,23.85,30.7,0,0
2016-08-07 18:00:00,0.1,0,25.0,22.6,23.8,30.6,0,0
2016-08-07 18:15:00,0.0,0,25.0,22.5,23.75,30.3,0,0
2016-08-07 18:30:00,0.0,0,24.9,22.5,23.7,30.0,0,0
2016-08-07 18:45:00,0.0,0,24.9,22.4,23.65,29.6,0,0
2016-08-07 19:00:00,0.0,0,24.8,22.4,23.6,29.3,0,0
2016-08-07 19:15:00,0.0,0,24.8,22.3,23.55,28.8,0,0
2016-08-07 19:30:00,0.0,0,24.7,22.3,23.5,28.3,0,0
2016-08-07 19:45:00,0.1,0,24.7,22.2,23.45,27.8,0,0
2016-08-07 20:00:00,0.1,0,24.7,22.2,23.45,27.5,0,0
2016-08-07 20:15:00,0.0,0,24.7,22.1,23.4,26.9,0,0
2016-08-07 20:30:00,0.0,0,24.6,22.1,23.35,26.4,0,0
2016-08-07 20:45:00,0.0,0,24.6,22.1,23.35,25.8,0,0
2016-08-07 21:00:00,0.1,0,24.6,22.1,23.35,25.3,0,0
2016-08-07 21:15:00,0.0,0,24.5,22.0,23.25,24.7,0,0
2016-08-07 21:30:00,0.0,0,24.5,22.0,23.25,24.1,0,0
2016-08-07 21:45:00,0.1,0,24.5,22.0,23.25,23.6,0,0
2016-08-07 22:00:00,0.0,0,24.4,21.9,23.15,23.2,0,0
2016-08-07 22:15:00,0.0,0,24.4,21.9,23.15,22.7,0,0
2016-08-07 22:30:00,0.0,0,24.4,21.9,23.15,22.2,0,0
2016-08-07 22:45:00,0.0,0,24.4,21.8,23.1,21.8,0,0
2016-08-07 23:00:00,0.1,0,24.4,21.9,23.15,21.4,0,0
2016-08-07 23:15:00,0.2,0,24.3,22.0,23.15,21.0,0,0
2016-08-07 23:30:00,0.1,0,24.3,21.9,23.1,20.7,0,0
2016-08-07 23:45:00,0.1,0,24.3,21.8,23.05,20.5,0,0
2016-08-08 00:00:00,0.1,0,24.3,21.8,23.05,20.3,0,0
2016-08-08 00:15:00,0.1,0,24.3,21.8,23.05,20.1,0,0
2016-08-08 00:30:00,0.1,0,24.2,21.8,23.0,19.8,0,0
2016-08-08 00:45:00,0.2,0,24.2,21.7,22.95,19.6,0,0
2016-08-08 01:00:00,0.2,0,24.2,21.7,22.95,19.5,0,0
2016-08-08 01:15:00,0.1,0,24.2,21.7,22.95,19.4,0,0
2016-08-08 01:30:00,0.2,0,24.2,21.7,22.95,19.3,0,0
2016-08-08 01:45:00,0.2,0,24.2,21.7,22.95,19.3,0,0
2016-08-08 02:00:00,0.1,0,24.1,21.7,22.9,19.2,0,0
2016-08-08 02:15:00,0.2,0,24.2,21.7,22.95,19.2,0,0
2016-08-08 02:30:00,0.2,0,24.1,21.6,22.85,19.1,0,0
2016-08-08 02:45:00,0.2,0,24.1,21.6,22.85,19.1,0,0
2016-08-08 03:00:00,0.2,0,24.1,21.6,22.85,19.0,0,0
2016-08-08 03:15:00,0.2,0,24.1,21.6,22.85,19.0,0,0
2016-08-08 03:30:00,0.1,0,24.1,21.6,22.85,18.9,0,0
2016-08-08 03:45:00,0.1,0,24.1,21.6,22.85,18.9,0,0
2016-08-08 04:00:00,0.2,0,24.1,21.6,22.85,18.8,0,0
2016-08-08 04:15:00,0.1,0,24.1,21.6,22.85,18.8,0,0
2016-08-08 04:30:00,0.1,0,24.1,21.5,22.8,18.7,0,0
2016-08-08 04:45:00,0.1,0,24.1,21.6,22.85,18.6,0,0
2016-08-08 05:00:00,0.2,0,24.1,21.6,22.85,18.6,0,0
2016-08-08 05:15:00,0.2,0,24.0,21.6,22.8,18.5,0,0
2016-08-08 05:30:00,0.1,0,24.0,21.6,22.8,18.5,0,0
2016-08-08 05:45:00,0.2,0,24.0,21.5,22.75,18.4,0,0
2016-08-08 06:00:00,0.1,0,24.0,21.5,22.75,18.4,0,0
2016-08-08 06:15:00,0.1,0,24.0,21.5,22.75,18.4,0,0
2016-08-08 06:30:00,0.1,0,24.0,21.5,22.75,18.3,0,0
2016-08-08 06:45:00,0.1,0,24.0,21.5,22.75,18.3,0,0
2016-08-08 07:00:00,0.1,0,24.0,21.5,22.75,18.3,0,0
2016-08-08 07:15:00,0.2,0,24.0,21.4,22.7,18.4,0,0
2016-08-08 07:30:00,0.2,0,23.9,21.4,22.65,18.5,0,0
2016-08-08 07:45:00,6.9,1,23.9,21.4,22.65,16.9,0,0
2016-08-08 08:00:00,17.1,1,23.5,21.2,22.35,17.1,0,0
2016-08-08 08:15:00,17.0,1,23.5,21.2,22.35,17.1,0,0
2016-08-08 08:30:00,17.0,1,23.5,21.3,22.4,17.4,0,0
2016-08-08 08:45:00,16.6,1,23.6,21.4,22.5,17.5,0,0
2016-08-08 09:00:00,16.7,1,23.7,21.4,22.55,17.9,0,0
2016-08-08 09:15:00,16.6,1,23.8,21.6,22.7,18.3,0,0
2016-08-08 09:30:00,17.1,1,24.0,21.7,22.85,18.7,0,0
2016-08-08 09:45:00,16.6,1,24.1,21.8,22.95,18.6,0,0
2016-08-08 10:00:00,17.7,1,24.2,21.9,23.05,19.3,0,0
2016-08-08 10:15:00,0.0,1,24.3,22.1,23.2,20.1,0,0
2016-08-08 10:30:00,0.1,1,24.5,22.4,23.45,20.8,0,0
2016-08-08 10:45:00,0.0,1,24.7,22.5,23.6,21.3,0,0
2016-08-08 11:00:00,16.7,1,24.9,22.6,23.75,21.7,0,0
2016-08-08 11:15:00,29.7,1,25.0,22.6,23.8,17.2,0,0
2016-08-08 11:30:00,6.5,1,24.7,22.4,23.55,20.5,0,0
2016-08-08 11:45:00,7.1,1,24.9,22.5,23.7,20.8,0,0
2016-08-08 12:00:00,30.1,1,24.9,22.5,23.7,17.1,0,0
2016-08-08 12:15:00,6.5,1,24.7,22.4,23.55,20.6,0,0
2016-08-08 12:30:00,29.9,1,25.0,22.5,23.75,17.6,0,0
2016-08-08 12:45:00,30.2,1,24.9,22.4,23.65,17.3,0,0
2016-08-08 13:00:00,6.5,1,24.9,22.4,23.65,21.0,0,0
2016-08-08 13:15:00,30.2,1,25.0,22.5,23.75,17.3,0,0
2016-08-08 13:30:00,6.2,1,24.8,22.4,23.6,19.7,0,0
2016-08-08 13:45:00,6.4,1,24.8,22.4,23.6,21.2,0,0
2016-08-08 14:00:00,29.9,1,25.0,22.5,23.75,17.5,0,0
2016-08-08 14:15:00,30.3,1,24.8,22.4,23.6,17.7,0,0
2016-08-08 14:30:00,6.4,1,24.9,22.5,23.7,21.2,0,0
2016-08-08 14:45:00,30.2,1,25.0,22.6,23.8,17.5,0,0
2016-08-08 15:00:00,30.3,1,24.9,22.5,23.7,17.5,0,0
2016-08-08 15:15:00,30.4,1,24.8,22.4,23.6,17.5,0,0
2016-08-08 15:30:00,6.8,1,24.9,22.5,23.7,21.4,0,0
2016-08-08 15:45:00,30.1,1,25.1,22.6,23.85,17.7,0,0
2016-08-08 16:00:00,30.5,1,24.9,22.5,23.7,17.5,0,0
2016-08-08 16:15:00,6.7,1,24.8,22.4,23.6,21.1,0,0
2016-08-08 16:30:00,30.2,1,25.1,22.6,23.85,17.5,0,0
2016-08-08 16:45:00,30.0,1,24.8,22.5,23.65,17.2,0,0
2016-08-08 17:00:00,0.1,1,24.9,22.6,23.75,18.1,0,1
2016-08-08 17:15:00,0.0,1,25.1,22.7,23.9,19.1,0,1
2016-08-08 17:30:00,0.0,1,25.2,22.9,24.05,19.6,0,1
2016-08-08 17:45:00,0.0,1,25.3,22.9,24.1,20.2,0,1
2016-08-08 18:00:00,0.0,1,25.3,23.0,24.15,20.6,0,1
2016-08-08 18:15:00,0.0,1,25.3,23.0,24.15,20.8,0,1
2016-08-08 18:30:00,0.0,1,25.4,23.0,24.2,20.8,0,1
2016-08-08 18:45:00,0.0,1,25.4,23.0,24.2,20.9,0,1
2016-08-08 19:00:00,0.0,1,25.4,23.0,24.2,20.9,0,1
2016-08-08 19:15:00,16.7,1,25.5,23.0,24.25,21.5,0,0
2016-08-08 19:30:00,29.6,1,25.3,23.0,24.15,17.0,0,0
2016-08-08 19:45:00,30.1,1,24.8,22.7,23.75,16.8,0,0
2016-08-08 20:00:00,7.1,1,24.7,22.6,23.65,20.0,0,0
2016-08-08 20:15:00,6.5,1,24.9,22.6,23.75,19.9,0,0
2016-08-08 20:30:00,29.7,1,24.9,22.6,23.75,16.6,0,0
2016-08-08 20:45:00,7.0,1,24.7,22.5,23.6,20.3,0,0
2016-08-08 21:00:00,16.5,1,24.9,22.6,23.75,18.9,0,0
2016-08-08 21:15:00,17.2,1,24.8,22.6,23.7,18.5,0,0
2016-08-08 21:30:00,17.0,1,24.7,22.6,23.65,18.6,0,0
2016-08-08 21:45:00,0.0,0,24.9,22.8,23.85,18.7,0,0
2016-08-08 22:00:00,0.2,0,25.1,22.8,23.95,18.8,0,0
2016-08-08 22:15:00,0.1,0,25.0,22.6,23.8,18.9,0,0
2016-08-08 22:30:00,0.2,0,25.0,22.5,23.75,19.0,0,0
2016-08-08 22:45:00,0.2,0,24.8,22.4,23.6,19.0,0,0
2016-08-08 23:00:00,0.2,0,24.7,22.3,23.5,19.1,0,0
2016-08-08 23:15:00,0.1,0,24.7,22.3,23.5,19.0,0,0
2016-08-08 23:30:00,0.2,0,24.7,22.2,23.45,19.0,0,0
2016-08-08 23:45:00,0.1,0,24.6,22.2,23.4,18.9,0,0
2016-08-09 00:00:00,0.1,0,24.6,22.1,23.35,18.9,0,0
2016-08-09 00:15:00,0.1,0,24.6,22.1,23.35,18.8,0,0
2016-08-09 00:30:00,0.1,0,24.5,22.0,23.25,18.7,0,0
2016-08-09 00:45:00,0.1,0,24.5,22.0,23.25,18.6,0,0
2016-08-09 01:00:00,0.1,0,24.5,22.0,23.25,18.6,0,0
2016-08-09 01:15:00,0.1,0,24.4,21.9,23.15,18.5,0,0
2016-08-09 01:30:00,0.2,0,24.5,21.9,23.2,18.5,0,0
2016-08-09 01:45:00,0.1,0,24.4,21.9,23.15,18.4,0,0
2016-08-09 02:00:00,0.2,0,24.4,21.8,23.1,18.4,0,0
2016-08-09 02:15:00,0.2,0,24.4,21.8,23.1,18.3,0,0
2016-08-09 02:30:00,0.2,0,24.3,21.8,23.05,18.2,0,0
2016-08-09 02:45:00,0.1,0,24.3,21.7,23.0,18.2,0,0
2016-08-09 03:00:00,0.1,0,24.2,21.7,22.95,18.1,0,0
2016-08-09 03:15:00,0.0,0,24.2,21.7,22.95,18.0,0,0
2016-08-09 03:30:00,0.2,0,24.2,21.7,22.95,17.9,0,0
2016-08-09 03:45:00,0.2,0,24.2,21.6,22.9,17.9,0,0
2016-08-09 04:00:00,0.2,0,24.1,21.6,22.85,17.8,0,0
2016-08-09 04:15:00,0.0,0,24.1,21.6,22.85,17.8,0,0
2016-08-09 04:30:00,0.1,0,24.1,21.5,22.8,17.7,0,0
2016-08-09 04:45:00,0.1,0,24.0,21.5,22.75,17.6,0,0
2016-08-09 05:00:00,0.0,0,24.0,21.5,22.75,17.6,0,0
2016-08-09 05:15:00,0.0,0,24.0,21.5,22.75,17.5,0,0
2016-08-09 05:30:00,0.0,0,23.9,21.4,22.65,17.4,0,0
2016-08-09 05:45:00,0.0,0,23.9,21.4,22.65,17.4,0,0
2016-08-09 06:00:00,0.0,0,23.9,21.3,22.6,17.4,0,0
2016-08-09 06:15:00,0.2,0,23.8,21.3,22.55,17.3,0,0
2016-08-09 06:30:00,0.2,0,23.8,21.3,22.55,17.2,0,0
2016-08-09 06:45:00,0.2,0,23.7,21.2,22.45,17.2,0,0
2016-08-09 07:00:00,0.2,0,23.7,21.2,22.45,17.2,0,0
2016-08-09 07:15:00,0.0,0,23.7,21.2,22.45,17.3,0,0
2016-08-09 07:30:00,0.2,0,23.7,21.2,22.45,17.4,0,0
2016-08-09 07:45:00,13.6,1,23.6,21.2,22.4,14.1,0,0
2016-08-09 08:00:00,12.5,1,23.1,20.8,21.95,14.3,0,0
2016-08-09 08:15:00,9.7,1,22.8,20.8,21.8,14.4,0,0
2016-08-09 08:30:00,11.7,1,22.9,20.9,21.9,15.3,0,0
2016-08-09 08:45:00,7.5,1,23.3,21.2,22.25,15.7,0,0
2016-08-09 09:00:00,16.8,1,23.2,21.2,22.2,15.9,0,0
2016-08-09 09:15:00,17.5,1,23.2,21.2,22.2,16.6,0,0
2016-08-09 09:30:00,17.4,1,23.3,21.3,22.3,16.6,0,0
2016-08-09 09:45:00,17.2,1,23.4,21.3,22.35,17.1,0,0
2016-08-09 10:00:00,16.9,1,23.5,21.4,22.45,17.2,0,0
2016-08-09 10:15:00,16.7,1,23.5,21.5,22.5,18.1,0,0
2016-08-09 10:30:00,17.3,1,23.8,21.7,22.75,17.8,0,0
2016-08-09 10:45:00,17.4,1,23.9,21.8,22.85,18.4,0,0
2016-08-09 11:00:00,16.7,1,24.0,21.9,22.95,18.9,0,0
2016-08-09 11:15:00,16.9,1,24.2,22.0,23.1,19.1,0,0
2016-08-09 11:30:00,17.4,1,24.3,22.2,23.25,19.5,0,0
2016-08-09 11:45:00,0.1,1,24.5,22.4,23.45,20.7,0,0
2016-08-09 12:00:00,0.0,1,24.7,22.6,23.65,21.5,0,0
2016-08-09 12:15:00,0.0,1,24.8,22.7,23.75,22.4,0,0
2016-08-09 12:30:00,16.4,1,24.9,22.6,23.75,21.2,0,0
2016-08-09 12:45:00,30.2,1,24.8,22.6,23.7,16.9,0,0
2016-08-09 13:00:00,7.1,1,24.7,22.5,23.6,20.5,0,0
2016-08-09 13:15:00,7.2,1,24.9,22.6,23.75,20.6,0,0
2016-08-09 13:30:00,30.2,1,24.8,22.6,23.7,16.8,0,0
2016-08-09 13:45:00,7.3,1,24.7,22.5,23.6,20.4,0,0
2016-08-09 14:00:00,6.7,1,24.9,22.5,23.7,20.8,0,0
2016-08-09 14:15:00,30.3,1,24.9,22.6,23.75,17.1,0,0
2016-08-09 14:30:00,7.0,1,24.7,22.5,23.6,20.9,0,0
2016-08-09 14:45:00,30.1,1,25.0,22.6,23.8,17.1,0,0
2016-08-09 15:00:00,6.5,1,24.7,22.5,23.6,20.1,0,0
2016-08-09 15:15:00,6.6,1,24.9,22.6,23.75,20.8,0,0
2016-08-09 15:30:00,30.1,1,24.9,22.5,23.7,16.9,0,0
2016-08-09 15:45:00,6.7,1,24.8,22.4,23.6,20.4,0,0
2016-08-09 16:00:00,30.2,1,25.0,22.5,23.75,17.4,0,0
2016-08-09 16:15:00,30.0,1,24.8,22.5,23.65,16.8,0,0
2016-08-09 16:30:00,6.5,1,24.8,22.5,23.65,20.6,0,0
2016-08-09 16:45:00,30.0,1,24.9,22.6,23.75,16.8,0,0
2016-08-09 17:00:00,0.0,1,24.9,22.6,23.75,18.0,0,1
2016-08-09 17:15:00,0.0,1,25.0,22.7,23.85,18.8,0,1
2016-08-09 17:30:00,0.0,1,25.1,22.8,23.95,19.6,0,1
2016-08-09 17:45:00,0.0,1,25.1,22.9,24.0,20.0,0,1
2016-08-09 18:00:00,0.0,1,25.2,22.9,24.05,20.3,0,1
2016-08-09 18:15:00,0.0,1,25.3,23.0,24.15,20.5,0,1
2016-08-09 18:30:00,0.0,1,25.2,23.0,24.1,20.7,0,1
2016-08-09 18:45:00,0.0,1,25.2,23.1,24.15,20.7,0,1
2016-08-09 19:00:00,0.1,1,25.3,23.0,24.15,20.7,0,1
2016-08-09 19:15:00,17.1,1,25.3,23.0,24.15,19.5,0,0
2016-08-09 19:30:00,16.5,1,25.0,22.9,23.95,19.3,0,0
2016-08-09 19:45:00,16.5,1,24.9,22.7,23.8,19.1,0,0
2016-08-09 20:00:00,17.4,1,24.8,22.7,23.75,18.7,0,0
2016-08-09 20:15:00,17.4,1,24.7,22.6,23.65,18.3,0,0
2016-08-09 20:30:00,17.5,1,24.6,22.6,23.6,18.1,0,0
2016-08-09 20:45:00,17.9,1,24.5,22.5,23.5,18.0,0,0
2016-08-09 21:00:00,16.9,1,24.4,22.5,23.45,17.9,0,0
2016-08-09 21:15:00,16.8,1,24.4,22.4,23.4,17.6,0,0
2016-08-09 21:30:00,17.6,1,24.3,22.4,23.35,17.5,0,0
2016-08-09 21:45:00,0.2,0,24.5,22.5,23.5,17.6,0,0
2016-08-09 22:00:00,0.2,0,24.7,22.7,23.7,17.8,0,0
2016-08-09 22:15:00,0.2,0,24.8,22.5,23.65,18.0,0,0
2016-08-09 22:30:00,0.2,0,24.7,22.3,23.5,18.2,0,0
2016-08-09 22:45:00,0.0,0,24.6,22.2,23.4,18.3,0,0
2016-08-09 23:00:00,0.1,0,24.5,22.1,23.3,18.3,0,0
2016-08-09 23:15:00,0.2,0,24.4,22.0,23.2,18.3,0,0
2016-08-09 23:30:00,0.1,0,24.4,22.0,23.2,18.3,0,0
2016-08-09 23:45:00,0.1,0,24.3,21.9,23.1,18.3,0,0
2016-08-10 00:00:00,0.1,0,24.3,21.8,23.05,18.3,0,0
2016-08-10 00:15:00,0.2,0,24.2,21.8,23.0,18.2,0,0
2016-08-10 00:30:00,0.1,0,24.2,21.7,22.95,18.2,0,0
2016-08-10 00:45:00,0.1,0,24.2,21.7,22.95,18.1,0,0
2016-08-10 01:00:00,0.1,0,24.1,21.6,22.85,18.1,0,0
2016-08-10 01:15:00,0.2,0,24.1,21.6,22.85,18.0,0,0
2016-08-10 01:30:00,0.2,0,24.0,21.5,22.75,17.9,0,0
2016-08-10 01:45:00,0.0,0,24.0,21.5,22.75,17.9,0,0
2016-08-10 02:00:00,0.2,0,24.0,21.5,22.75,17.8,0,0
2016-08-10 02:15:00,0.1,0,24.0,21.5,22.75,17.8,0,0
2016-08-10 02:30:00,0.1,0,23.9,21.5,22.7,17.7,0,0
2016-08-10 02:45:00,0.2,0,23.9,21.5,22.7,17.6,0,0
2016-08-10 03:00:00,0.2,0,23.9,21.4,22.65,17.6,0,0
2016-08-10 03:15:00,0.1,0,23.9,21.4,22.65,17.5,0,0
2016-08-10 03:30:00,0.0,0,23.8,21.4,22.6,17.5,0,0
2016-08-10 03:45:00,0.1,0,23.8,21.3,22.55,17.5,0,0
2016-08-10 04:00:00,0.0,0,23.7,21.3,22.5,17.5,0,0
2016-08-10 04:15:00,0.1,0,23.7,21.3,22.5,17.4,0,0
2016-08-10 04:30:00,0.0,0,23.7,21.3,22.5,17.4,0,0
2016-08-10 04:45:00,0.2,0,23.7,21.2,22.45,17.4,0,0
2016-08-10 05:00:00,0.2,0,23.7,21.2,22.45,17.4,0,0
2016-08-10 05:15:00,0.1,0,23.7,21.2,22.45,17.4,0,0
2016-08-10 05:30:00,0.2,0,23.7,21.2,22.45,17.4,0,0
2016-08-10 05:45:00,0.1,0,23.7,21.2,22.45,17.4,0,0
2016-08-10 06:00:00,0.0,0,23.7,21.2,22.45,17.4,0,0
2016-08-10 06:15:00,0.1,0,23.6,21.2,22.4,17.4,0,0
2016-08-10 06:30:00,0.0,0,23.6,21.2,22.4,17.4,0,0
2016-08-10 06:45:00,0.1,0,23.6,21.2,22.4,17.4,0,0
2016-08-10 07:00:00,0.0,0,23.5,21.1,22.3,17.5,0,0
2016-08-10 07:15:00,0.0,0,23.5,21.1,22.3,17.5,0,0
2016-08-10 07:30:00,0.0,0,23.5,21.1,22.3,17.5,0,0
2016-08-10 07:45:00,11.1,1,23.5,21.0,22.25,14.1,0,0
2016-08-10 08:00:00,10.0,1,22.9,20.7,21.8,14.2,0,0
2016-08-10 08:15:00,9.6,1,22.8,20.8,21.8,14.3,0,0
2016-08-10 08:30:00,11.8,1,22.8,20.9,21.85,14.5,0,0
2016-08-10 08:45:00,0.0,1,23.2,21.2,22.2,14.8,0,0
2016-08-10 09:00:00,17.2,1,23.3,21.3,22.3,15.3,0,0
2016-08-10 09:15:00,17.1,1,23.2,21.2,22.2,15.3,0,0
2016-08-10 09:30:00,17.4,1,23.2,21.2,22.2,15.9,0,0
2016-08-10 09:45:00,16.7,1,23.2,21.2,22.2,16.2,0,0
2016-08-10 10:00:00,17.6,1,23.4,21.3,22.35,16.1,0,0
2016-08-10 10:15:00,16.9,1,23.4,21.4,22.4,16.4,0,0
2016-08-10 10:30:00,17.4,1,23.5,21.5,22.5,17.0,0,0
2016-08-10 10:45:00,17.5,1,23.6,21.6,22.6,17.2,0,0
2016-08-10 11:00:00,17.5,1,23.7,21.7,22.7,17.2,0,0
2016-08-10 11:15:00,17.5,1,23.8,21.7,22.75,17.3,0,0
2016-08-10 11:30:00,17.3,1,23.9,21.8,22.85,17.5,0,0
2016-08-10 11:45:00,17.4,1,23.9,21.9,22.9,18.5,0,0
2016-08-10 12:00:00,17.5,1,24.1,22.0,23.05,18.9,0,0
2016-08-10 12:15:00,0.0,1,24.3,22.3,23.3,20.0,0,0
2016-08-10 12:30:00,0.0,1,24.6,22.5,23.55,20.9,0,0
2016-08-10 12:45:00,0.0,1,24.6,22.7,23.65,21.2,0,0
2016-08-10 13:00:00,0.0,1,24.7,22.7,23.7,21.5,0,0
2016-08-10 13:15:00,0.0,1,24.7,22.7,23.7,21.8,0,0
2016-08-10 13:30:00,30.1,1,24.9,22.7,23.8,17.4,0,0
2016-08-10 13:45:00,6.5,1,24.5,22.5,23.5,19.7,0,0
2016-08-10 14:00:00,6.9,1,24.7,22.5,23.6,20.2,0,0
2016-08-10 14:15:00,6.4,1,24.7,22.6,23.65,20.2,0,0
2016-08-10 14:30:00,25.2,1,24.8,22.6,23.7,19.2,0,0
2016-08-10 14:45:00,7.2,1,24.7,22.6,23.65,19.0,0,0
2016-08-10 15:00:00,7.0,1,24.6,22.5,23.55,20.3,0,0
2016-08-10 15:15:00,7.2,1,24.8,22.6,23.7,20.4,0,0
2016-08-10 15:30:00,30.1,1,24.9,22.6,23.75,16.6,0,0
2016-08-10 15:45:00,6.6,1,24.6,22.4,23.5,20.2,0,0
2016-08-10 16:00:00,7.1,1,24.8,22.5,23.65,20.5,0,0
2016-08-10 16:15:00,30.0,1,24.9,22.6,23.75,17.1,0,0
2016-08-10 16:30:00,6.4,1,24.7,22.4,23.55,20.3,0,0
2016-08-10 16:45:00,6.5,1,24.8,22.5,23.65,20.7,0,0
2016-08-10 17:00:00,0.1,1,25.0,22.7,23.85,21.1,0,1
2016-08-10 17:15:00,0.0,1,25.0,22.8,23.9,21.7,0,1
2016-08-10 17:30:00,0.0,1,25.1,22.8,23.95,21.8,0,1
2016-08-10 17:45:00,0.0,1,25.1,22.8,23.95,22.1,0,1
2016-08-10 18:00:00,0.0,1,25.1,22.9,24.0,22.2,0,1
2016-08-10 18:15:00,0.0,1,25.1,22.9,24.0,22.1,0,1
2016-08-10 18:30:00,0.0,1,25.1,22.9,24.0,22.1,0,1
2016-08-10 18:45:00,0.0,1,25.1,22.9,24.0,22.1,0,1
2016-08-10 19:00:00,0.0,1,25.1,22.8,23.95,22.0,0,1
2016-08-10 19:15:00,0.0,1,25.1,22.9,24.0,22.0,0,0
2016-08-10 19:30:00,0.0,1,25.1,22.9,24.0,21.8,0,0
2016-08-10 19:45:00,0.0,1,25.1,22.9,24.0,21.6,0,0
2016-08-10 20:00:00,17.2,1,25.1,22.9,24.0,19.3,0,0
2016-08-10 20:15:00,16.6,1,24.9,22.8,23.85,18.8,0,0
2016-08-10 20:30:00,17.1,1,24.8,22.7,23.75,18.3,0,0
2016-08-10 20:45:00,17.0,1,24.7,22.6,23.65,18.0,0,0
2016-08-10 21:00:00,17.3,1,24.6,22.6,23.6,17.7,0,0
2016-08-10 21:15:00,17.7,1,24.5,22.5,23.5,17.4,0,0
2016-08-10 21:30:00,16.8,1,24.4,22.4,23.4,17.2,0,0
2016-08-10 21:45:00,0.1,0,24.6,22.6,23.6,17.4,0,0
2016-08-10 22:00:00,0.1,0,24.7,22.7,23.7,17.6,0,0
2016-08-10 22:15:00,0.2,0,24.7,22.5,23.6,17.9,0,0
2016-08-10 22:30:00,0.1,0,24.7,22.4,23.55,18.2,0,0
2016-08-10 22:45:00,0.1,0,24.6,22.2,23.4,18.4,0,0
2016-08-10 23:00:00,0.1,0,24.5,22.2,23.35,18.5,0,0
2016-08-10 23:15:00,0.2,0,24.5,22.1,23.3,18.6,0,0
2016-08-10 23:30:00,0.1,0,24.4,22.0,23.2,18.7,0,0
2016-08-10 23:45:00,0.0,0,24.4,22.0,23.2,18.7,0,0
2016-08-11 00:00:00,0.2,0,24.3,21.9,23.1,18.8,0,0
2016-08-11 00:15:00,0.1,0,24.3,21.9,23.1,18.8,0,0
2016-08-11 00:30:00,0.1,0,24.2,21.8,23.0,18.8,0,0
2016-08-11 00:45:00,0.0,0,24.2,21.8,23.0,18.8,0,0
2016-08-11 01:00:00,0.2,0,24.2,21.7,22.95,18.7,0,0
2016-08-11 01:15:00,0.2,0,24.1,21.7,22.9,18.7,0,0
2016-08-11 01:30:00,0.0,0,24.1,21.7,22.9,18.7,0,0
2016-08-11 01:45:00,0.1,0,24.1,21.6,22.85,18.7,0,0
2016-08-11 02:00:00,0.1,0,24.0,21.6,22.8,18.7,0,0
2016-08-11 02:15:00,0.2,0,24.0,21.6,22.8,18.6,0,0
2016-08-11 02:30:00,0.2,0,24.0,21.6,22.8,18.6,0,0
2016-08-11 02:45:00,0.1,0,24.0,21.5,22.75,18.6,0,0
2016-08-11 03:00:00,0.2,0,24.0,21.5,22.75,18.6,0,0
2016-08-11 03:15:00,0.1,0,23.9,21.5,22.7,18.6,0,0
2016-08-11 03:30:00,0.2,0,23.9,21.5,22.7,18.5,0,0
2016-08-11 03:45:00,0.1,0,23.9,21.4,22.65,18.5,0,0
2016-08-11 04:00:00,0.1,0,23.9,21.4,22.65,18.4,0,0
2016-08-11 04:15:00,0.0,0,23.8,21.4,22.6,18.4,0,0
2016-08-11 04:30:00,0.1,0,23.8,21.4,22.6,18.4,0,0
2016-08-11 04:45:00,0.1,0,23.9,21.4,22.65,18.4,0,0
2016-08-11 05:00:00,0.1,0,23.9,21.4,22.65,18.4,0,0
2016-08-11 05:15:00,0.2,0,23.9,21.4,22.65,18.4,0,0
2016-08-11 05:30:00,0.1,0,23.8,21.4,22.6,18.4,0,0
2016-08-11 05:45:00,0.2,0,23.8,21.4,22.6,18.4,0,0
2016-08-11 06:00:00,0.0,0,23.8,21.4,22.6,18.4,0,0
2016-08-11 06:15:00,0.1,0,23.8,21.4,22.6,18.4,0,0
2016-08-11 06:30:00,0.0,0,23.8,21.4,22.6,18.4,0,0
2016-08-11 06:45:00,0.2,0,23.8,21.3,22.55,18.3,0,0
2016-08-11 07:00:00,0.2,0,23.8,21.3,22.55,18.4,0,0
2016-08-11 07:15:00,0.2,0,23.7,21.3,22.5,18.3,0,0
2016-08-11 07:30:00,0.2,0,23.7,21.3,22.5,18.3,0,0
2016-08-11 07:45:00,15.2,1,23.7,21.3,22.5,16.1,0,0
2016-08-11 08:00:00,17.2,1,23.4,21.0,22.2,16.2,0,0
2016-08-11 08:15:00,17.6,1,23.4,21.2,22.3,16.8,0,0
2016-08-11 08:30:00,16.8,1,23.5,21.4,22.45,16.9,0,0
2016-08-11 08:45:00,16.7,1,23.6,21.5,22.55,17.2,0,0
2016-08-11 09:00:00,17.4,1,23.7,21.5,22.6,17.4,0,0
2016-08-11 09:15:00,17.2,1,23.9,21.7,22.8,17.8,0,0
2016-08-11 09:30:00,17.6,1,24.0,21.8,22.9,18.3,0,0
2016-08-11 09:45:00,17.3,1,24.1,21.9,23.0,18.2,0,0
2016-08-11 10:00:00,17.2,1,24.2,22.0,23.1,18.4,0,0
2016-08-11 10:15:00,16.9,1,24.3,22.1,23.2,18.8,0,0
2016-08-11 10:30:00,17.2,1,24.4,22.2,23.3,19.1,0,0
2016-08-11 10:45:00,16.8,1,24.4,22.2,23.3,18.9,0,0
2016-08-11 11:00:00,17.1,1,24.4,22.3,23.35,18.9,0,0
2016-08-11 11:15:00,0.0,1,24.6,22.4,23.5,20.0,0,0
2016-08-11 11:30:00,0.0,1,24.7,22.7,23.7,20.5,0,0
2016-08-11 11:45:00,29.8,1,24.9,22.7,23.8,17.1,0,0
2016-08-11 12:00:00,7.3,1,24.7,22.5,23.6,20.0,0,0
2016-08-11 12:15:00,7.0,1,24.7,22.4,23.55,20.5,0,0
2016-08-11 12:30:00,30.0,1,24.9,22.6,23.75,17.5,0,0
2016-08-11 12:45:00,6.3,1,24.8,22.4,23.6,19.4,0,0
2016-08-11 13:00:00,6.6,1,24.8,22.5,23.65,21.0,0,0
2016-08-11 13:15:00,29.9,1,25.0,22.6,23.8,17.4,0,0
2016-08-11 13:30:00,30.2,1,24.8,22.4,23.6,17.3,0,0
2016-08-11 13:45:00,6.4,1,24.9,22.5,23.7,21.2,0,0
2016-08-11 14:00:00,30.3,1,25.0,22.5,23.75,17.6,0,0
2016-08-11 14:15:00,30.3,1,24.9,22.5,23.7,17.5,0,0
2016-08-11 14:30:00,6.5,1,24.9,22.4,23.65,19.8,0,0
2016-08-11 14:45:00,7.0,1,25.0,22.4,23.7,21.6,0,0
2016-08-11 15:00:00,30.4,1,25.1,22.5,23.8,17.8,0,0
2016-08-11 15:15:00,30.5,1,24.9,22.4,23.65,17.9,0,0
2016-08-11 15:30:00,6.9,1,24.9,22.3,23.6,21.5,0,0
2016-08-11 15:45:00,30.6,1,25.1,22.5,23.8,17.9,0,0
2016-08-11 16:00:00,30.3,1,25.0,22.3,23.65,20.4,0,0
2016-08-11 16:15:00,7.0,1,24.9,22.4,23.65,21.4,0,0
2016-08-11 16:30:00,30.4,1,25.1,22.5,23.8,17.6,0,0
2016-08-11 16:45:00,6.5,1,24.9,22.4,23.65,20.6,0,0
2016-08-11 17:00:00,0.0,1,25.0,22.5,23.75,20.7,0,1
2016-08-11 17:15:00,0.1,1,25.1,22.7,23.9,21.2,0,1
2016-08-11 17:30:00,0.0,1,25.2,22.7,23.95,21.6,0,1
2016-08-11 17:45:00,0.0,1,25.3,22.7,24.0,21.9,0,1
2016-08-11 18:00:00,0.1,1,25.3,22.8,24.05,22.1,0,1
2016-08-11 18:15:00,0.0,1,25.3,22.8,24.05,22.4,0,1
2016-08-11 18:30:00,0.0,1,25.4,22.8,24.1,22.5,0,1
2016-08-11 18:45:00,0.0,1,25.4,22.8,24.1,22.7,0,1
2016-08-11 19:00:00,0.1,1,25.4,22.9,24.15,22.7,0,1
2016-08-11 19:15:00,16.7,1,25.4,22.9,24.15,22.1,0,0
2016-08-11 19:30:00,30.2,1,25.3,22.8,24.05,17.3,0,0
2016-08-11 19:45:00,30.2,1,24.9,22.5,23.7,17.1,0,0
2016-08-11 20:00:00,6.5,1,24.8,22.4,23.6,20.8,0,0
2016-08-11 20:15:00,30.2,1,25.0,22.6,23.8,17.3,0,0
2016-08-11 20:30:00,7.0,1,24.8,22.4,23.6,18.9,0,0
2016-08-11 20:45:00,7.4,1,24.8,22.4,23.6,20.5,0,0
2016-08-11 21:00:00,30.0,1,25.0,22.5,23.75,17.2,0,0
2016-08-11 21:15:00,6.5,1,24.8,22.4,23.6,19.4,0,0
2016-08-11 21:30:00,6.4,1,24.8,22.4,23.6,20.4,0,0
2016-08-11 21:45:00,0.0,0,25.0,22.6,23.8,20.4,0,0
2016-08-11 22:00:00,0.1,0,25.1,22.7,23.9,20.3,0,0
2016-08-11 22:15:00,0.0,0,25.0,22.4,23.7,20.3,0,0
2016-08-11 22:30:00,0.0,0,24.8,22.4,23.6,20.2,0,0
2016-08-11 22:45:00,0.1,0,24.7,22.4,23.55,20.1,0,0
2016-08-11 23:00:00,0.2,0,24.6,22.3,23.45,20.1,0,0
2016-08-11 23:15:00,0.1,0,24.6,22.2,23.4,20.0,0,0
2016-08-11 23:30:00,0.1,0,24.5,22.1,23.3,19.9,0,0
2016-08-11 23:45:00,0.1,0,24.5,22.1,23.3,19.7,0,0
2016-08-12 00:00:00,0.1,0,24.4,22.0,23.2,19.6,0,0
2016-08-12 00:15:00,0.2,0,24.4,22.0,23.2,19.5,0,0
2016-08-12 00:30:00,0.1,0,24.3,21.9,23.1,19.4,0,0
2016-08-12 00:45:00,0.1,0,24.3,21.9,23.1,19.3,0,0
2016-08-12 01:00:00,0.2,0,24.3,21.8,23.05,19.3,0,0
2016-08-12 01:15:00,0.1,0,24.3,21.8,23.05,19.2,0,0
2016-08-12 01:30:00,0.2,0,24.2,21.8,23.0,19.1,0,0
2016-08-12 01:45:00,0.1,0,24.2,21.7,22.95,19.0,0,0
2016-08-12 02:00:00,0.2,0,24.2,21.7,22.95,18.9,0,0
2016-08-12 02:15:00,0.2,0,24.2,21.7,22.95,18.8,0,0
2016-08-12 02:30:00,0.2,0,24.2,21.7,22.95,18.8,0,0
2016-08-12 02:45:00,0.2,0,24.2,21.7,22.95,18.7,0,0
2016-08-12 03:00:00,0.1,0,24.1,21.6,22.85,18.6,0,0
2016-08-12 03:15:00,0.2,0,24.1,21.6,22.85,18.6,0,0
2016-08-12 03:30:00,0.2,0,24.0,21.6,22.8,18.5,0,0
2016-08-12 03:45:00,0.2,0,24.0,21.6,22.8,18.5,0,0
2016-08-12 04:00:00,0.2,0,24.0,21.5,22.75,18.4,0,0
2016-08-12 04:15:00,0.1,0,24.0,21.5,22.75,18.4,0,0
2016-08-12 04:30:00,0.2,0,24.0,21.5,22.75,18.4,0,0
2016-08-12 04:45:00,0.1,0,24.0,21.5,22.75,18.3,0,0
2016-08-12 05:00:00,0.1,0,24.0,21.5,22.75,18.3,0,0
2016-08-12 05:15:00,0.2,0,24.0,21.5,22.75,18.3,0,0
2016-08-12 05:30:00,0.2,0,24.0,21.4,22.7,18.3,0,0
2016-08-12 05:45:00,0.0,0,24.0,21.4,22.7,18.2,0,0
2016-08-12 06:00:00,0.2,0,23.9,21.4,22.65,18.1,0,0
2016-08-12 06:15:00,0.2,0,23.9,21.4,22.65,18.1,0,0
2016-08-12 06:30:00,0.1,0,23.9,21.4,22.65,18.0,0,0
2016-08-12 06:45:00,0.0,0,23.9,21.3,22.6,18.0,0,0
2016-08-12 07:00:00,0.0,0,23.9,21.4,22.65,18.0,0,0
2016-08-12 07:15:00,0.1,0,23.8,21.3,22.55,18.1,0,0
2016-08-12 07:30:00,0.0,0,23.8,21.3,22.55,18.2,0,0
2016-08-12 07:45:00,10.0,1,23.8,21.3,22.55,16.9,0,0
2016-08-12 08:00:00,17.5,1,23.5,21.2,22.35,17.6,0,0
2016-08-12 08:15:00,16.8,1,23.7,21.3,22.5,17.9,0,0
2016-08-12 08:30:00,17.5,1,23.8,21.6,22.7,18.4,0,0
2016-08-12 08:45:00,16.7,1,24.1,21.8,22.95,18.6,0,0
2016-08-12 09:00:00,17.1,1,24.3,21.9,23.1,18.9,0,0
2016-08-12 09:15:00,17.6,1,24.3,22.1,23.2,19.6,0,0
2016-08-12 09:30:00,0.0,1,24.5,22.3,23.4,19.8,0,0
2016-08-12 09:45:00,0.0,1,24.7,22.5,23.6,20.3,0,0
2016-08-12 10:00:00,0.0,1,24.8,22.6,23.7,20.6,0,0
2016-08-12 10:15:00,0.0,1,24.9,22.6,23.75,21.0,0,0
2016-08-12 10:30:00,30.1,1,24.9,22.6,23.75,18.4,0,0
2016-08-12 10:45:00,6.5,1,24.8,22.4,23.6,20.2,0,0
2016-08-12 11:00:00,6.8,1,24.9,22.4,23.65,21.0,0,0
2016-08-12 11:15:00,30.4,1,25.1,22.4,23.75,18.4,0,0
2016-08-12 11:30:00,7.0,1,24.9,22.3,23.6,20.5,0,0
2016-08-12 11:45:00,6.6,1,25.0,22.4,23.7,21.5,0,0
2016-08-12 12:00:00,30.4,1,25.1,22.4,23.75,17.9,0,0
2016-08-12 12:15:00,6.5,1,24.9,22.2,23.55,21.3,0,0
2016-08-12 12:30:00,30.6,1,25.1,22.4,23.75,18.3,0,0
2016-08-12 12:45:00,6.5,1,25.0,22.2,23.6,20.9,0,0
2016-08-12 13:00:00,7.0,1,25.1,22.4,23.75,20.7,0,0
2016-08-12 13:15:00,30.6,1,25.1,22.3,23.7,18.1,0,0
2016-08-12 13:30:00,6.9,1,24.9,22.3,23.6,21.6,0,0
2016-08-12 13:45:00,31.1,1,25.1,22.4,23.75,18.6,0,0
2016-08-12 14:00:00,30.9,1,25.0,22.3,23.65,20.7,0,0
2016-08-12 14:15:00,6.5,1,25.1,22.3,23.7,22.0,0,0
2016-08-12 14:30:00,31.1,1,25.1,22.3,23.7,18.5,0,0
2016-08-12 14:45:00,6.9,1,25.0,22.2,23.6,22.0,0,0
2016-08-12 15:00:00,30.9,1,25.2,22.4,23.8,18.6,0,0
2016-08-12 15:15:00,31.0,1,25.0,22.2,23.6,18.4,0,0
2016-08-12 15:30:00,6.4,1,25.0,22.3,23.65,22.2,0,0
2016-08-12 15:45:00,30.9,1,25.2,22.4,23.8,18.6,0,0
2016-08-12 16:00:00,31.0,1,25.1,22.3,23.7,18.4,0,0
2016-08-12 16:15:00,6.5,1,25.0,22.3,23.65,21.9,0,0
2016-08-12 16:30:00,31.0,1,25.2,22.4,23.8,18.5,0,0
2016-08-12 16:45:00,31.0,1,25.0,22.3,23.65,18.3,0,0
2016-08-12 17:00:00,0.1,1,25.1,22.4,23.75,20.1,0,1
2016-08-12 17:15:00,0.1,1,25.3,22.6,23.95,21.9,0,1
2016-08-12 17:30:00,0.0,1,25.4,22.8,24.1,23.1,0,1
2016-08-12 17:45:00,0.0,1,25.5,22.9,24.2,24.1,0,1
2016-08-12 18:00:00,0.1,1,25.5,23.0,24.25,24.9,0,1
2016-08-12 18:15:00,0.0,1,25.5,23.0,24.25,25.2,0,1
2016-08-12 18:30:00,0.1,1,25.6,23.1,24.35,25.6,0,1
2016-08-12 18:45:00,0.0,1,25.6,23.0,24.3,25.8,0,1
2016-08-12 19:00:00,0.0,1,25.5,23.0,24.25,25.8,0,1
2016-08-12 19:15:00,16.3,1,25.7,23.0,24.35,22.8,0,0
2016-08-12 19:30:00,30.5,1,25.4,22.8,24.1,17.9,0,0
2016-08-12 19:45:00,30.5,1,25.0,22.5,23.75,17.5,0,0
2016-08-12 20:00:00,6.4,1,24.9,22.3,23.6,20.9,0,0
2016-08-12 20:15:00,30.2,1,25.1,22.4,23.75,17.4,0,0
2016-08-12 20:30:00,30.0,1,24.9,22.4,23.65,17.0,0,0
2016-08-12 20:45:00,6.5,1,24.9,22.4,23.65,20.8,0,0
2016-08-12 21:00:00,30.0,1,25.1,22.6,23.85,17.1,0,0
2016-08-12 21:15:00,6.4,1,24.8,22.4,23.6,19.6,0,0
2016-08-12 21:30:00,7.3,1,24.9,22.5,23.7,20.7,0,0
2016-08-12 21:45:00,0.1,0,25.1,22.7,23.9,20.6,0,0
2016-08-12 22:00:00,0.0,0,25.1,22.7,23.9,20.5,0,0
2016-08-12 22:15:00,0.0,0,25.1,22.5,23.8,20.4,0,0
2016-08-12 22:30:00,0.0,0,25.1,22.5,23.8,20.3,0,0
2016-08-12 22:45:00,0.2,0,24.9,22.4,23.65,20.2,0,0
2016-08-12 23:00:00,0.2,0,24.7,22.3,23.5,20.1,0,0
2016-08-12 23:15:00,0.1,0,24.7,22.2,23.45,20.0,0,0
2016-08-12 23:30:00,0.1,0,24.6,22.1,23.35,19.9,0,0
2016-08-12 23:45:00,0.2,0,24.5,22.1,23.3,19.7,0,0
2016-08-13 00:00:00,0.2,0,24.5,22.0,23.25,19.6,0,0
2016-08-13 00:15:00,0.2,0,24.5,22.0,23.25,19.5,0,0
2016-08-13 00:30:00,0.1,0,24.5,21.9,23.2,19.4,0,0
2016-08-13 00:45:00,0.1,0,24.4,21.9,23.15,19.3,0,0
2016-08-13 01:00:00,0.2,0,24.4,21.9,23.15,19.2,0,0
2016-08-13 01:15:00,0.1,0,24.3,21.8,23.05,19.1,0,0
2016-08-13 01:30:00,0.1,0,24.3,21.8,23.05,19.1,0,0
2016-08-13 01:45:00,0.2,0,24.3,21.8,23.05,19.1,0,0
2016-08-13 02:00:00,0.1,0,24.3,21.7,23.0,19.1,0,0
2016-08-13 02:15:00,0.1,0,24.2,21.7,22.95,19.0,0,0
2016-08-13 02:30:00,0.1,0,24.2,21.7,22.95,18.9,0,0
2016-08-13 02:45:00,0.1,0,24.2,21.7,22.95,18.9,0,0
2016-08-13 03:00:00,0.1,0,24.2,21.6,22.9,18.8,0,0
2016-08-13 03:15:00,0.2,0,24.1,21.6,22.85,18.7,0,0
2016-08-13 03:30:00,0.2,0,24.1,21.6,22.85,18.7,0,0
2016-08-13 03:45:00,0.2,0,24.0,21.6,22.8,18.6,0,0
2016-08-13 04:00:00,0.2,0,24.0,21.5,22.75,18.6,0,0
2016-08-13 04:15:00,0.1,0,24.0,21.5,22.75,18.5,0,0
2016-08-13 04:30:00,0.2,0,24.0,21.5,22.75,18.5,0,0
2016-08-13 04:45:00,0.1,0,24.0,21.5,22.75,18.4,0,0
2016-08-13 05:00:00,0.0,0,24.0,21.5,22.75,18.4,0,0
2016-08-13 05:15:00,0.2,0,24.0,21.5,22.75,18.3,0,0
2016-08-13 05:30:00,0.1,0,24.0,21.5,22.75,18.3,0,0
2016-08-13 05:45:00,0.1,0,24.0,21.4,22.7,18.3,0,0
2016-08-13 06:00:00,0.1,0,24.0,21.4,22.7,18.2,0,0
2016-08-13 06:15:00,0.2,0,24.0,21.4,22.7,18.2,0,0
2016-08-13 06:30:00,0.1,0,23.9,21.4,22.65,18.2,0,0
2016-08-13 06:45:00,0.1,0,23.9,21.3,22.6,18.1,0,0
2016-08-13 07:00:00,0.2,0,23.9,21.3,22.6,18.1,0,0
2016-08-13 07:15:00,0.2,0,23.8,21.3,22.55,18.1,0,0
2016-08-13 07:30:00,0.1,0,23.8,21.3,22.55,18.2,0,0
2016-08-13 07:45:00,9.5,1,23.8,21.3,22.55,17.3,0,0
2016-08-13 08:00:00,17.1,1,23.6,21.2,22.4,17.9,0,0
2016-08-13 08:15:00,17.3,1,23.7,21.4,22.55,18.3,0,0
2016-08-13 08:30:00,17.3,1,23.9,21.6,22.75,18.9,0,0
2016-08-13 08:45:00,0.1,1,24.2,21.9,23.05,19.4,0,0
2016-08-13 09:00:00,0.2,1,24.5,22.2,23.35,19.8,0,0
2016-08-13 09:15:00,0.0,1,24.6,22.3,23.45,20.2,0,0
2016-08-13 09:30:00,0.0,1,24.7,22.4,23.55,20.5,0,0
2016-08-13 09:45:00,0.0,1,24.8,22.4,23.6,20.7,0,0
2016-08-13 10:00:00,0.0,1,24.9,22.5,23.7,21.0,0,0
2016-08-13 10:15:00,16.2,1,25.0,22.5,23.75,21.2,0,0
2016-08-13 10:30:00,29.8,1,25.0,22.6,23.8,17.0,0,0
2016-08-13 10:45:00,6.5,1,24.7,22.3,23.5,20.3,0,0
2016-08-13 11:00:00,6.5,1,24.9,22.4,23.65,20.6,0,0
2016-08-13 11:15:00,29.9,1,24.9,22.4,23.65,17.3,0,0
2016-08-13 11:30:00,7.0,1,24.9,22.4,23.65,20.7,0,0
2016-08-13 11:45:00,30.1,1,25.0,22.5,23.75,17.2,0,0
2016-08-13 12:00:00,7.2,1,24.9,22.4,23.65,20.5,0,0
2016-08-13 12:15:00,30.4,1,25.1,22.5,23.8,18.1,0,0
2016-08-13 12:30:00,30.1,1,25.0,22.5,23.75,17.5,0,0
2016-08-13 12:45:00,30.2,1,24.9,22.4,23.65,17.6,0,0
2016-08-13 13:00:00,6.5,1,24.9,22.3,23.6,21.4,0,0
2016-08-13 13:15:00,30.2,1,25.1,22.5,23.8,17.9,0,0
2016-08-13 13:30:00,6.5,1,24.9,22.3,23.6,21.0,0,0
2016-08-13 13:45:00,30.1,1,25.1,22.4,23.75,18.0,0,0
2016-08-13 14:00:00,6.4,1,24.9,22.2,23.55,20.8,0,0
2016-08-13 14:15:00,30.3,1,25.1,22.4,23.75,18.0,0,0
2016-08-13 14:30:00,30.2,1,25.0,22.3,23.65,17.5,0,0
2016-08-13 14:45:00,6.8,1,25.0,22.3,23.65,21.2,0,0
2016-08-13 15:00:00,30.3,1,25.2,22.4,23.8,17.8,0,0
2016-08-13 15:15:00,7.0,1,25.0,22.2,23.6,21.5,0,0
2016-08-13 15:30:00,30.5,1,25.2,22.5,23.85,18.1,0,0
2016-08-13 15:45:00,30.7,1,25.0,22.3,23.65,18.0,0,0
2016-08-13 16:00:00,6.7,1,25.0,22.2,23.6,20.4,0,0
2016-08-13 16:15:00,30.7,1,25.1,22.4,23.75,18.5,0,0
2016-08-13 16:30:00,30.6,1,25.1,22.4,23.75,17.9,0,0
2016-08-13 16:45:00,6.8,1,24.9,22.3,23.6,21.4,0,0
2016-08-13 17:00:00,0.1,1,25.2,22.6,23.9,21.9,0,1
2016-08-13 17:15:00,0.0,1,25.4,22.7,24.05,23.0,0,1
2016-08-13 17:30:00,0.0,1,25.5,22.9,24.2,23.9,0,1
2016-08-13 17:45:00,0.1,1,25.6,23.0,24.3,24.5,0,1
2016-08-13 18:00:00,0.1,1,25.6,23.0,24.3,24.7,0,1
2016-08-13 18:15:00,0.1,1,25.6,23.0,24.3,25.0,0,1
2016-08-13 18:30:00,0.0,1,25.7,23.0,24.35,25.2,0,1
2016-08-13 18:45:00,0.1,1,25.7,23.1,24.4,25.3,0,1
2016-08-13 19:00:00,0.0,1,25.7,23.2,24.45,25.3,0,1
2016-08-13 19:15:00,16.7,1,25.7,23.1,24.4,22.5,0,0
2016-08-13 19:30:00,30.4,1,25.5,22.9,24.2,17.8,0,0
2016-08-13 19:45:00,30.1,1,25.2,22.6,23.9,17.5,0,0
2016-08-13 20:00:00,30.3,1,25.0,22.4,23.7,17.3,0,0
2016-08-13 20:15:00,6.5,1,24.8,22.4,23.6,20.8,0,0
2016-08-13 20:30:00,30.3,1,25.1,22.5,23.8,17.4,0,0
2016-08-13 20:45:00,6.4,1,24.8,22.4,23.6,19.5,0,0
2016-08-13 21:00:00,7.3,1,24.9,22.4,23.65,20.7,0,0
2016-08-13 21:15:00,29.9,1,25.0,22.5,23.75,17.0,0,0
2016-08-13 21:30:00,7.0,1,24.8,22.4,23.6,20.1,0,0
2016-08-13 21:45:00,0.0,0,25.0,22.6,23.8,20.2,0,0
2016-08-13 22:00:00,0.1,0,25.1,22.7,23.9,20.2,0,0
2016-08-13 22:15:00,0.1,0,25.1,22.5,23.8,20.1,0,0
2016-08-13 22:30:00,0.0,0,24.9,22.5,23.7,20.0,0,0
2016-08-13 22:45:00,0.0,0,24.8,22.4,23.6,20.0,0,0
2016-08-13 23:00:00,0.0,0,24.7,22.4,23.55,19.9,0,0
2016-08-13 23:15:00,0.1,0,24.7,22.3,23.5,19.8,0,0
2016-08-13 23:30:00,0.2,0,24.6,22.2,23.4,19.7,0,0
2016-08-13 23:45:00,0.2,0,24.6,22.1,23.35,19.6,0,0
2016-08-14 00:00:00,0.2,0,24.5,22.1,23.3,19.5,0,0
2016-08-14 00:15:00,0.2,0,24.5,22.0,23.25,19.4,0,0
2016-08-14 00:30:00,0.1,0,24.5,22.0,23.25,19.3,0,0
2016-08-14 00:45:00,0.1,0,24.4,21.9,23.15,19.3,0,0
2016-08-14 01:00:00,0.1,0,24.4,21.9,23.15,19.2,0,0
2016-08-14 01:15:00,0.2,0,24.3,21.8,23.05,19.2,0,0
2016-08-14 01:30:00,0.0,0,24.3,21.8,23.05,19.2,0,0
2016-08-14 01:45:00,0.2,0,24.3,21.8,23.05,19.1,0,0
2016-08-14 02:00:00,0.1,0,24.2,21.7,22.95,19.1,0,0
2016-08-14 02:15:00,0.2,0,24.2,21.7,22.95,19.0,0,0
2016-08-14 02:30:00,0.1,0,24.2,21.7,22.95,19.0,0,0
2016-08-14 02:45:00,0.1,0,24.2,21.7,22.95,18.9,0,0
2016-08-14 03:00:00,0.1,0,24.2,21.6,22.9,18.9,0,0
2016-08-14 03:15:00,0.2,0,24.1,21.6,22.85,18.9,0,0
2016-08-14 03:30:00,0.2,0,24.1,21.6,22.85,18.9,0,0
2016-08-14 03:45:00,0.2,0,24.0,21.5,22.75,18.9,0,0
2016-08-14 04:00:00,0.2,0,24.0,21.5,22.75,18.9,0,0
2016-08-14 04:15:00,0.1,0,24.0,21.5,22.75,18.9,0,0
2016-08-14 04:30:00,0.1,0,24.0,21.5,22.75,18.9,0,0
2016-08-14 04:45:00,0.2,0,24.0,21.5,22.75,18.8,0,0
2016-08-14 05:00:00,0.1,0,24.0,21.5,22.75,18.8,0,0
2016-08-14 05:15:00,0.2,0,24.0,21.5,22.75,18.8,0,0
2016-08-14 05:30:00,0.1,0,23.9,21.4,22.65,18.8,0,0
2016-08-14 05:45:00,0.1,0,23.9,21.4,22.65,18.8,0,0
2016-08-14 06:00:00,0.2,0,23.9,21.4,22.65,18.8,0,0
2016-08-14 06:15:00,0.2,0,23.9,21.4,22.65,18.8,0,0
2016-08-14 06:30:00,0.1,0,23.9,21.4,22.65,18.7,0,0
2016-08-14 06:45:00,0.1,0,23.9,21.4,22.65,18.8,0,0
2016-08-14 07:00:00,0.1,0,23.8,21.3,22.55,18.7,0,0
2016-08-14 07:15:00,0.2,0,23.8,21.4,22.6,18.8,0,0
2016-08-14 07:30:00,0.2,0,23.8,21.3,22.55,18.8,0,0
2016-08-14 07:45:00,0.1,0,23.8,21.3,22.55,18.8,0,0
2016-08-14 08:00:00,0.2,0,23.8,21.3,22.55,18.9,0,0
2016-08-14 08:15:00,0.2,0,23.7,21.3,22.5,18.9,0,0
2016-08-14 08:30:00,0.2,0,23.7,21.3,22.5,19.0,0,0
2016-08-14 08:45:00,0.0,0,23.7,21.3,22.5,19.2,0,0
2016-08-14 09:00:00,0.0,0,23.7,21.3,22.5,19.4,0,0
2016-08-14 09:15:00,0.0,0,23.7,21.3,22.5,19.7,0,0
2016-08-14 09:30:00,0.0,0,23.7,21.3,22.5,20.0,0,0
2016-08-14 09:45:00,0.0,1,23.8,21.6,22.7,20.4,0,0
2016-08-14 10:00:00,0.0,1,24.0,21.9,22.95,20.9,0,0
2016-08-14 10:15:00,0.1,1,24.1,22.0,23.05,21.2,0,0
2016-08-14 10:30:00,0.0,1,24.3,22.1,23.2,21.7,0,0
2016-08-14 10:45:00,0.0,1,24.5,22.2,23.35,22.2,0,0
2016-08-14 11:00:00,0.0,1,24.6,22.3,23.45,22.7,0,0
2016-08-14 11:15:00,0.0,1,24.7,22.4,23.55,23.3,0,0
2016-08-14 11:30:00,0.0,1,24.8,22.5,23.65,23.7,0,0
2016-08-14 11:45:00,16.1,1,24.9,22.6,23.75,22.3,0,0
2016-08-14 12:00:00,30.3,1,25.0,22.7,23.85,17.4,0,0
2016-08-14 12:15:00,6.7,1,24.7,22.5,23.6,19.9,0,0
2016-08-14 12:30:00,7.2,1,24.7,22.5,23.6,20.9,0,0
2016-08-14 12:45:00,30.5,1,24.9,22.6,23.75,17.3,0,0
2016-08-14 13:00:00,6.6,1,24.7,22.4,23.55,21.0,0,0
2016-08-14 13:15:00,30.6,1,24.9,22.6,23.75,18.0,0,0
2016-08-14 13:30:00,30.5,1,24.8,22.5,23.65,17.2,0,0
2016-08-14 13:45:00,6.4,1,24.8,22.4,23.6,20.8,0,0
2016-08-14 14:00:00,30.5,1,25.0,22.6,23.8,17.6,0,0
2016-08-14 14:15:00,6.7,1,24.7,22.4,23.55,20.1,0,0
2016-08-14 14:30:00,30.7,1,24.9,22.5,23.7,18.3,0,0
2016-08-14 14:45:00,30.7,1,25.0,22.5,23.75,17.5,0,0
2016-08-14 15:00:00,6.7,1,24.8,22.4,23.6,20.9,0,0
2016-08-14 15:15:00,30.6,1,25.0,22.6,23.8,17.8,0,0
2016-08-14 15:30:00,30.4,1,24.9,22.5,23.7,17.5,0,0
2016-08-14 15:45:00,0.0,0,25.0,22.6,23.8,19.4,0,0
2016-08-14 16:00:00,0.0,0,25.1,22.8,23.95,21.6,0,0
2016-08-14 16:15:00,0.0,0,25.1,22.7,23.9,23.2,0,0
2016-08-14 16:30:00,0.0,0,25.0,22.6,23.8,24.3,0,0
2016-08-14 16:45:00,0.1,0,24.8,22.5,23.65,25.4,0,0
2016-08-14 17:00:00,0.1,0,24.7,22.4,23.55,25.9,0,0
2016-08-14 17:15:00,0.0,0,24.7,22.4,23.55,26.6,0,0
2016-08-14 17:30:00,0.0,0,24.6,22.3,23.45,27.0,0,0
2016-08-14 17:45:00,0.1,0,24.6,22.3,23.45,27.3,0,0
2016-08-14 18:00:00,0.0,0,24.6,22.2,23.4,27.5,0,0
2016-08-14 18:15:00,0.0,0,24.6,22.3,23.45,27.6,0,0
2016-08-14 18:30:00,0.0,0,24.5,22.2,23.35,27.6,0,0
2016-08-14 18:45:00,0.0,0,24.5,22.2,23.35,27.5,0,0
2016-08-14 19:00:00,0.0,0,24.5,22.2,23.35,27.4,0,0
2016-08-14 19:15:00,0.0,0,24.5,22.1,23.3,27.1,0,0
2016-08-14 19:30:00,0.0,0,24.4,22.1,23.25,26.8,0,0
2016-08-14 19:45:00,0.1,0,24.4,22.0,23.2,26.4,0,0
2016-08-14 20:00:00,0.0,0,24.4,22.0,23.2,26.1,0,0
2016-08-14 20:15:00,0.0,0,24.4,22.0,23.2,25.7,0,0
2016-08-14 20:30:00,0.0,0,24.4,22.0,23.2,25.1,0,0
2016-08-14 20:45:00,0.0,0,24.3,22.0,23.15,24.6,0,0
2016-08-14 21:00:00,0.1,0,24.3,21.9,23.1,24.1,0,0
2016-08-14 21:15:00,0.0,0,24.3,21.9,23.1,23.5,0,0
2016-08-14 21:30:00,0.0,0,24.2,21.8,23.0,22.9,0,0
2016-08-14 21:45:00,0.1,0,24.2,21.8,23.0,22.2,0,0
2016-08-14 22:00:00,0.0,0,24.2,21.8,23.0,21.9,0,0
2016-08-14 22:15:00,0.1,0,24.2,21.8,23.0,21.4,0,0
2016-08-14 22:30:00,0.0,0,24.2,21.8,23.0,21.0,0,0
2016-08-14 22:45:00,0.1,0,24.1,21.7,22.9,20.5,0,0
2016-08-14 23:00:00,0.2,0,24.1,21.7,22.9,20.2,0,0
2016-08-14 23:15:00,0.1,0,24.1,21.7,22.9,19.9,0,0
2016-08-14 23:30:00,0.2,0,24.0,21.7,22.85,19.6,0,0
2016-08-14 23:45:00,0.1,0,24.0,21.7,22.85,19.4,0,0
2016-08-15 00:00:00,0.1,0,24.0,21.6,22.8,19.2,0,0
2016-08-15 00:15:00,0.2,0,24.0,21.6,22.8,19.1,0,0
2016-08-15 00:30:00,0.2,0,24.0,21.6,22.8,18.9,0,0
2016-08-15 00:45:00,0.1,0,24.0,21.5,22.75,18.7,0,0
2016-08-15 01:00:00,0.1,0,23.9,21.5,22.7,18.6,0,0
2016-08-15 01:15:00,0.1,0,23.9,21.5,22.7,18.5,0,0
2016-08-15 01:30:00,0.1,0,23.9,21.5,22.7,18.4,0,0
2016-08-15 01:45:00,0.1,0,23.9,21.5,22.7,18.3,0,0
2016-08-15 02:00:00,0.1,0,23.9,21.4,22.65,18.3,0,0
2016-08-15 02:15:00,0.2,0,23.9,21.4,22.65,18.2,0,0
2016-08-15 02:30:00,0.2,0,23.9,21.4,22.65,18.1,0,0
2016-08-15 02:45:00,0.2,0,23.9,21.4,22.65,18.1,0,0
2016-08-15 03:00:00,0.1,0,23.9,21.3,22.6,18.0,0,0
2016-08-15 03:15:00,0.2,0,23.8,21.3,22.55,18.0,0,0
2016-08-15 03:30:00,0.1,0,23.8,21.3,22.55,17.9,0,0
2016-08-15 03:45:00,0.0,0,23.7,21.2,22.45,17.9,0,0
2016-08-15 04:00:00,0.1,0,23.7,21.2,22.45,17.8,0,0
2016-08-15 04:15:00,0.2,0,23.7,21.2,22.45,17.8,0,0
2016-08-15 04:30:00,0.2,0,23.7,21.2,22.45,17.7,0,0
2016-08-15 04:45:00,0.0,0,23.7,21.2,22.45,17.7,0,0
2016-08-15 05:00:00,0.0,0,23.7,21.2,22.45,17.6,0,0
2016-08-15 05:15:00,0.2,0,23.7,21.2,22.45,17.6,0,0
2016-08-15 05:30:00,0.0,0,23.7,21.2,22.45,17.5,0,0
2016-08-15 05:45:00,0.0,0,23.6,21.2,22.4,17.4,0,0
2016-08-15 06:00:00,0.1,0,23.6,21.2,22.4,17.5,0,0
2016-08-15 06:15:00,0.2,0,23.6,21.2,22.4,17.4,0,0
2016-08-15 06:30:00,0.2,0,23.6,21.1,22.35,17.4,0,0
2016-08-15 06:45:00,0.2,0,23.5,21.1,22.3,17.3,0,0
2016-08-15 07:00:00,0.2,0,23.5,21.1,22.3,17.4,0,0
2016-08-15 07:15:00,0.0,0,23.4,21.0,22.2,17.4,0,0
2016-08-15 07:30:00,0.0,0,23.3,21.0,22.15,17.5,0,0
2016-08-15 07:45:00,8.7,1,23.3,21.0,22.15,15.1,0,0
2016-08-15 08:00:00,11.8,1,23.0,20.7,21.85,15.6,0,0
2016-08-15 08:15:00,14.8,1,22.9,20.9,21.9,16.5,0,0
2016-08-15 08:30:00,17.0,1,23.1,21.1,22.1,17.3,0,0
2016-08-15 08:45:00,17.4,1,23.3,21.3,22.3,18.4,0,0
2016-08-15 09:00:00,0.2,1,23.6,21.5,22.55,18.9,0,0
2016-08-15 09:15:00,0.1,1,23.9,21.8,22.85,19.3,0,0
2016-08-15 09:30:00,0.2,1,24.1,22.0,23.05,19.7,0,0
2016-08-15 09:45:00,0.0,1,24.2,22.1,23.15,20.2,0,0
2016-08-15 10:00:00,0.0,1,24.4,22.1,23.25,20.9,0,0
2016-08-15 10:15:00,0.0,1,24.4,22.1,23.25,21.6,0,0
2016-08-15 10:30:00,0.0,1,24.5,22.2,23.35,21.9,0,0
2016-08-15 10:45:00,0.0,1,24.6,22.3,23.45,22.5,0,0
2016-08-15 11:00:00,0.0,1,24.6,22.4,23.5,23.2,0,0
2016-08-15 11:15:00,0.0,1,24.7,22.4,23.55,23.8,0,0
2016-08-15 11:30:00,0.0,1,24.8,22.5,23.65,24.5,0,0
2016-08-15 11:45:00,0.0,1,24.8,22.6,23.7,25.1,0,0
2016-08-15 12:00:00,0.0,1,24.9,22.6,23.75,25.7,0,0
2016-08-15 12:15:00,16.2,1,25.1,22.7,23.9,20.0,0,0
2016-08-15 12:30:00,30.9,1,24.8,22.5,23.65,17.5,0,0
2016-08-15 12:45:00,6.6,1,24.7,22.4,23.55,21.1,0,0
2016-08-15 13:00:00,30.8,1,25.0,22.6,23.8,17.9,0,0
2016-08-15 13:15:00,6.9,1,24.8,22.4,23.6,20.9,0,0
2016-08-15 13:30:00,30.8,1,25.0,22.5,23.75,18.6,0,0
2016-08-15 13:45:00,31.1,1,24.9,22.5,23.7,18.0,0,0
2016-08-15 14:00:00,6.5,1,24.8,22.4,23.6,21.5,0,0
2016-08-15 14:15:00,30.8,1,25.1,22.5,23.8,18.2,0,0
2016-08-15 14:30:00,6.6,1,24.8,22.4,23.6,20.7,0,0
2016-08-15 14:45:00,30.8,1,25.0,22.4,23.7,19.3,0,0
2016-08-15 15:00:00,30.8,1,25.0,22.4,23.7,18.1,0,0
2016-08-15 15:15:00,7.1,1,24.9,22.3,23.6,21.6,0,0
2016-08-15 15:30:00,31.2,1,25.1,22.5,23.8,18.3,0,0
2016-08-15 15:45:00,6.6,1,24.9,22.3,23.6,21.3,0,0
2016-08-15 16:00:00,31.1,1,25.2,22.4,23.8,18.5,0,0
2016-08-15 16:15:00,31.2,1,25.0,22.4,23.7,18.0,0,0
2016-08-15 16:30:00,6.6,1,25.0,22.3,23.65,21.6,0,0
2016-08-15 16:45:00,30.7,1,25.1,22.4,23.75,18.0,0,0
2016-08-15 17:00:00,0.1,1,25.1,22.5,23.8,19.6,0,1
2016-08-15 17:15:00,0.0,1,25.2,22.6,23.9,21.3,0,1
2016-08-15 17:30:00,0.0,1,25.3,22.7,24.0,22.6,0,1
2016-08-15 17:45:00,0.0,1,25.3,22.7,24.0,23.4,0,1
2016-08-15 18:00:00,0.0,1,25.3,22.7,24.0,24.2,0,1
2016-08-15 18:15:00,0.0,1,25.3,22.8,24.05,24.7,0,1
2016-08-15 18:30:00,0.0,1,25.3,22.7,24.0,24.9,0,1
2016-08-15 18:45:00,0.1,1,25.4,22.8,24.1,25.0,0,1
2016-08-15 19:00:00,0.0,1,25.4,22.8,24.1,25.0,0,1
2016-08-15 19:15:00,16.2,1,25.4,22.9,24.15,22.3,0,0
2016-08-15 19:30:00,30.3,1,25.3,22.9,24.1,17.5,0,0
2016-08-15 19:45:00,30.2,1,24.9,22.6,23.75,17.1,0,0
2016-08-15 20:00:00,6.5,1,24.8,22.4,23.6,20.7,0,0
2016-08-15 20:15:00,30.1,1,25.0,22.6,23.8,17.0,0,0
2016-08-15 20:30:00,6.3,1,24.7,22.4,23.55,20.0,0,0
2016-08-15 20:45:00,6.4,1,24.8,22.5,23.65,20.6,0,0
2016-08-15 21:00:00,17.4,1,24.8,22.6,23.7,19.0,0,0
2016-08-15 21:15:00,16.6,1,24.7,22.5,23.6,18.1,0,0
2016-08-15 21:30:00,17.4,1,24.7,22.5,23.6,17.9,0,0
2016-08-15 21:45:00,0.2,0,24.8,22.6,23.7,17.8,0,0
2016-08-15 22:00:00,0.1,0,24.9,22.8,23.85,18.1,0,0
2016-08-15 22:15:00,0.2,0,24.9,22.5,23.7,18.3,0,0
2016-08-15 22:30:00,0.1,0,24.8,22.4,23.6,18.5,0,0
2016-08-15 22:45:00,0.2,0,24.7,22.2,23.45,18.6,0,0
2016-08-15 23:00:00,0.1,0,24.6,22.1,23.35,18.6,0,0
2016-08-15 23:15:00,0.1,0,24.6,22.1,23.35,18.6,0,0
2016-08-15 23:30:00,0.2,0,24.5,22.0,23.25,18.7,0,0
2016-08-15 23:45:00,0.1,0,24.5,22.0,23.25,18.7,0,0
2016-08-16 00:00:00,0.2,0,24.5,22.0,23.25,18.7,0,0
2016-08-16 00:15:00,0.2,0,24.4,21.9,23.15,18.7,0,0
2016-08-16 00:30:00,0.2,0,24.4,21.8,23.1,18.6,0,0
2016-08-16 00:45:00,0.2,0,24.3,21.8,23.05,18.6,0,0
2016-08-16 01:00:00,0.1,0,24.3,21.8,23.05,18.5,0,0
2016-08-16 01:15:00,0.1,0,24.3,21.7,23.0,18.5,0,0
2016-08-16 01:30:00,0.2,0,24.3,21.7,23.0,18.4,0,0
2016-08-16 01:45:00,0.2,0,24.2,21.7,22.95,18.3,0,0
2016-08-16 02:00:00,0.2,0,24.2,21.7,22.95,18.3,0,0
2016-08-16 02:15:00,0.2,0,24.2,21.6,22.9,18.3,0,0
2016-08-16 02:30:00,0.1,0,24.1,21.6,22.85,18.2,0,0
2016-08-16 02:45:00,0.2,0,24.1,21.6,22.85,18.1,0,0
2016-08-16 03:00:00,0.2,0,24.1,21.5,22.8,18.1,0,0
2016-08-16 03:15:00,0.1,0,24.0,21.5,22.75,18.0,0,0
2016-08-16 03:30:00,0.2,0,24.0,21.5,22.75,18.0,0,0
2016-08-16 03:45:00,0.2,0,24.0,21.5,22.75,17.9,0,0
2016-08-16 04:00:00,0.2,0,23.9,21.4,22.65,17.9,0,0
2016-08-16 04:15:00,0.2,0,23.9,21.4,22.65,17.8,0,0
2016-08-16 04:30:00,0.0,0,23.9,21.4,22.65,17.8,0,0
2016-08-16 04:45:00,0.2,0,23.9,21.4,22.65,17.7,0,0
2016-08-16 05:00:00,0.2,0,23.9,21.3,22.6,17.7,0,0
2016-08-16 05:15:00,0.1,0,23.9,21.3,22.6,17.7,0,0
2016-08-16 05:30:00,0.0,0,23.8,21.3,22.55,17.6,0,0
2016-08-16 05:45:00,0.1,0,23.8,21.3,22.55,17.6,0,0
2016-08-16 06:00:00,0.0,0,23.8,21.3,22.55,17.5,0,0
2016-08-16 06:15:00,0.2,0,23.7,21.3,22.5,17.4,0,0
2016-08-16 06:30:00,0.1,0,23.7,21.3,22.5,17.3,0,0
2016-08-16 06:45:00,0.1,0,23.7,21.2,22.45,17.3,0,0
2016-08-16 07:00:00,0.2,0,23.6,21.2,22.4,17.3,0,0
2016-08-16 07:15:00,0.0,0,23.6,21.2,22.4,17.4,0,0
2016-08-16 07:30:00,0.0,0,23.6,21.2,22.4,17.5,0,0
2016-08-16 07:45:00,13.3,1,23.5,21.2,22.35,14.6,0,0
2016-08-16 08:00:00,15.2,1,23.1,20.9,22.0,14.7,0,0
2016-08-16 08:15:00,15.4,1,23.0,20.9,21.95,15.2,0,0
2016-08-16 08:30:00,17.4,1,23.1,21.1,22.1,15.9,0,0
2016-08-16 08:45:00,16.8,1,23.2,21.2,22.2,16.6,0,0
2016-08-16 09:00:00,16.6,1,23.4,21.4,22.4,17.3,0,0
2016-08-16 09:15:00,17.6,1,23.6,21.5,22.55,18.0,0,0
2016-08-16 09:30:00,17.0,1,23.8,21.7,22.75,19.0,0,0
2016-08-16 09:45:00,16.7,1,24.0,21.9,22.95,19.3,0,0
2016-08-16 10:00:00,0.0,1,24.3,22.3,23.3,19.9,0,0
2016-08-16 10:15:00,0.0,1,24.5,22.5,23.5,20.6,0,0
2016-08-16 10:30:00,0.0,1,24.7,22.6,23.65,21.4,0,0
2016-08-16 10:45:00,0.0,1,24.7,22.6,23.65,22.1,0,0
2016-08-16 11:00:00,16.6,1,24.8,22.7,23.75,21.6,0,0
2016-08-16 11:15:00,30.1,1,24.9,22.7,23.8,17.2,0,0
2016-08-16 11:30:00,6.4,1,24.7,22.5,23.6,19.6,0,0
2016-08-16 11:45:00,6.5,1,24.7,22.5,23.6,20.5,0,0
2016-08-16 12:00:00,30.6,1,25.0,22.6,23.8,17.2,0,0
2016-08-16 12:15:00,30.6,1,24.8,22.5,23.65,17.0,0,0
2016-08-16 12:30:00,6.6,1,24.9,22.5,23.7,20.9,0,0
2016-08-16 12:45:00,30.6,1,25.1,22.6,23.85,17.5,0,0
2016-08-16 13:00:00,30.4,1,24.9,22.4,23.65,17.4,0,0
2016-08-16 13:15:00,6.5,1,25.1,22.4,23.75,21.2,0,0
2016-08-16 13:30:00,30.7,1,25.0,22.4,23.7,17.6,0,0
2016-08-16 13:45:00,6.5,1,24.9,22.4,23.65,21.2,0,0
2016-08-16 14:00:00,30.6,1,25.1,22.5,23.8,18.0,0,0
2016-08-16 14:15:00,30.6,1,25.0,22.3,23.65,17.7,0,0
2016-08-16 14:30:00,6.8,1,25.0,22.4,23.7,21.4,0,0
2016-08-16 14:45:00,31.1,1,25.1,22.5,23.8,17.9,0,0
2016-08-16 15:00:00,30.9,1,25.0,22.4,23.7,17.8,0,0
2016-08-16 15:15:00,30.8,1,24.9,22.4,23.65,17.8,0,0
2016-08-16 15:30:00,6.5,1,25.0,22.4,23.7,21.5,0,0
2016-08-16 15:45:00,30.8,1,25.1,22.5,23.8,18.0,0,0
2016-08-16 16:00:00,31.0,1,24.9,22.4,23.65,17.9,0,0
2016-08-16 16:15:00,6.6,1,24.9,22.4,23.65,21.2,0,0
2016-08-16 16:30:00,31.2,1,25.1,22.5,23.8,18.1,0,0
2016-08-16 16:45:00,31.0,1,25.0,22.4,23.7,17.9,0,0
2016-08-16 17:00:00,0.0,1,25.1,22.6,23.85,19.7,0,1
2016-08-16 17:15:00,0.0,1,25.2,22.8,24.0,21.4,0,1
2016-08-16 17:30:00,0.0,1,25.3,22.8,24.05,22.5,0,1
2016-08-16 17:45:00,0.0,1,25.4,22.9,24.15,23.5,0,1
2016-08-16 18:00:00,0.0,1,25.4,23.0,24.2,24.0,0,1
2016-08-16 18:15:00,0.0,1,25.4,23.0,24.2,24.5,0,1
2016-08-16 18:30:00,0.0,1,25.4,23.0,24.2,24.8,0,1
2016-08-16 18:45:00,0.0,1,25.4,23.0,24.2,24.9,0,1
2016-08-16 19:00:00,0.0,1,25.4,23.0,24.2,24.8,0,1
2016-08-16 19:15:00,16.1,1,25.5,23.0,24.25,22.2,0,0
2016-08-16 19:30:00,29.9,1,25.3,22.8,24.05,17.4,0,0
2016-08-16 19:45:00,30.1,1,24.9,22.6,23.75,17.0,0,0
2016-08-16 20:00:00,6.4,1,24.8,22.4,23.6,19.8,0,0
2016-08-16 20:15:00,7.3,1,24.9,22.5,23.7,20.6,0,0
2016-08-16 20:30:00,29.8,1,24.9,22.6,23.75,16.7,0,0
2016-08-16 20:45:00,7.3,1,24.7,22.4,23.55,20.0,0,0
2016-08-16 21:00:00,6.3,1,24.8,22.6,23.7,20.5,0,0
2016-08-16 21:15:00,16.5,1,24.9,22.6,23.75,18.8,0,0
2016-08-16 21:30:00,17.1,1,24.9,22.6,23.75,18.1,0,0
2016-08-16 21:45:00,0.0,0,24.9,22.8,23.85,18.3,0,0
2016-08-16 22:00:00,0.1,0,25.1,22.9,24.0,18.4,0,0
2016-08-16 22:15:00,0.2,0,25.0,22.6,23.8,18.6,0,0
2016-08-16 22:30:00,0.2,0,24.9,22.5,23.7,18.8,0,0
2016-08-16 22:45:00,0.2,0,24.8,22.4,23.6,18.8,0,0
2016-08-16 23:00:00,0.1,0,24.7,22.3,23.5,18.9,0,0
2016-08-16 23:15:00,0.1,0,24.6,22.2,23.4,18.9,0,0
2016-08-16 23:30:00,0.2,0,24.6,22.1,23.35,18.9,0,0
2016-08-16 23:45:00,0.2,0,24.5,22.1,23.3,18.9,0,0
