;TDryBul;HDirNor;oveHeaPumY_u;reaTZon_y
0.0;271.75;0.0;1.0;292.5090411
1.0;270.8584416;0.0;1.0;292.6616968
2.0;270.15;0.0;1.0;292.7943294
3.0;269.6842857;0.0;1.0;292.9103783
4.0;269.45;0.0;1.0;293.0120681
5.0;269.3966667;0.0;1.0;293.1075654
6.0;269.35;0.0;1.0;293.1896201
7.0;269.2395833;0.0;0.984011242;293.258948
8.0;269.15;0.0;0.947860462;293.3153404
9.0;269.58875;0.0;0.895438733;293.310202
10.0;270.15;0.0;0.847635035;293.3584114
11.0;270.355;0.0;1.0;293.4123378
12.0;270.45;0.0;1.0;293.4822535
13.0;270.45;0.0;1.0;293.5495946
14.0;270.45;0.0;1.0;293.6137152
15.0;270.45;0.0;1.0;293.6835449
16.0;270.45;0.0;1.0;293.7611549
17.0;270.4875;0.0;1.0;293.8358316
18.0;270.65;0.0;1.0;293.9061284
19.0;270.9;0.0;1.0;293.9921022
20.0;271.15;0.0;1.0;294.0937047
21.0;271.4;0.0;1.0;294.1910484
22.0;271.65;0.0;1.0;294.2833731
23.0;271.8675;0.0;1.0;294.3776348
24.0;272.05;0.0;1.0;294.481469
25.0;272.2033333;0.0;1.0;294.6120467
26.0;272.25;0.0;1.0;294.7483778
27.0;272.1729167;0.0;1.0;294.850265
28.0;272.05;0.0;1.0;294.9228823
29.0;271.89375;0.0;1.0;294.9359158
30.0;271.75;0.0;1.0;294.9487347
31.0;271.78125;0.0;0.359738652;294.9046915
32.0;271.85;0.0;0.0;294.7122385
33.0;271.73875;0.0;0.0;294.4164186
34.0;271.65;0.0;0.0;294.1041791
35.0;271.705;0.0;0.0;293.868519
36.0;271.85;0.0;0.0;293.6141903
37.0;272.05;0.0;0.0;293.372643
38.0;272.25;0.0;0.0;293.1438603
39.0;272.45;0.0;0.01328103;293.0217912
40.0;272.65;0.0;0.057847116;292.9160415
41.0;272.9166667;0.0;0.133322137;292.8192502
42.0;273.15;0.0;0.237386656;292.7537521
43.0;273.0908333;0.0;0.359535924;292.7213689
44.0;272.95;0.0;0.489744413;292.7262535
45.0;272.92375;0.0;0.616624137;292.7738811
46.0;272.95;0.0;0.727078437;292.8609571
47.0;273.0919643;0.0;0.809437507;292.9850787
48.0;273.25;0.0;0.852707803;293.1315528
49.0;273.297619;0.0;0.850918244;293.2820964
50.0;273.35;0.0;0.803762151;293.4223965
51.0;273.5266667;0.0;0.715028181;293.5405138
52.0;273.85;0.0;0.591968161;293.6263283
53.0;274.3;0.0;0.444778938;293.6789267
54.0;274.75;0.0;0.283470993;293.6868227
55.0;275.1542857;0.0;0.122029379;293.6387903
56.0;275.55;0.0;0.0;293.5132651
57.0;275.9482143;0.0;0.0;293.2738827
58.0;276.25;0.0;0.0;293.0749384
59.0;276.33;0.0;0.732465693;293.0191423
60.0;276.35;0.0;1.0;293.1417724
61.0;276.4283333;0.0;1.0;293.3516982
62.0;276.55;0.0;1.0;293.588678
63.0;276.8041667;0.0;1.0;293.8366958
64.0;277.15;29.3710443;1.0;294.1174006
65.0;277.5303571;75.0;1.0;294.469692
66.0;277.95;106.8930686;1.0;294.8596287
67.0;278.6071429;129.0;1.0;295.2621884
68.0;279.15;124.8192204;0.946215491;295.6531976
69.0;279.1769231;100.0;0.77570575;295.9712433
70.0;279.15;63.77934272;0.513430466;296.1458572
71.0;279.2605769;30.0;0.205942597;296.1752255
72.0;279.35;9.137323944;0.0;296.0344426
73.0;279.4;0.0;0.0;295.7685572
74.0;279.45;0.0;0.0;295.4963619
75.0;279.5;0.0;0.0;295.2870296
76.0;279.55;0.0;0.0;295.0748278
77.0;279.65;0.0;0.033161747;294.8687733
78.0;279.75;0.0;0.127832489;294.7339671
79.0;279.509375;0.0;0.0;294.5827386
80.0;279.25;0.0;0.0;294.3844887
81.0;279.278125;0.0;0.0;294.1965915
82.0;279.35;0.0;0.0;294.0224645
83.0;279.45;0.0;0.0;293.9276448
84.0;279.55;0.0;0.0;293.7934233
85.0;279.65;0.0;0.0;293.6638354
86.0;279.75;0.0;0.0;293.5405799
87.0;279.8175;0.0;0.0;293.4244842
88.0;279.85;0.0;0.0;293.3127969
89.0;279.8533333;0.0;0.0;293.2052736
90.0;279.75;0.0;0.0;293.0982546
91.0;279.5222222;0.0;0.020874583;293.0443451
92.0;279.25;0.0;0.055266525;292.9983855
93.0;278.9256944;0.0;0.10304886;292.9536652
94.0;278.65;0.0;0.164185301;292.9257629
95.0;278.575;0.0;0.232851548;292.9323454
96.0;278.55;0.0;0.297818789;292.9758115
97.0;278.4505682;0.0;0.347902023;293.0415449
98.0;278.35;0.0;0.37715188;293.1197164
99.0;278.5;0.0;0.382328401;293.2099464
100.0;278.65;0.0;0.359832981;293.3040816
101.0;278.2931818;0.0;0.308901726;293.367142
102.0;277.95;0.0;0.240606111;293.3888208
103.0;277.9;0.0;0.167875934;293.3851324
104.0;277.85;0.0;0.097520645;293.35015
105.0;277.8;0.0;0.039224779;293.2194675
106.0;277.75;0.0;0.024918646;293.1121867
107.0;277.540625;0.0;0.741626664;293.0959147
108.0;277.35;0.0;1.0;293.2502854
109.0;277.3739583;0.0;1.0;293.4899028
110.0;277.45;0.0;1.0;293.745484
111.0;277.5604167;0.0;1.0;294.0165381
112.0;277.65;0.0;1.0;294.2939477
113.0;277.7;0.0;1.0;294.5564005
114.0;277.75;0.0;1.0;294.8026319
115.0;277.8;0.0;1.0;295.0364897
116.0;277.85;0.0;1.0;295.2591621
117.0;277.8770833;0.0;0.956117752;295.4652873
118.0;277.75;0.0;0.851225313;295.6389387
119.0;276.6322917;0.0;0.695861144;295.7319794
120.0;275.15;0.0;0.516615285;295.7105253
121.0;274.1588942;0.0;0.349530389;295.6116691
122.0;273.55;0.0;0.215972471;295.4489995
123.0;273.4215745;0.0;0.134406087;295.2523701
124.0;273.45;0.0;0.113526543;295.0457892
125.0;273.5429688;0.0;0.155118823;294.8370455
126.0;273.65;0.0;0.259442357;294.6670271
127.0;273.8130208;0.0;0.0;294.4788508
128.0;273.95;0.0;0.0;294.2495966
129.0;273.8791667;0.0;0.0;294.0125817
130.0;273.75;0.0;0.0;293.7739697
131.0;273.7625;0.0;0.0;293.6148578
132.0;273.75;0.0;0.0;293.4220787
133.0;273.5473684;0.0;0.0;293.2314541
134.0;273.25;0.0;0.0;293.0378364
135.0;272.8251316;0.0;0.043329975;292.9104261
136.0;272.45;0.0;0.121572665;292.8027572
137.0;272.7091667;0.0;0.23112894;292.7317192
138.0;273.05;0.0;0.360165082;292.7168702
139.0;272.9948958;0.0;0.490846488;292.7409541
140.0;272.95;0.0;0.612356072;292.8098356
141.0;272.9505208;0.0;0.710961313;292.9087129
142.0;272.95;0.0;0.778403563;293.0268961
143.0;272.9;0.0;0.809425583;293.1538285
144.0;272.85;0.0;0.801930409;293.2852997
145.0;273.0604167;0.0;0.75476695;293.4030945
146.0;273.25;0.0;0.672948857;293.510676
147.0;273.2;0.0;0.559366992;293.5772717
148.0;273.15;0.0;0.427855678;293.5952974
149.0;273.1;0.0;0.293365187;293.5670944
150.0;273.05;0.0;0.169647013;293.4925491
151.0;273.4275;0.0;0.070609562;293.383281
152.0;273.85;0.0;0.006088672;293.2584202
153.0;273.8683333;0.0;0.0;293.0369995
154.0;273.85;0.0;0.044971181;292.8599126
155.0;273.8083333;0.0;0.840851743;292.8022165
156.0;273.75;0.0;1.0;292.9024831
157.0;273.4358333;0.0;1.0;293.0609129
158.0;273.25;0.0;1.0;293.2256781
159.0;273.5339583;0.0;1.0;293.4148533
160.0;273.85;16.06534091;1.0;293.6198102
161.0;274.0989583;65.0;1.0;293.8718536
162.0;274.35;138.7085078;1.0;294.2247996
163.0;274.65;220.0;1.0;294.6624486
164.0;274.95;315.4042335;1.0;295.1518249
165.0;275.0280449;398.0;0.974983727;295.6782453
166.0;275.05;403.8717103;0.79018912;296.144369
167.0;275.382967;362.0;0.468572225;296.4594789
168.0;275.65;321.3877075;0.059973072;296.5756451
169.0;275.5903361;276.0;0.0;296.4957146
170.0;275.45;222.0756579;0.0;296.3202249
171.0;275.2793067;163.0;0.0;296.1251386
172.0;275.05;66.48684211;0.0;295.8374013
173.0;274.4064286;0.0;0.0;295.3673572
174.0;273.75;0.0;0.0;294.9595762
175.0;273.5757143;0.0;0.0;294.6280374
176.0;273.65;0.0;0.0;294.3452498
177.0;273.9107143;0.0;0.0;294.1016287
178.0;274.15;0.0;0.0;293.8872609
179.0;274.2994048;0.0;0.0;293.7501581
180.0;274.45;0.0;0.0;293.5767881
181.0;274.6583333;0.0;0.0;293.4155045
182.0;274.85;0.0;0.0;293.2649549
183.0;274.8770833;0.0;0.0;293.1179969
184.0;274.85;0.0;0.016948824;293.068762
185.0;274.95625;0.0;0.043781958;293.0197742
186.0;275.05;0.0;0.085299085;292.9594836
187.0;274.58125;0.0;0.145468553;292.8968052
188.0;274.05;0.0;0.224560911;292.8400994
189.0;274.0642045;0.0;0.320366388;292.8280374
190.0;274.05;0.0;0.417558271;292.854996
191.0;273.85;0.0;0.504711527;292.9032848
192.0;273.65;0.0;0.57631164;292.9684019
193.0;273.4482955;0.0;0.627535214;293.0519642
194.0;273.35;0.0;0.652767857;293.1452564
195.0;273.515;0.0;0.64952634;293.2468465
196.0;273.75;0.0;0.615392867;293.3483599
197.0;273.9225;0.0;0.550809219;293.4321535
198.0;274.05;0.0;0.461973479;293.4871131
199.0;274.05625;0.0;0.358091586;293.5057411
200.0;274.05;0.0;0.250437839;293.4826022
201.0;274.1;0.0;0.151814127;293.4216448
202.0;274.15;0.0;0.07336856;293.3265208
203.0;274.2;0.0;0.725168523;293.2876185
204.0;274.25;0.0;1.0;293.3834604
205.0;274.334375;0.0;1.0;293.5566594
206.0;274.45;0.0;1.0;293.7535208
207.0;274.596875;0.0;1.0;293.9570944
208.0;274.75;0.0;1.0;294.1641452
209.0;274.8125;0.0;1.0;294.3697295
210.0;274.75;0.0;1.0;294.5617437
211.0;274.5416667;0.0;1.0;294.7362395
212.0;274.25;0.0;1.0;294.8948376
213.0;273.8074405;0.0;1.0;295.0312171
214.0;273.45;0.0;1.0;295.1451863
215.0;273.6477679;0.0;0.995745664;295.2571317
216.0;273.95;0.0;0.958008867;295.366884
217.0;273.990625;0.0;0.887456045;295.4617083
218.0;274.05;0.0;0.789202339;295.5334671
219.0;274.25625;0.0;0.670574284;295.5726351
220.0;274.45;0.0;0.541825369;295.5712394
221.0;274.4375;0.0;0.415523347;295.509711
222.0;274.45;0.0;0.310686479;295.4136595
223.0;274.6;0.0;0.0;295.2372195
224.0;274.75;0.0;0.0;294.9837623
225.0;274.9;0.0;0.0;294.7260853
226.0;275.05;0.0;0.0;294.4830561
227.0;275.0388889;0.0;0.0;294.2545392
228.0;274.95;0.0;0.0;294.0370116
229.0;275.0039683;0.0;0.0;293.8351845
230.0;275.05;0.0;0.0;293.6460686
231.0;274.8633929;0.0;0.0;293.4645272
232.0;274.65;0.0;0.0;293.2867148
233.0;274.7208333;0.0;0.0;293.1256553
234.0;274.75;0.0;0.015356393;293.0630172
235.0;274.5708333;0.0;0.044583142;292.9887172
236.0;274.35;0.0;0.096682971;292.894225
237.0;274.1;0.0;0.178140069;292.8259384
238.0;273.85;0.0;0.278772867;292.7947998
239.0;273.61875;0.0;0.386889868;292.7955891
240.0;273.45;0.0;0.493173656;292.8287782
241.0;273.4458333;0.0;0.587880754;292.8893616
242.0;273.55;0.0;0.663043087;292.975244
243.0;273.6778846;0.0;0.711175767;293.0872475
244.0;273.85;0.0;0.72440135;293.216019
245.0;274.2658654;0.0;0.698157065;293.348643
246.0;274.65;0.0;0.631932973;293.4749095
247.0;274.50625;0.0;0.528146796;293.5624376
248.0;274.35;0.0;0.400039112;293.5972497
249.0;274.45;0.0;0.264123602;293.5881896
250.0;274.55;0.0;0.13311973;293.5286074
251.0;274.65;0.0;0.02251663;293.4237036
252.0;274.75;0.0;0.0;293.2740249
253.0;274.7666667;0.0;0.0;293.0884145
254.0;274.75;0.0;0.027756182;292.9325482
255.0;274.795;0.0;0.100785032;292.8222509
256.0;274.85;0.0;0.204624617;292.7591428
257.0;274.9462879;0.0;0.325037197;292.7555956
258.0;275.05;0.0;0.443535892;292.8010344
259.0;274.4756993;0.0;0.545953627;292.8657337
260.0;273.85;0.0;0.627998551;292.9344776
261.0;274.3;0.0;0.689218086;293.0581993
262.0;274.75;0.0;0.710572194;293.2224898
263.0;274.5663462;0.0;0.68061073;293.3674496
264.0;274.45;0.0;0.608127875;293.4858365
265.0;274.55;0.0;0.50145759;293.5895316
266.0;274.65;0.0;0.364413361;293.6632722
267.0;274.75;0.0;0.206744674;293.6922481
268.0;274.85;0.0;0.042621456;293.6506323
269.0;274.6788462;0.0;0.0;293.4600358
270.0;274.45;0.0;0.0;293.2209165
271.0;274.6661538;0.0;0.0;293.0004271
272.0;274.85;0.0;0.055896336;292.8495012
273.0;274.6925;0.0;0.15359228;292.7417394
274.0;274.55;0.0;0.281458553;292.6752537
275.0;274.5;0.0;0.427206715;292.6619097
276.0;274.45;0.0;0.57430102;292.7040539
277.0;274.4259615;0.0;0.70597764;292.7979357
278.0;274.35;0.0;0.806902851;292.9268382
279.0;274.1615385;0.0;0.867406256;293.0761167
280.0;273.95;0.0;0.882107332;293.2206211
281.0;273.75;0.0;0.853695797;293.362723
282.0;273.55;0.0;0.782773788;293.4887731
283.0;273.5333333;0.0;0.674839354;293.5847391
284.0;273.55;0.0;0.539619329;293.6401598
285.0;273.3866667;0.0;0.389800362;293.6353003
286.0;273.15;0.0;0.244453252;293.5732761
287.0;272.8514286;0.0;0.120571616;293.4573598
288.0;272.55;0.0;0.034159481;293.297721
289.0;272.2754464;0.0;0.0;293.0904609
290.0;272.05;0.0;0.028224727;292.8834035
291.0;272.040625;0.0;0.118556554;292.7151579
292.0;272.05;0.0;0.257421446;292.5926242
293.0;271.9;0.0;0.430760871;292.5233152
294.0;271.75;0.0;0.622231776;292.5166147
295.0;271.6;0.0;0.812582405;292.5681766
296.0;271.45;0.0;0.984551315;292.6598077
297.0;271.4335938;0.0;1.0;292.7260487
298.0;271.45;0.0;1.0;292.8529509
299.0;270.9451563;0.0;1.0;292.966275
300.0;270.55;0.0;1.0;293.0561316
301.0;270.7263636;0.0;1.0;293.1527058
302.0;270.95;14.09141791;0.994359552;293.2620213
303.0;271.1873864;42.0;0.955287395;293.4043785
304.0;271.45;128.8009231;0.871855978;293.605473
305.0;272.1575;211.0;0.725159355;293.9096503
306.0;272.85;121.379448;0.482055403;294.1391936
307.0;272.8638889;20.0;0.173820143;294.0977458
308.0;272.85;37.02034584;0.0;293.9533546
309.0;273.1277778;48.0;0.0;293.7927885
310.0;273.35;19.70786517;0.0;293.5940898
311.0;273.4037879;0.0;0.0;293.359648
312.0;273.45;0.0;0.0;293.1364412
313.0;273.6295455;0.0;0.015227976;293.0024757
314.0;273.65;0.0;0.066183557;292.9052485
315.0;273.4;0.0;0.144470373;292.8074669
316.0;273.15;0.0;0.252119391;292.7160323
317.0;272.875;0.0;0.386881418;292.6122761
318.0;272.65;0.0;0.553386388;292.5696838
319.0;272.575;0.0;0.729610851;292.5969733
320.0;272.55;0.0;0.894154377;292.6853
321.0;272.5;0.0;1.0;292.8162993
322.0;272.45;0.0;1.0;292.9663481
323.0;272.4;0.0;1.0;293.1765963
324.0;272.35;0.0;0.981508717;293.3362585
325.0;272.3;0.0;0.917648038;293.4695846
326.0;272.25;0.0;0.815106359;293.5694119
327.0;272.2333333;0.0;0.684291427;293.6342569
328.0;272.25;0.0;0.535772097;293.6562928
329.0;272.3041667;0.0;0.382782473;293.62993
330.0;272.35;0.0;0.240121606;293.5566021
331.0;272.3;0.0;0.121807385;293.4351052
332.0;272.25;0.0;0.042350663;293.276209
333.0;272.25;0.0;0.012432762;293.0992678
334.0;272.25;0.0;0.036499477;292.9225427
335.0;272.25;0.0;0.113572924;292.7664566
336.0;272.25;0.0;0.236440233;292.6501013
337.0;272.2875;0.0;0.392227611;292.5822862
338.0;272.35;0.0;0.56593249;292.572155
339.0;272.4;0.0;0.739792549;292.6216805
340.0;272.45;0.0;0.895812115;292.7251883
341.0;272.5625;0.0;1.0;292.8699284
342.0;272.65;0.0;1.0;293.0365126
343.0;272.4785714;0.0;1.0;293.1986341
344.0;272.25;0.0;0.977303697;293.3412629
345.0;272.1401786;0.0;0.9127934;293.4022065
346.0;272.05;0.0;0.834084255;293.4781311
347.0;271.98125;0.0;1.0;293.5496172
348.0;271.95;0.0;1.0;293.6350194
349.0;271.975;0.0;1.0;293.7279283
350.0;272.05;0.0;1.0;293.8326891
351.0;272.15;0.0;1.0;293.9385927
352.0;272.25;0.0;1.0;294.0322802
353.0;272.35;0.0;1.0;294.1331424
354.0;272.45;0.0;1.0;294.2414203
355.0;272.43;0.0;1.0;294.3491763
356.0;272.35;0.0;1.0;294.453462
357.0;272.3366667;0.0;1.0;294.5565725
358.0;272.35;0.0;1.0;294.6589057
359.0;272.45;0.0;1.0;294.752833
360.0;272.55;0.0;1.0;294.8372738
361.0;272.5520833;0.0;1.0;294.9176928
362.0;272.55;0.0;1.0;294.9923496
363.0;272.61875;0.0;1.0;295.0666659
364.0;272.65;0.0;1.0;295.1375816
365.0;272.6;0.0;1.0;295.1801982
366.0;272.55;0.0;0.988809708;295.2263178
367.0;272.5;0.0;0.263608386;295.1954938
368.0;272.45;0.0;0.0;294.9915917
369.0;272.3875;0.0;0.0;294.6937063
370.0;272.35;0.0;0.0;294.385603
371.0;272.35;0.0;0.0;294.1535521
372.0;272.35;0.0;0.0;293.8977775
373.0;272.35;0.0;0.0;293.6543105
374.0;272.35;0.0;0.0;293.4237178
375.0;272.4125;0.0;0.0;293.2070552
376.0;272.45;0.0;0.0;293.0014862
377.0;272.4;0.0;0.054832589;292.9097689
378.0;272.35;0.0;0.131487801;292.8346253
379.0;272.3;0.0;0.229857378;292.7672209
380.0;272.25;0.0;0.348061318;292.7294158
381.0;272.24375;0.0;0.476126838;292.7293114
382.0;272.25;0.0;0.602338638;292.769261
383.0;272.2;0.0;0.714562844;292.845656
384.0;272.15;0.0;0.80204629;292.9545573
385.0;272.15;0.0;0.855234045;293.0828558
386.0;272.15;0.0;0.868962387;293.2164121
387.0;272.09375;0.0;0.842360933;293.3436136
388.0;272.05;0.0;0.777916787;293.4521902
389.0;272.05;0.0;0.681830894;293.533621
390.0;272.05;0.0;0.562673039;293.5789622
391.0;272.05;0.0;0.431717322;293.5823752
392.0;272.05;0.0;0.301834115;293.5416887
393.0;272.00625;0.0;0.186361841;293.3995888
394.0;271.95;0.0;0.118590181;293.2687119
395.0;271.99375;0.0;0.789520458;293.1951062
396.0;272.05;0.0;1.0;293.2423939
397.0;272.0;0.0;1.0;293.3529751
398.0;271.85;0.0;1.0;293.4787224
399.0;271.5583333;0.0;1.0;293.5978704
400.0;271.25;0.0;1.0;293.705109
401.0;271.0322917;0.0;1.0;293.8119807
402.0;270.95;0.0;1.0;293.92445
403.0;271.0239583;0.0;1.0;294.0587082
404.0;271.15;0.0;1.0;294.1989778
405.0;271.3020833;0.0;1.0;294.3355555
406.0;271.45;0.0;1.0;294.4635261
407.0;271.5666667;0.0;1.0;294.5894878
408.0;271.65;0.0;1.0;294.7164538
409.0;271.6616667;0.0;1.0;294.8361329
410.0;271.65;0.0;1.0;294.9434845
411.0;271.7522222;0.0;1.0;295.0497458
412.0;271.85;0.0;1.0;295.1417602
413.0;271.5402778;0.0;0.997871213;295.1432004
414.0;271.25;0.0;0.999839083;295.1337466
415.0;271.3;0.0;0.305187782;295.077127
416.0;271.35;0.0;0.0;294.8709154
417.0;271.4;0.0;0.0;294.5713443
418.0;271.45;0.0;0.0;294.2639122
419.0;271.3625;0.0;0.0;294.0237093
420.0;271.25;0.0;0.0;293.7497165
421.0;271.3625;0.0;0.0;293.4989103
422.0;271.45;0.0;0.0;293.270953
423.0;271.4;0.0;0.0;293.0532049
424.0;271.35;0.0;0.039925923;292.9387285
425.0;271.3;0.0;0.109031203;292.8415409
426.0;271.25;0.0;0.206428323;292.7540273
427.0;271.0275;0.0;0.329595817;292.6870865
428.0;270.85;0.0;0.471816923;292.6565776
429.0;271.0322222;0.0;0.621369097;292.6806506
430.0;271.25;0.0;0.760970263;292.7545739
431.0;271.3402778;0.0;0.875901914;292.8648083
432.0;271.45;0.0;0.955947689;293.0049341
433.0;271.6;0.0;0.992461188;293.1596025
434.0;271.75;0.0;0.981847002;293.3158812
435.0;271.9;0.0;0.924268715;293.46308
436.0;272.05;0.0;0.822984766;293.5872819
437.0;272.3041667;0.0;0.685590113;293.6782465
438.0;272.65;0.0;0.522567948;293.7295729
439.0;273.0833333;0.0;0.346129749;293.7317667
440.0;273.45;0.0;0.171490041;293.6776813
441.0;273.565625;0.0;0.015889921;293.5028816
442.0;273.65;0.0;0.0;293.312297
443.0;273.7885417;0.0;0.66084014;293.1942987
444.0;273.95;0.0;1.0;293.2376517
445.0;274.175;0.0;1.0;293.3818699
446.0;274.45;0.0;1.0;293.5630126
447.0;274.7958333;0.0;1.0;293.7583052
448.0;275.15;0.0;1.0;293.9630426
449.0;275.3675;0.0;1.0;294.169427
450.0;275.45;0.0;1.0;294.3705443
451.0;275.2807143;0.0;1.0;294.5558794
452.0;275.15;0.0;1.0;294.7253857
453.0;275.2799107;0.0;1.0;294.8885561
454.0;275.45;0.0;1.0;295.0405595
455.0;275.621875;0.0;1.0;295.1929478
456.0;275.85;0.0;0.979496236;295.3453776
457.0;276.15;0.0;0.913261461;295.4847009
458.0;276.45;0.0;0.805885029;295.5980952
459.0;276.75;0.0;0.665786769;295.6795821
460.0;277.05;0.0;0.502837793;295.7149123
461.0;277.35;0.0;0.331597596;295.6713863
462.0;277.65;0.0;0.17735802;295.5720978
463.0;277.91;0.0;0.0;295.3815968
464.0;278.15;0.0;0.0;295.1253088
465.0;278.415;0.0;0.0;294.8763657
466.0;278.75;0.0;0.0;294.6498478
467.0;279.2204545;0.0;0.0;294.5121032
468.0;279.75;0.0;0.0;294.3518577
469.0;280.3357955;0.0;0.0;294.2099766
470.0;280.85;0.0;0.0;294.0845385
471.0;281.0882813;0.0;0.0;293.9626235
472.0;281.25;0.0;0.0;293.8433373
473.0;281.5210938;0.0;0.0;293.7349759
474.0;281.75;0.0;0.0;293.6340552
475.0;281.6650568;0.0;0.0;293.5280085
476.0;281.35;0.0;0.0;293.4094237
477.0;280.9984848;0.0;0.0;293.2865808
478.0;280.65;0.0;0.0;293.1636412
479.0;280.3583333;0.0;0.002054624;293.0448012
480.0;280.15;0.0;0.039556278;293.0277382
481.0;280.1928571;0.0;0.077087975;293.0258324
482.0;280.25;0.0;0.114433531;293.0253072
483.0;280.1015873;0.0;0.151867624;293.0281353
484.0;279.95;0.0;0.188285616;293.0404616
485.0;279.8274306;0.0;0.220530837;293.0647915
486.0;279.75;0.0;0.244876885;293.1016433
487.0;279.8648438;0.0;0.257541314;293.1514285
488.0;280.05;0.0;0.254623488;293.2098825
489.0;280.1015625;0.0;0.233736033;293.1996112
490.0;280.05;0.0;0.219366256;293.2247866
491.0;279.5065717;0.0;0.895671514;293.3210039
492.0;278.95;0.0;1.0;293.5367058
493.0;278.9462185;0.0;1.0;293.8143774
494.0;279.15;0.0;1.0;294.1191471
495.0;279.5964286;0.0;1.0;294.436918
496.0;279.95;0.0;1.0;294.75265
497.0;279.95;0.0;1.0;295.05029
498.0;279.95;0.0;1.0;295.3323717
499.0;280.05;0.0;0.931184398;295.6033782
500.0;280.15;0.0;0.7816206;295.8383359
501.0;280.25;0.0;0.563371934;296.0076048
502.0;280.35;52.90398551;0.297627051;296.1227689
503.0;280.625;145.0;3.82e-05;296.2186982
504.0;280.85;231.8682748;0.0;296.2366459
505.0;280.85;318.0;0.0;296.2313861
506.0;280.85;340.5446949;0.0;296.2170477
507.0;280.85;291.0;0.0;296.1572048
508.0;280.85;128.6830448;0.0;296.0132579
509.0;280.6338235;0.0;0.0;295.6502789
510.0;280.25;0.0;0.0;295.3170854
511.0;279.7745098;0.0;0.0;295.0422196
512.0;279.45;0.0;0.0;294.7987991
513.0;279.5578829;0.0;0.0;294.5942513
514.0;279.75;0.0;0.0;294.4182232
515.0;279.8680695;0.0;0.0;294.3227371
516.0;279.95;0.0;0.0;294.1874978
517.0;278.7587698;0.0;0.0;294.025298
518.0;277.55;0.0;0.0;293.8240958
519.0;278.035603;0.0;0.0;293.6871148
520.0;278.55;0.0;0.0;293.5879508
521.0;278.6296748;0.0;0.0;293.4802694
522.0;278.55;0.0;0.0;293.3658995
523.0;278.1805556;0.0;0.0;293.2416422
524.0;277.85;0.0;0.0;293.1139393
525.0;277.7517361;0.0;0.017203352;293.1000332
526.0;277.65;0.0;0.03288869;293.075971
527.0;277.421875;0.0;0.05630051;293.0238348
528.0;277.25;0.0;0.096756892;292.9729229
529.0;277.2;0.0;0.152425614;292.9428947
530.0;277.15;0.0;0.2160586;292.9375254
531.0;277.1;0.0;0.28006944;292.9553832
532.0;277.05;0.0;0.337561608;292.9931992
533.0;277.10625;0.0;0.382711041;293.054315
534.0;277.15;0.0;0.408360765;293.1325031
535.0;276.9633929;0.0;0.409700426;293.2072245
536.0;276.75;0.0;0.388796997;293.2682409
537.0;276.6511905;0.0;0.350273892;293.3150806
538.0;276.55;0.0;0.29840773;293.3412877
539.0;276.35;0.0;0.939711073;293.4239417
540.0;276.15;0.0;1.0;293.6125949
541.0;276.1033333;0.0;1.0;293.8407916
542.0;276.15;37.45;1.0;294.1006336
543.0;276.2675;107.0;1.0;294.4313959
544.0;276.55;225.2329502;1.0;294.8528124
545.0;277.2694444;321.0;1.0;295.4135457
546.0;278.05;236.2469141;0.892899621;295.8900048
547.0;278.5263889;107.0;0.647075223;296.1496431
548.0;278.75;58.23025659;0.334200395;296.2458946
549.0;278.75;47.0;0.000619446;296.1801433
550.0;278.75;250.0356522;0.0;296.1152378
551.0;278.75;443.0;0.0;296.2790125
552.0;278.75;217.8042269;0.0;296.2509272
553.0;278.88125;0.0;0.0;295.8828557
554.0;279.05;0.0;0.0;295.5841433
555.0;279.11875;0.0;0.0;295.3618441
556.0;279.15;0.0;0.0;295.1646298
557.0;279.15;0.0;0.005471761;294.9281266
558.0;279.15;0.0;0.083858945;294.8077449
559.0;279.15;0.0;0.0;294.6944496
560.0;279.15;0.0;0.0;294.5412922
561.0;279.0;0.0;0.0;294.3788991
562.0;278.85;0.0;0.0;294.2131309
563.0;278.85;0.0;0.0;294.0603856
564.0;278.85;0.0;0.0;293.9183786
565.0;278.85;0.0;0.0;293.7850082
566.0;278.85;0.0;0.0;293.6602059
567.0;278.9;0.0;0.0;293.5421165
568.0;278.95;0.0;0.0;293.427549
569.0;278.9175;0.0;0.0;293.3124578
570.0;278.85;0.0;0.0;293.1967903
571.0;278.745;0.0;0.0;293.0845508
572.0;278.65;0.0;0.025246743;293.0325345
573.0;278.6875;0.0;0.063087197;293.001839
574.0;278.75;0.0;0.109070272;292.9825789
575.0;278.7275;0.0;0.160259618;292.9781253
576.0;278.65;0.0;0.21204472;292.9917226
577.0;278.4638462;0.0;0.258848089;293.0219828
578.0;278.25;0.0;0.295740244;293.0653657
579.0;278.1242788;0.0;0.318961387;293.1205017
580.0;278.15;0.0;0.32505408;293.1851059
581.0;278.4737981;0.0;0.311292113;293.2549864
582.0;279.05;0.0;0.276302179;293.3280246
583.0;279.7489698;0.0;0.219242895;293.3973736
584.0;280.45;0.0;0.141563358;293.4483888
585.0;281.1366071;0.0;0.049495948;293.4665133
586.0;281.55;0.0;0.0;293.4260589
587.0;281.65;0.0;0.0;293.3325419
588.0;281.75;0.0;0.0;293.2220222
589.0;281.875;0.0;0.0;293.11255
590.0;281.95;0.0;0.016708619;293.0466317
591.0;281.875;0.0;0.051015033;293.0067341
592.0;281.75;0.0;0.095989686;292.9863275
593.0;281.65;0.0;0.146111749;292.993567
594.0;281.55;0.0;0.192679681;293.0278271
595.0;281.8134615;0.0;0.227618551;293.0958859
596.0;282.25;0.0;0.240449855;293.1983265
597.0;282.4915385;0.0;0.220829875;293.300443
598.0;282.65;0.0;0.170591137;293.3859519
599.0;282.6557143;0.0;0.095530117;293.4346589
600.0;282.65;0.0;0.007697104;293.4358973
601.0;282.7580357;0.0;0.0;293.3810345
602.0;282.85;0.0;0.0;293.2927444
603.0;282.8294643;0.0;0.0;293.1965897
604.0;282.75;0.0;0.0;293.0999888
605.0;282.5809524;0.0;0.019833404;293.0121017
606.0;282.45;0.0;0.065597233;292.9517666
607.0;282.4803922;0.0;0.128084;292.9304929
608.0;282.55;0.0;0.194999812;292.9502749
609.0;282.6520483;0.0;0.253928256;293.0075454
610.0;282.75;0.0;0.293801126;293.0960264
611.0;282.2;0.0;0.305569137;293.1848648
612.0;281.65;0.0;0.290667773;293.2541997
613.0;281.7508929;0.0;0.255941102;293.3307948
614.0;281.85;0.0;0.197872923;293.3909983
615.0;281.9;0.0;0.122563261;293.4170162
616.0;281.95;0.0;0.041157501;293.4014246
617.0;282.0;0.0;0.0;293.328859
618.0;282.05;0.0;0.0;293.2147965
619.0;282.1964286;0.0;0.0;293.09656
620.0;282.45;0.0;0.021943837;293.0263252
621.0;282.8085714;0.0;0.062558018;292.995263
622.0;283.15;0.0;0.110532221;292.9931642
623.0;283.3266667;0.0;0.157687902;293.0150278
624.0;283.45;0.0;0.197086367;293.0607295
625.0;283.5527083;0.0;0.221582421;293.1244654
626.0;283.55;0.0;0.226056023;293.1944854
627.0;283.078125;0.0;0.209209394;293.2491896
628.0;282.55;0.0;0.17671732;293.273729
629.0;282.35;0.0;0.138371658;293.2876899
630.0;282.15;0.0;0.096366635;293.2812421
631.0;281.95;0.0;0.057316408;293.2477098
632.0;281.75;0.0;0.029680096;293.1894647
633.0;281.390625;0.0;0.020752928;293.0478719
634.0;281.05;0.0;0.058471011;292.9544051
635.0;280.9265625;0.0;0.121822806;292.8904158
636.0;280.85;0.0;0.202897541;292.8633322
637.0;280.8;0.0;0.290252044;292.8816439
638.0;280.75;0.0;0.369843305;292.9457945
639.0;280.5171875;0.0;0.427897435;293.0438944
640.0;280.35;0.0;0.45482412;293.1664233
641.0;280.4890625;0.0;0.443770701;293.313787
642.0;280.65;0.0;0.387266421;293.4638415
643.0;280.7453125;0.0;0.285611238;293.5881319
644.0;280.85;0.0;0.147957155;293.6584098
645.0;280.9958333;0.0;0.0;293.6332763
646.0;281.15;23.5;0.0;293.5543485
647.0;281.3229167;47.0;0.0;293.5072188
648.0;281.35;23.5;0.0;293.4353327
649.0;281.2;-8.88e-16;0.0;293.2952387
650.0;281.05;0.0;0.0;293.157926
651.0;280.9;0.0;0.004487827;293.0420724
652.0;280.75;0.0;0.042658796;292.9937774
653.0;280.1006579;0.0;0.091940332;292.9018148
654.0;279.35;0.0;0.170994011;292.7973655
655.0;279.2296992;0.0;0.282006834;292.7653726
656.0;279.15;0.0;0.39899471;292.8035277
657.0;278.5840659;0.0;0.50102866;292.8754767
658.0;278.15;0.0;0.579788183;292.9714794
659.0;278.4355769;0.0;0.628544229;293.1754602
660.0;278.75;0.0;0.610707138;293.3584007
661.0;278.8;0.0;0.539039911;293.5221249
662.0;278.85;0.0;0.419216243;293.6468062
663.0;278.9;0.0;0.263940328;293.7105897
664.0;278.95;0.0;0.092574249;293.6980202
665.0;278.9675;0.0;0.0;293.5916702
666.0;278.95;0.0;0.0;293.4242479
667.0;278.82;0.0;0.0;293.2446952
668.0;278.75;0.0;0.0;293.0672462
669.0;278.85;0.0;0.033698593;292.9596907
670.0;278.95;0.0;0.096169163;292.8912796
671.0;279.05;0.0;0.177205821;292.8544866
672.0;279.15;0.0;0.267699485;292.8585421
673.0;279.2225;0.0;0.354934074;292.9039471
674.0;279.25;0.0;0.4264797;292.9852568
675.0;279.1581818;0.0;0.471837179;293.0907351
676.0;278.95;0.0;0.484342745;293.2030756
677.0;278.6048951;0.0;0.46280304;293.3061179
678.0;278.25;0.0;0.41081556;293.384354
679.0;278.1402043;0.0;0.336597541;293.4360327
680.0;278.25;0.0;0.248203792;293.4580291
681.0;278.7210938;0.0;0.154695242;293.3914936
682.0;279.15;0.0;0.085573933;293.3479808
683.0;279.20625;0.0;0.728355346;293.3686564
684.0;279.15;0.0;1.0;293.5448761
685.0;278.986875;0.0;1.0;293.8048983
686.0;278.85;0.0;1.0;294.0864444
687.0;278.82;0.0;1.0;294.3608326
688.0;278.85;0.0;1.0;294.628487
689.0;278.965;0.0;1.0;294.8961978
690.0;279.05;0.0;1.0;295.1618134
691.0;279.05;0.0;0.983175187;295.4170904
692.0;279.05;0.0;0.890284218;295.6462225
693.0;279.05;0.0;0.729960851;295.8339326
694.0;279.05;0.0;0.515395553;295.9573442
695.0;278.985;0.0;0.267021716;295.9875034
696.0;278.85;13.29545455;0.014262752;295.9259775
697.0;278.5455556;26.0;0.0;295.7875333
698.0;278.25;15.37762238;0.0;295.5794938
699.0;278.3444444;4.0;0.0;295.3758727
700.0;278.45;1.326923077;0.0;295.1764376
701.0;278.328125;0.0;0.002040489;294.8732014
702.0;278.15;0.0;0.10024189;294.6678973
703.0;277.884375;0.0;0.0;294.4858742
704.0;277.65;0.0;0.0;294.2690552
705.0;277.545;0.0;0.0;294.0610666
706.0;277.45;0.0;0.0;293.8691593
707.0;277.28;0.0;0.0;293.7525004
708.0;277.15;0.0;0.0;293.5936603
709.0;277.1;0.0;0.0;293.4416136
710.0;277.05;0.0;0.0;293.2943451
711.0;277.0;0.0;0.0;293.1566924
712.0;276.95;0.0;0.00487492;293.0289406
713.0;276.9678571;0.0;0.047580329;292.9638012
714.0;277.05;0.0;0.106696936;292.9264096
715.0;277.2071429;0.0;0.175643627;292.9096768
716.0;277.35;0.0;0.248577235;292.9230281
717.0;277.3008929;0.0;0.316001238;292.9626942
718.0;277.15;0.0;0.370209674;293.0245229
719.0;276.8758929;0.0;0.404761366;293.0929831
720.0;276.65;0.0;0.418443414;293.1615314
721.0;276.8266234;0.0;0.411556581;293.235962
722.0;277.05;0.0;0.382046458;293.3119442
723.0;277.0757576;0.0;0.329664102;293.3692343
724.0;277.05;0.0;0.261029303;293.4015754
725.0;276.9666667;0.0;0.183939636;293.4001248
726.0;276.85;0.0;0.108974727;293.3606412
727.0;276.6555556;0.0;0.04775655;293.2828984
728.0;276.45;0.0;0.011774152;293.1757834
729.0;276.4694444;0.0;0.00939488;292.9973343
730.0;276.45;0.0;0.064117055;292.8745814
731.0;276.1188725;0.0;0.852880272;292.8575268
732.0;275.75;0.0;1.0;292.9986727
733.0;275.4227941;0.0;1.0;293.2028876
734.0;275.25;0.291564792;1.0;293.4194867
735.0;275.4125;1.0;1.0;293.6525753
736.0;275.75;141.0864352;1.0;293.987427
737.0;276.1;275.0;1.0;294.5381782
738.0;276.45;209.9681098;1.0;295.0133399
739.0;276.8;141.0;1.0;295.3534222
740.0;277.15;126.7215985;0.921969206;295.6716263
741.0;277.4333333;109.0;0.749571118;295.9592854
742.0;277.65;78.12097091;0.492402541;296.1137691
743.0;277.825;48.0;0.19554764;296.1262698
744.0;277.75;32.52455605;0.0;295.9918245
745.0;277.3320513;29.0;0.0;295.7501843
746.0;276.85;59.04667324;0.0;295.5135465
747.0;276.4579487;87.0;0.0;295.3962249
748.0;276.15;42.24009146;0.0;295.2598079
749.0;276.5448485;0.0;0.0;294.9231991
750.0;277.05;0.0;0.084870721;294.7084192
751.0;276.9593182;0.0;0.0;294.5247708
752.0;276.65;0.0;0.0;294.3052234
753.0;276.1463636;0.0;0.0;294.0759087
754.0;275.65;0.0;0.0;293.8488461
755.0;275.1969697;0.0;0.0;293.6918555
756.0;274.85;0.0;0.0;293.4949454
757.0;274.6729167;0.0;0.0;293.3183983
758.0;274.55;0.0;0.0;293.1548214
759.0;274.4229167;0.0;0.00673242;292.9970914
760.0;274.35;0.0;0.060491483;292.9041011
761.0;274.4791667;0.0;0.138910686;292.8450604
762.0;274.65;0.0;0.233344581;292.8101357
763.0;274.7091667;0.0;0.337050104;292.8137544
764.0;274.75;0.0;0.437742849;292.8579961
765.0;274.766875;0.0;0.523131924;292.9359974
766.0;274.75;0.0;0.583432636;293.034132
767.0;274.640625;0.0;0.613286302;293.1433783
768.0;274.45;0.0;0.60981049;293.2458641
769.0;274.1;0.0;0.575926962;293.3252136
770.0;273.85;0.0;0.519395411;293.3796454
771.0;273.85;0.0;0.447780194;293.417349
772.0;273.85;0.0;0.365690319;293.4282054
773.0;273.85;0.0;0.281685881;293.4077248
774.0;273.85;0.0;0.205392465;293.3591298
775.0;273.85;0.0;0.145083278;293.2846556
776.0;273.85;0.0;0.108410304;293.1876749
777.0;273.9333333;0.0;0.101956854;293.0196223
778.0;274.05;0.0;0.14947278;292.9050483
779.0;274.1166667;0.0;0.928686984;292.8943824
780.0;274.15;0.0;1.0;293.0242153
781.0;274.15;0.0;1.0;293.2039289
782.0;274.15;10.89672747;1.0;293.404112
783.0;274.15;33.0;1.0;293.6331796
784.0;274.15;136.20046;1.0;293.9359304
785.0;274.3833333;233.0;1.0;294.3854242
786.0;274.75;118.9028125;1.0;294.7670421
787.0;275.0095238;0.0;1.0;294.9036468
788.0;275.25;0.0;1.0;295.0241625
789.0;275.4102679;0.0;1.0;295.1593168
790.0;275.45;0.0;0.990447239;295.3003701
791.0;275.25;0.0;0.938283533;295.4359359
792.0;275.05;0.0;0.84572446;295.5452891
793.0;275.0982639;0.0;0.721670067;295.6209816
794.0;275.15;0.0;0.576590954;295.6510789
795.0;275.0777778;0.0;0.424762415;295.6675099
796.0;275.05;0.0;0.268687887;295.6462905
797.0;275.1888889;0.0;0.120861704;295.4597567
798.0;275.35;0.0;0.037261382;295.2195908
799.0;275.4647569;0.0;0.0;294.9651892
800.0;275.55;0.0;0.0;294.6967982
801.0;275.4911458;0.0;0.0;294.4386818
802.0;275.25;0.0;0.0;294.1923231
803.0;274.7135417;0.0;0.0;294.0027156
804.0;274.25;0.0;0.0;293.7643843
805.0;274.1;0.0;0.0;293.5489572
806.0;273.95;0.0;0.0;293.3485148
807.0;273.8;0.0;0.0;293.1580176
808.0;273.65;0.0;0.007119588;292.9748779
809.0;273.5875;0.0;0.068813216;292.8784411
810.0;273.65;0.0;0.155102726;292.8136691
811.0;273.9642857;0.0;0.259240599;292.7781582
812.0;274.25;0.0;0.372568698;292.7875745
813.0;274.2538961;0.0;0.480825536;292.8316256
814.0;274.25;0.0;0.574135287;292.9071443
815.0;274.2839015;0.0;0.643216063;293.0121604
816.0;274.35;0.0;0.679317135;293.1404422
817.0;274.65;0.0;0.675770387;293.2760607
818.0;274.95;0.0;0.631171246;293.4088299
819.0;274.9979167;0.0;0.546883809;293.5151203
820.0;275.05;0.0;0.432033205;293.5845374
821.0;275.15;0.0;0.298201136;293.6085458
822.0;275.25;0.0;0.159436989;293.5798885
823.0;275.35;0.0;0.031903312;293.4953975
824.0;275.45;0.0;0.0;293.3503459
825.0;275.5089286;0.0;0.0;293.1071093
826.0;275.55;0.0;0.025029027;292.9437456
827.0;275.6535714;0.0;0.795073524;292.9099151
828.0;275.85;0.0;1.0;293.0510001
829.0;276.2772727;0.0;1.0;293.2780143
830.0;276.75;0.0;1.0;293.5349766
831.0;276.9914773;0.0;1.0;293.7972317
832.0;277.25;0.0;1.0;294.0626464
833.0;277.76875;0.0;1.0;294.3392046
834.0;278.25;0.0;1.0;294.6169218
835.0;278.55;0.0;1.0;294.8796092
836.0;278.85;0.0;1.0;295.1289714
837.0;279.15;0.0;0.993840485;295.3725615
838.0;279.45;0.0;0.91489254;295.6043716
839.0;279.871875;0.0;0.766990548;295.8028336
840.0;280.35;0.0;0.561217371;295.9464819
841.0;280.7510417;0.0;0.315090397;296.0061664
842.0;281.15;0.0;0.055256239;295.9595749
843.0;281.6052083;0.0;0.0;295.8070046
844.0;282.05;0.0;0.0;295.597076
845.0;282.3203125;0.0;0.0;295.3522886
846.0;282.45;0.0;0.0;295.1115905
847.0;282.4979911;0.0;0.0;294.8981801
848.0;282.55;0.0;0.0;294.7061932
849.0;282.7535714;0.0;0.0;294.5376055
850.0;282.95;0.0;0.0;294.3883285
851.0;282.9916667;0.0;0.0;294.3131341
852.0;282.95;0.0;0.0;294.1900438
853.0;282.7895833;0.0;0.0;294.0681628
854.0;282.65;0.0;0.0;293.9503477
855.0;282.75;0.0;0.0;293.8433135
856.0;282.85;0.0;0.0;293.7465607
857.0;282.81375;0.0;0.0;293.6503285
858.0;282.75;0.0;0.0;293.5578505
859.0;282.64875;0.0;0.0;293.4687035
860.0;282.55;0.0;0.0;293.3804662
861.0;282.51625;0.0;0.0;293.2946965
862.0;282.55;0.0;0.0;293.2130955
863.0;282.715;0.0;0.0;293.139742
864.0;282.85;0.0;0.006745086;293.0737365
865.0;282.85;0.0;0.032924422;293.1031075
866.0;282.85;0.0;0.045523625;293.1341001
867.0;282.85;0.0;0.048743977;293.1434311
868.0;282.85;0.0;0.050248091;293.1443621
869.0;282.80625;0.0;0.051892923;293.1382321
870.0;282.75;0.0;0.055729796;293.1263099
871.0;282.85625;0.0;0.063432952;293.1211309
872.0;282.95;0.0;0.072352645;293.1266464
873.0;282.8041667;0.0;0.079082941;293.1270199
874.0;282.65;0.0;0.085958295;293.1232766
875.0;282.5895833;0.0;0.794162486;293.230444
876.0;282.55;0.0;1.0;293.5257343
877.0;282.53125;0.0;1.0;293.9178154
878.0;282.55;0.0;1.0;294.3279709
879.0;282.63125;0.0;1.0;294.7190245
880.0;282.75;0.0;1.0;295.0936204
881.0;282.8875;0.0;0.998184092;295.4535037
882.0;283.05;0.0;0.889138819;295.7849351
883.0;283.29625;0.0;0.682086709;296.0582028
884.0;283.55;0.0;0.395962474;296.2371238
885.0;283.700625;0.0;0.060879276;296.2784554
886.0;283.75;0.0;0.0;296.1722624
887.0;283.716875;0.0;0.0;295.9841432
888.0;283.65;0.0;0.0;295.7765
889.0;283.5425;0.0;0.0;295.562619
890.0;283.45;0.0;0.0;295.3525397
891.0;283.43125;0.0;0.0;295.17044
892.0;283.45;0.0;0.002972991;295.0119356
893.0;283.4965278;0.0;0.052317535;294.9358927
894.0;283.55;0.0;0.120351883;294.8908019
895.0;283.5722222;0.0;0.0;294.8192061
896.0;283.45;0.0;0.0;294.6944425
897.0;283.0681818;0.0;0.0;294.5504684
898.0;282.55;0.0;0.0;294.3986611
899.0;282.0121753;0.0;0.0;294.2448521
900.0;281.45;0.0;0.0;294.093164
901.0;280.7178571;0.0;0.0;293.9469551
902.0;280.05;0.0;0.0;293.7942515
903.0;279.8267857;0.0;0.0;293.6583104
904.0;279.85;0.0;0.0;293.5420517
905.0;279.9775;0.0;0.0;293.4376875
906.0;280.05;0.0;0.0;293.3391824
907.0;279.96625;0.0;0.0;293.2318778
908.0;279.85;0.0;0.0;293.1292404
909.0;279.7145833;0.0;0.011359741;293.0782094
910.0;279.55;0.0;0.035448487;293.03609
911.0;279.1916667;0.0;0.071727459;292.9908743
912.0;278.85;0.0;0.121725941;292.9525858
913.0;278.7296875;0.0;0.182864616;292.9428871
914.0;278.65;0.0;0.245483409;292.9620242
915.0;278.6140625;0.0;0.30091931;293.0087915
916.0;278.55;0.0;0.340943505;293.0770885
917.0;278.35625;0.0;0.359402103;293.1532874
918.0;278.15;0.0;0.354605953;293.2249647
919.0;278.0;0.0;0.32853267;293.2867922
920.0;277.85;0.0;0.284403649;293.3288165
921.0;277.7;0.0;0.228657469;293.345395
922.0;277.55;0.0;0.169210053;293.3318211
923.0;277.4390625;0.0;0.115342426;293.289381
924.0;277.35;0.0;0.075650125;293.2237088
925.0;277.1934375;0.0;0.056821108;293.1394611
926.0;277.05;46.89285714;0.064195174;293.0723288
927.0;277.145;143.0;0.090853138;293.1047515
928.0;277.45;242.6681665;0.102806553;293.2556992
929.0;277.81625;344.0;0.063549392;293.5239918
930.0;278.25;452.1859643;0.0;293.8369354
931.0;278.81875;556.0;0.0;294.1937575
932.0;279.35;591.7383062;0.0;294.5616092
933.0;279.7170455;572.0;0.0;294.8661609
934.0;280.05;554.5617647;0.0;295.1088174
935.0;280.3798295;516.0;0.0;295.2945861
936.0;280.65;452.367756;0.0;295.3936638
937.0;280.6417614;384.0;0.0;295.4305731
938.0;280.55;312.7369709;0.0;295.3986878
939.0;280.6738636;239.0;0.0;295.3448787
940.0;280.75;130.5889058;0.0;295.2622581
941.0;280.6708333;35.0;0.0;295.0396665
942.0;280.55;5.259308511;0.0;294.7541639
943.0;280.3916667;0.0;0.0;294.519186
944.0;280.25;0.0;0.0;294.3263955
945.0;280.190625;0.0;0.0;294.1593693
946.0;280.15;0.0;0.0;294.0072511
947.0;280.05;0.0;0.0;293.8659953
948.0;279.95;0.0;0.0;293.7334587
949.0;280.171875;0.0;0.0;293.6173651
950.0;280.35;0.0;0.0;293.517112
951.0;280.2;0.0;0.0;293.4090105
952.0;280.05;0.0;0.0;293.3003594
953.0;279.9;0.0;0.0;293.1916583
954.0;279.75;0.0;0.0;293.0832322
955.0;279.675;0.0;0.025451637;293.0183498
956.0;279.55;0.0;0.068190818;292.9804474
957.0;279.3;0.0;0.120951702;292.9525843
958.0;279.05;0.0;0.181569563;292.9447895
959.0;278.8;0.0;0.24352244;292.9611521
960.0;278.55;0.0;0.299358666;292.9972392
961.0;278.378125;0.0;0.343382554;293.0529644
962.0;278.25;0.0;0.369706982;293.1257046
963.0;278.044375;0.0;0.37335858;293.1998892
964.0;277.85;0.0;0.354682582;293.2655062
965.0;277.8566667;0.0;0.316749857;293.3216675
966.0;278.05;0.0;0.262441546;293.3675914
967.0;278.3633333;0.0;0.194867943;293.3942933
968.0;278.65;0.0;0.12024486;293.3925595
969.0;278.8116667;0.0;0.047563685;293.289813
970.0;278.95;0.0;0.010757127;293.2046653
971.0;279.0658333;0.0;0.0;293.0904011
972.0;279.15;0.0;0.023592865;292.9776834
973.0;278.933125;0.0;0.080923744;292.8883704
974.0;278.75;0.0;0.163878277;292.8248113
975.0;278.953125;0.0;0.264612851;292.8242389
976.0;279.25;0.0;0.362369792;292.8856638
977.0;279.6005682;0.0;0.438599411;293.0042444
978.0;279.95;15.5;0.476397073;293.1834591
979.0;280.2369318;31.0;0.457398595;293.4192204
980.0;280.35;15.5;0.364844412;293.6065944
981.0;280.1384868;0.0;0.218497401;293.6603188
982.0;279.85;0.0;0.062715541;293.632842
983.0;279.701417;0.0;0.0;293.5320385
984.0;279.65;0.0;0.0;293.3831696
985.0;280.0674825;0.0;0.0;293.2417703
986.0;280.45;0.0;0.0;293.1182194
987.0;280.3530303;0.0;0.015711729;293.0278326
988.0;280.25;0.0;0.056881284;292.9601429
989.0;280.1833333;0.0;0.117222892;292.9006051
990.0;280.15;0.0;0.195018245;292.8642466
991.0;280.35;0.0;0.282562199;292.8795763
992.0;280.55;0.0;0.362922807;292.9446741
993.0;280.55;0.0;0.421265677;293.0385365
994.0;280.55;0.0;0.450011614;293.1564619
995.0;280.55;0.0;0.442176772;293.3464342
996.0;280.55;0.0;0.373747914;293.4755322
997.0;280.428125;0.0;0.269633356;293.5568373
998.0;280.25;0.0;0.143516927;293.5707582
999.0;280.15;0.0;0.016593415;293.5182583
1000.0;280.05;0.0;0.0;293.3977336
1001.0;279.896875;0.0;0.0;293.2394438
1002.0;279.75;0.0;0.0;293.0768851
1003.0;279.7333333;0.0;0.0300624;292.9635693
1004.0;279.75;0.0;0.091657395;292.8931544
1005.0;279.680303;0.0;0.172231808;292.8547838
1006.0;279.55;0.0;0.262715199;292.8535243
1007.0;279.1631494;0.0;0.351720869;292.8857876
1008.0;278.75;0.0;0.429371434;292.9456614
1009.0;278.7857143;0.0;0.487679335;293.0437728
1010.0;278.85;0.0;0.514641912;293.1689881
1011.0;278.4807692;0.0;0.502684702;293.2855463
1012.0;278.15;0.0;0.456192899;293.378245
1013.0;278.2578671;0.0;0.383084466;293.4553936
1014.0;278.35;0.0;0.287608948;293.5037353
1015.0;278.2252525;0.0;0.179071266;293.4993599
1016.0;278.05;0.0;0.07448205;293.4394925
1017.0;277.8222222;0.0;0.0;293.2464677
1018.0;277.55;0.0;0.0;293.0471358
1019.0;277.1097222;0.0;0.740825863;292.9707754
1020.0;276.65;0.0;1.0;293.0796453
1021.0;276.4138889;0.0;1.0;293.2794988
1022.0;276.45;20.06316489;1.0;293.5236363
1023.0;276.7055556;71.0;1.0;293.8335962
1024.0;277.05;171.6404065;1.0;294.2443616
1025.0;277.4522222;281.0;1.0;294.7620204
1026.0;277.85;343.5914286;1.0;295.3301817
1027.0;278.2040909;374.0;0.917537426;295.8712359
1028.0;278.55;356.3787152;0.674113945;296.3284736
1029.0;279.0694805;291.0;0.297709991;296.6188704
1030.0;279.55;125.3262848;0.0;296.5969617
1031.0;279.582967;0.0;0.0;296.2623837
1032.0;279.55;0.0;0.0;295.8991517
1033.0;279.7478365;0.0;0.0;295.5599394
1034.0;279.95;0.0;0.0;295.2745839
1035.0;280.0602679;0.0;0.0;295.0300356
1036.0;280.05;0.0;0.048216735;294.8966819
1037.0;279.5078571;0.0;0.13087984;294.7764518
1038.0;278.95;0.0;0.248955813;294.65966
1039.0;278.9482813;0.0;0.0;294.5401673
1040.0;278.95;0.0;0.0;294.3665938
1041.0;278.7742188;0.0;0.0;294.1773539
1042.0;278.65;0.0;0.0;293.9899524
1043.0;278.709375;0.0;0.0;293.8856577
1044.0;278.85;0.0;0.0;293.7460987
1045.0;279.021875;0.0;0.0;293.6168254
1046.0;279.25;0.0;0.0;293.4981686
1047.0;279.6;0.0;0.0;293.3925759
1048.0;279.95;0.0;0.0;293.297877
1049.0;280.1979167;0.0;0.0;293.2065156
1050.0;280.45;0.0;0.0;293.1197241
1051.0;280.7489583;0.0;0.01342234;293.0998522
1052.0;281.05;0.0;0.029460282;293.0920658
1053.0;281.328125;0.0;0.047229846;293.0828148
1054.0;281.55;0.0;0.067847956;293.0806249
1055.0;281.67625;0.0;0.088769979;293.0843147
1056.0;281.75;0.0;0.108291073;293.093827
1057.0;281.8133333;0.0;0.124667371;293.1112052
1058.0;281.85;0.0;0.135436897;293.1341542
1059.0;281.8333333;0.0;0.139043179;293.1573503
1060.0;281.75;0.0;0.135678275;293.1752171
1061.0;281.6145833;0.0;0.127219811;293.1860643
1062.0;281.45;0.0;0.115858173;293.1906507
1063.0;281.2625;0.0;0.103433647;293.1850117
1064.0;281.05;0.0;0.093212078;293.167162
1065.0;280.78125;0.0;0.088955978;293.071988
1066.0;280.45;0.0;0.11711826;293.0237422
1067.0;280.0125;0.0;0.857407892;293.0851791
1068.0;279.55;0.0;1.0;293.3182405
1069.0;279.15;0.0;1.0;293.6043864
1070.0;279.05;0.0;1.0;293.8999137
1071.0;279.25;0.0;1.0;294.2092648
1072.0;279.45;0.0;1.0;294.5162903
1073.0;279.65;0.0;1.0;294.8249691
1074.0;279.85;0.0;1.0;295.1313115
1075.0;280.209375;0.0;0.990289434;295.4336486
1076.0;280.55;16.02822581;0.890078012;295.7369785
1077.0;280.678125;50.0;0.698817982;296.0337415
1078.0;280.75;205.0371588;0.418857396;296.3655631
1079.0;280.8;316.0;0.037597371;296.6951037
1080.0;280.85;231.2198388;0.0;296.7464666
1081.0;280.9;136.0;0.0;296.5944377
1082.0;280.95;49.71477663;0.0;296.3338121
1083.0;280.96875;-1.78e-15;0.0;296.0099627
1084.0;280.95;0.0;0.0;295.7282604
1085.0;280.89375;0.0;0.0;295.4607645
1086.0;280.75;0.0;0.0;295.1930899
1087.0;280.50625;0.0;0.0;294.9543788
1088.0;280.25;0.0;0.0;294.7363696
1089.0;280.0375;0.0;0.0;294.5366787
1090.0;279.85;0.0;0.0;294.3528483
1091.0;279.8;0.0;0.0;294.2499946
1092.0;279.75;0.0;0.0;294.109481
1093.0;279.4956731;0.0;0.0;293.9668958
1094.0;279.15;0.0;0.0;293.8223627
1095.0;278.6630769;0.0;0.0;293.6758079
1096.0;278.25;0.0;0.0;293.5289996
1097.0;278.1457143;0.0;0.0;293.3963704
1098.0;278.15;0.0;0.0;293.2755931
1099.0;278.2392857;0.0;0.0;293.1625011
1100.0;278.25;0.0;0.001904289;293.0571298
1101.0;278.0318182;0.0;0.035033901;293.0451356
1102.0;277.75;0.0;0.067092927;293.0231271
1103.0;277.4348485;0.0;0.106255223;292.981525
1104.0;277.15;0.0;0.158877824;292.9462505
1105.0;277.0404762;0.0;0.221766389;292.9358263
1106.0;277.05;0.0;0.286539728;292.9565768
1107.0;277.0961905;0.0;0.343529159;293.0051311
1108.0;277.15;0.0;0.384562124;293.0768806
1109.0;277.1387719;0.0;0.402910469;293.1568253
1110.0;277.05;0.0;0.39686565;293.2334276
1111.0;276.4090666;0.0;0.368007243;293.2840821
1112.0;275.65;0.0;0.3252499;293.2914886
1113.0;275.7615999;0.0;0.282432993;293.2344078
1114.0;275.95;0.0;0.25996469;293.2273829
1115.0;275.0002717;0.0;0.937101068;293.2636217
1116.0;274.35;0.0;1.0;293.3936822
1117.0;274.9732065;0.0;1.0;293.5950589
1118.0;275.65;0.0;1.0;293.8335866
1119.0;276.22375;0.0;1.0;294.0852425
1120.0;276.55;89.00757576;1.0;294.3986523
1121.0;276.4860938;186.0;1.0;294.8613118
1122.0;276.35;113.5348771;1.0;295.2502793
1123.0;276.1414063;44.0;0.950467836;295.4488243
1124.0;276.05;77.99182136;0.850893295;295.6577022
1125.0;276.15;112.0;0.688138727;295.9276235
1126.0;276.25;131.6782258;0.441355621;296.1409296
1127.0;276.35;137.0;0.133411426;296.2312005
1128.0;276.45;66.7875;0.0;296.1106546
1129.0;276.315;0.0;0.0;295.763218
1130.0;276.05;0.0;0.0;295.4310827
1131.0;276.0475;0.0;0.0;295.1608657
1132.0;275.85;0.0;0.010251127;294.9837212
1133.0;275.3;0.0;0.068992008;294.7859549
1134.0;274.75;0.0;0.188093835;294.5771027
1135.0;274.2;0.0;0.0;294.3682859
1136.0;273.65;0.0;0.0;294.1221857
1137.0;273.5033333;0.0;0.0;293.8826648
1138.0;273.65;0.0;0.0;293.672226
1139.0;273.7029167;0.0;0.0;293.538692
1140.0;273.75;0.0;0.0;293.3718229
1141.0;273.57375;0.0;0.0;293.2036688
1142.0;273.45;0.0;0.0;293.034864
1143.0;273.63875;0.0;0.042981027;292.9424545
1144.0;273.85;0.0;0.109865152;292.8827667
1145.0;273.9965278;0.0;0.193019545;292.839681
1146.0;274.15;0.0;0.288269526;292.8227427
1147.0;274.6002222;0.0;0.38729364;292.8506861
1148.0;275.15;0.0;0.475690642;292.9349501
1149.0;275.382;0.0;0.535992429;293.0441579
1150.0;275.35;0.0;0.562284671;293.1543092
1151.0;274.5246154;0.0;0.555484339;293.2423265
1152.0;273.75;0.0;0.523385523;293.2937222
1153.0;274.05;0.0;0.477699075;293.3537031
1154.0;274.35;0.0;0.413589115;293.4109863
1155.0;274.2835664;0.0;0.332429055;293.4292605
1156.0;274.15;0.0;0.247737202;293.407846
1157.0;273.827972;0.0;0.17145411;293.3467094
1158.0;273.55;0.0;0.115498126;293.2515885
1159.0;273.9272837;0.0;0.089777621;293.1517385
1160.0;274.35;0.0;0.094248567;293.0597898
1161.0;274.293608;0.0;0.125909055;292.9048329
1162.0;274.25;0.0;0.207207018;292.8144046
1163.0;274.2926768;0.0;1.0;292.8380133
1164.0;274.35;0.0;1.0;292.9932652
1165.0;274.4977778;0.0;1.0;293.1924291
1166.0;274.65;0.0;1.0;293.4035794
1167.0;274.03;0.0;1.0;293.5937987
1168.0;273.35;47.96331058;1.0;293.7786004
1169.0;273.4763514;134.0;1.0;294.097244
1170.0;273.85;241.5198406;1.0;294.5353859
1171.0;274.5278153;348.0;1.0;295.0998959
1172.0;275.15;241.3610223;0.986805738;295.5886899
1173.0;274.8895833;110.0;0.830759064;295.8091312
1174.0;274.55;227.0804642;0.621997652;296.017352
1175.0;275.09875;341.0;0.351381012;296.3199225
1176.0;275.55;338.387012;0.0;296.4800532
1177.0;275.3825;286.0;0.0;296.4083686
1178.0;275.25;132.7086684;0.0;296.1467986
1179.0;275.3;10.0;0.0;295.7872782
1180.0;275.35;21.65423819;0.0;295.5309084
1181.0;275.4;36.0;0.0;295.2978521
1182.0;275.45;14.32544379;0.0;294.972186
1183.0;275.3305556;0.0;0.0;294.6589087
1184.0;275.15;0.0;0.0;294.3857956
1185.0;275.3840278;0.0;0.0;294.1553816
1186.0;275.55;0.0;0.0;293.9550144
1187.0;275.0831439;0.0;0.0;293.8132256
1188.0;274.55;0.0;0.0;293.6185093
1189.0;274.2415584;0.0;0.0;293.4316486
1190.0;274.05;0.0;0.0;293.2541541
1191.0;274.1919643;0.0;0.0;293.0951092
1192.0;274.35;0.0;0.024419502;293.0536048
1193.0;274.0588816;0.0;0.055413266;292.9976143
1194.0;273.75;0.0;0.103928509;292.9157138
1195.0;273.8390351;0.0;0.178309387;292.8571957
1196.0;273.95;0.0;0.26907659;292.8358947
1197.0;273.5643678;0.0;0.364373213;292.8344594
1198.0;273.15;0.0;0.45910715;292.8502309
1199.0;273.5772989;0.0;0.548249299;292.9136298
1200.0;273.95;0.0;0.615990405;293.0221684
1201.0;273.4158333;0.0;0.648912972;293.122404
1202.0;272.85;0.0;0.652180002;293.2015936
1203.0;272.6109524;0.0;0.632742445;293.2682037
1204.0;272.55;0.0;0.593950815;293.323668
1205.0;273.0138393;0.0;0.539077219;293.3781095
1206.0;273.35;0.0;0.467922294;293.4336003
1207.0;273.1039828;0.0;0.380067672;293.4434506
1208.0;272.85;0.0;0.291539972;293.4077012
1209.0;272.6345588;0.0;0.216017075;293.332345
1210.0;272.45;0.0;0.165081371;293.2302083
1211.0;272.39375;0.0;0.846125719;293.1884526
1212.0;272.45;0.0;1.0;293.2717931
1213.0;272.5900735;0.0;1.0;293.4192985
1214.0;272.75;61.43735225;1.0;293.6164998
1215.0;272.6828431;146.0;1.0;293.9130542
1216.0;272.65;142.4695801;1.0;294.2428549
1217.0;273.2766667;137.0;1.0;294.5743939
1218.0;273.95;284.1459027;1.0;295.0147252
1219.0;274.1941667;405.0;1.0;295.6196276
1220.0;274.45;390.4698922;0.828866602;296.1403142
1221.0;274.75;370.0;0.505738022;296.5248879
1222.0;275.05;347.2964787;0.07404297;296.7462453
1223.0;275.35;321.0;0.0;296.8051679
1224.0;275.65;217.6201093;0.0;296.7085764
1225.0;275.7661765;113.0;0.0;296.4640389
1226.0;275.75;118.6572036;0.0;296.2170957
1227.0;275.8088235;124.0;0.0;296.0767573
1228.0;275.75;87.91181435;0.0;295.9497198
1229.0;275.2342105;53.0;0.0;295.7022887
1230.0;274.55;18.99166667;0.0;295.333202
1231.0;274.0057895;0.0;0.0;294.9818174
1232.0;273.55;0.0;0.0;294.6893364
1233.0;273.36625;0.0;0.0;294.4361448
1234.0;273.25;0.0;0.0;294.2111188
1235.0;272.9889423;0.0;0.0;293.9959695
1236.0;272.65;0.0;0.0;293.7822542
1237.0;271.9423077;0.0;0.0;293.571648
1238.0;271.35;0.0;0.0;293.3633758
1239.0;271.2;0.0;0.0;293.165008
1240.0;271.05;0.0;0.00541599;292.968005
1241.0;270.9;0.0;0.069864649;292.8884316
1242.0;270.75;0.0;0.152313854;292.8272504
1243.0;270.5230769;0.0;0.252197798;292.7607182
1244.0;270.25;0.0;0.372308949;292.7122786
1245.0;270.0165064;0.0;0.506047343;292.6969738
1246.0;269.85;0.0;0.642720438;292.7182064
1247.0;270.1427083;0.0;0.771196879;292.7869589
1248.0;270.55;0.0;0.876671586;292.9088629
1249.0;270.6621528;0.0;0.942917507;293.0487145
1250.0;270.75;0.0;0.966310583;293.1958659
1251.0;270.8305556;0.0;0.945193227;293.3401793
1252.0;270.85;0.0;0.880923761;293.4690772
1253.0;270.72;0.0;0.778755704;293.5653363
1254.0;270.55;0.0;0.649341849;293.618086
1255.0;270.4175;0.0;0.506278567;293.6225046
1256.0;270.35;0.0;0.364306245;293.574659
1257.0;270.5214286;0.0;0.239300817;293.4946001
1258.0;270.75;0.0;0.139923734;293.3908916
1259.0;270.8410714;0.0;0.07284169;293.2519967
1260.0;270.95;0.0;0.049187417;293.0928544
1261.0;271.1;0.0;0.074288203;292.9453849
1262.0;271.25;0.0;0.143046194;292.8226028
1263.0;271.4;0.0;0.247404467;292.742072
1264.0;271.55;1.231343284;0.373809409;292.7198169
1265.0;271.7642857;6.0;0.50397711;292.7706272
1266.0;272.05;47.2833626;0.615248417;292.9113303
1267.0;272.4607143;103.0;0.679814163;293.1718993
1268.0;272.85;134.4966578;0.660215909;293.4799097
1269.0;273.0333333;139.0;0.545842495;293.758006
1270.0;273.15;94.68863636;0.349535885;293.9408325
1271.0;273.2444444;45.0;0.103144805;293.9461046
1272.0;273.25;15.3;0.0;293.8190834
1273.0;272.8097222;0.0;0.0;293.5952696
1274.0;272.35;0.0;0.0;293.3556478
1275.0;272.25;0.0;0.0;293.1494153
1276.0;272.15;0.0;0.010487035;293.0171584
1277.0;272.05;0.0;0.056952373;292.877481
1278.0;271.95;0.0;0.145691936;292.7057655
1279.0;271.9208333;0.0;0.287548071;292.5921511
1280.0;271.95;0.0;0.460583449;292.5449571
1281.0;271.9666667;0.0;0.644456033;292.5623451
1282.0;272.05;0.0;0.819883085;292.6439555
1283.0;272.2821429;0.0;0.967615919;292.7830994
1284.0;272.55;0.0;1.0;292.9598458
1285.0;272.7678571;0.0;1.0;293.1457974
1286.0;272.95;0.0;0.991963189;293.3284773
1287.0;273.015625;0.0;0.92928599;293.4947773
1288.0;273.05;0.0;0.817537801;293.6289427
1289.0;273.2;0.0;0.667146732;293.7238515
1290.0;273.35;0.0;0.490245854;293.7709768
1291.0;273.234375;0.0;0.301596562;293.7481737
1292.0;273.15;0.0;0.123284593;293.6510823
1293.0;273.328125;0.0;0.0;293.4822275
1294.0;273.55;0.0;0.0;293.2649231
1295.0;273.8052083;0.0;0.0;293.0471641
1296.0;274.05;0.0;0.041738716;292.8940901
1297.0;274.2266667;0.0;0.126165385;292.781528
1298.0;274.35;0.0;0.242335104;292.7031815
1299.0;274.4066667;0.0;0.38029798;292.6727882
1300.0;274.45;0.0;0.524981184;292.6973374
1301.0;274.6583333;0.0;0.659552513;292.7777968
1302.0;274.85;0.0;0.767190506;292.9053085
1303.0;274.715;0.0;0.834222364;293.0569931
1304.0;274.55;0.0;0.854540193;293.2147747
1305.0;274.5635714;0.0;0.827218718;293.3125304
1306.0;274.65;0.0;0.773571813;293.4416646
1307.0;274.85;0.0;0.679615731;293.5514041
1308.0;275.05;0.0;0.553707538;293.6268395
1309.0;275.1350649;0.0;0.406883932;293.6527783
1310.0;275.15;3.417194093;0.254753496;293.6281738
1311.0;274.9792208;19.0;0.112531577;293.5652575
1312.0;274.85;191.6186666;0.0;293.532613
1313.0;275.0271429;408.0;0.0;293.7076528
1314.0;275.35;507.0190962;0.0;293.9673446
1315.0;275.735;579.0;0.0;294.2579976
1316.0;276.15;628.3138448;0.0;294.560552
1317.0;276.72;632.0;0.0;294.8684354
1318.0;277.15;539.1897427;0.0;295.0638116
1319.0;277.3;439.0;0.0;295.1293777
1320.0;277.45;406.1129673;0.0;295.1562296
1321.0;277.6;370.0;0.0;295.1632136
1322.0;277.75;306.8665319;0.0;295.1117878
1323.0;277.5022727;231.0;0.0;295.0213229
1324.0;277.05;96.39809783;0.0;294.8867455
1325.0;276.7935606;1.0;0.0;294.6205417
1326.0;276.55;0.063858696;0.0;294.2909373
1327.0;276.2916667;0.0;0.0;294.0015028
1328.0;276.15;0.0;0.0;293.7606045
1329.0;276.15;0.0;0.0;293.557576
1330.0;276.15;0.0;0.0;293.3755694
1331.0;276.15;0.0;0.0;293.27016
1332.0;276.15;0.0;0.0;293.126372
1333.0;275.96875;0.0;0.014277792;293.039908
1334.0;275.75;0.0;0.051628598;292.9558897
1335.0;275.7409722;0.0;0.114062609;292.8888267
1336.0;275.85;0.0;0.195767752;292.8573034
1337.0;276.1177778;0.0;0.285152903;292.8660998
1338.0;276.35;0.0;0.369883138;292.9140652
