t_amb;rad_dir;u_hp;t_room;Change(T Room)
282.54999999999995;0;0.2114612802353636;294.1493100347788;0.000136517
282.54999999999995;0;0.2113714513345592;294.1494465519773;0.000108446
282.54999999999995;0;0.2113012051976706;294.1495549983485;8.648224206808663e-05
282.5367188;0;0.2112459435580509;294.1496414805906;-3.52E-05
282.50625;0;0.2113805324648255;294.1496062709788;-0.000233911
282.4726563;0;0.2118617558198779;294.14937235948065;-0.000351574
282.45;0;0.2125924913075951;294.1490207859699;-0.000307789
282.4476563;0;0.2133214752201129;294.1487129970969;-0.000105372
282.45624999999995;0;0.2137687190462948;294.14860762493913;9.713790439036528e-05
282.4617188;0;0.2138920229837422;294.1487047628435;0.000176431
282.45;0;0.2138597437812112;294.1488811939226;7.311503861728852e-05
282.42499999999995;0;0.2139672532082603;294.1489543089612;-9.20E-05
282.4;0;0.2143416125148067;294.1488622681873;-0.000176045
282.375;0;0.2148785417432226;294.1486862229587;-0.000210912
282.35;0;0.2155115763633054;294.1484753107042;-0.000217001
282.325;0;0.2161988128157906;294.1482583101284;-0.000207111
282.29999999999995;0;0.2169142308466447;294.1480511987884;-0.000189167
282.275;0;0.2176420208458207;294.1478620318191;-0.00016796
282.25;0;0.2183728841251027;294.14769407197485;-0.000146291
282.213125;0;0.219101628;294.1475477808749;-0.000219414
282.16;0;0.219985627;294.14732836682003;-0.000374496
282.10187499999995;0;0.2211800285789906;294.14695387057805;-0.000476517
282.04999999999995;0;0.2226264312647689;294.14647735321427;-0.000454893
282.023125;0;0.2241348757775941;294.1460224598654;-0.000218575
282.015;0;0.2253342386426743;294.14580388514094;7.259603398779291e-05
281.999375;0;0.2260817677322807;294.1458764811749;0.000168628
281.95;0;0;294.14604510898255;-0.066748351
281.8538194444444;0;0;294.0792967579334;-0.066909432
281.72685185185185;0;0;294.0123873258861;-0.067238127
281.5864583333333;0;0;293.94514919849973;-0.067638503
281.45;0;0;293.8775106952796;-0.068015151
281.29850260416663;0;0;293.8094955445366;-0.068472045
281.1247106481481;0;0;293.74102349959946;-0.069048456
280.9635633680556;0;0;293.67197504400343;-0.069552508
280.85;0;0;293.6024225361008;-0.069793377
281.0234375;0;0;293.5326291589395;-0.068462187
281.53229166666665;0;0;293.4641669723265;-0.065302563
282.125;9.375000000000002;0;293.3988644095317;-0.058828003
282.54999999999995;30.000000000000007;0;293.3400364;-0.049858778
282.8019141;50.625;0;293.2901776;-0.041885933
283.0478125;60;0;293.2482916960077;-0.037437604
283.2948047;50.625;0;293.2108540920435;-0.038754233
283.54999999999995;30;0;293.1720998592388;-0.043466719
283.83;9.375;0;293.1286331399265;-0.04801766
284.12666666666667;0;0;293.0806154801386;-0.049004519
284.41;0;0;293.0316109615969;-0.04718565
284.65;0;0;292.9844253116644;-0.045613897
284.7931818181818;0;0;292.9388114145752;-0.044580627
284.8484848484848;0;0;292.8942307870883;-0.044033969
284.87954545454545;0;0;292.8501968179152;-0.04362298
284.95;0;0;292.8065738376344;-0.04299864
285.0642045454545;0;0;292.76357519800393;-0.042138274
285.1848484848485;0;0;292.7214369236222;-0.041247375
285.3130681818181;0;0;292.6801895482371;-0.04031989
285.45;0;1;292.63986965774853;0.3195272701008775
285.65;0;0.7679881944491858;292.9593969278494;0.2344174593139882
285.9083333333333;0;0.6149544019904156;293.1938143871634;0.1802687990314666
286.1375;0;0.5057031570796618;293.37408318619487;0.1419307737692179
286.25;0;0.4244810201255974;293.5160139599641;0.1124813807437021
286.275;0;0.3640714551707299;293.6284953407078;0.089871987
286.29999999999995;0;0.3189102601635062;293.7183673278782;0.073079842
286.325;0;0.2837591626855885;293.7914471694071;0.060094008
286.35;0;0.2556057529046822;293.8515411770536;0.049761191
286.375;0;0.2326165519164792;293.90130236781044;0.041380061
286.4;0;0.2136047249369239;293.94268242896567;0.034496903
286.42499999999995;0;0.1977528943813097;293.97717933162403;0.028799677
286.45;0;0.1844654310184451;294.00597900857593;0.024061605
286.4628906;0;0.1732876654040228;294.03004061352334;0.020010973
286.459375;0;0.164029723;294.05005158633594;0.016543741
286.4511719;0;0.1565366209025068;294.0665953269873;0.013697108
286.45;0;0.150468683;294.08029243546986;0.011436539
286.4691406;0;0.1454163187786616;294.09172897423844;0.009711899
286.50312499999995;0;0.1409338275769621;294.10144087312034;0.008314506
286.5355469;0;0.1368205664515928;294.10975537930074;0.007043121
286.54999999999995;0;0.1331515803527336;294.11679850070493;0.005799768
286.5210938;0;0.130143058;294.12259826836333;0.004473075
286.45624999999995;0;0.1281955501582735;294.1270713;0.003266099
286.3882813;0;0.127380164;294.1303374424912;0.002448078
286.35;0;0.1272833614517299;294.1327855208096;0.002111397
286.3476563;0;0.1272530599724551;294.1348969177936;0.002067938
286.35625;0;0.1268584520749923;294.1369648558397;0.00197814
286.3617188;0;0.1261876973979993;294.1389429954809;0.001768704
286.35;0;0.1254637499304161;294.1407116995025;0.001414712
286.325;0;0.124976965;294.14212641193603;0.001048626
286.29999999999995;0;0.1248215188110344;294.1431750375056;0.000801774
286.275;0;0.1248698279663067;294.14397681136666;0.000628245
286.25;0;0.1250479488002941;294.1446050563427;0.000501418
286.225;0;0.1253121686869338;294.1451064747818;0.000405541
286.2;0;0.1256359767875458;294.1455120158981;0.000331043
286.17499999999995;0;0.1260027770848837;294.14584305883545;0.000271919
286.15;0;0.1264017877009694;294.1461149778956;0.000224257
286.1117188;0;0.1268257142704034;294.1463392352956;8.729677125529633e-05
286.05625;0;0.127436951;294.1464265320668;-0.000110919
285.9976563;0;0.1283685490549179;294.1463156125894;-0.00022054
285.95;0;0.1295103816405994;294.1460950730576;-0.000177013
285.9195313;0;0.1306236888413067;294.1459180599556;-1.75E-05
287.8622222222222;0;0.083819429;294.1648347560871;-0.003004821
281.1172421328671;26.07376047486033;0.2447615153797784;294.15019384820624;0.006534281
281.2800699300699;37;0.2335627130012765;294.1567281293217;0.007916728
281.52786276223776;45.56145587129351;0.2186459969627394;294.1646448572196;0.008117718
281.85;53.43390094542329;0.2017418084023555;294.1727625750931;0.008027061
282.2548076923077;61.33939554684143;0.1833064467400607;294.1807896358525;0.008014257
282.7153846153846;70;0.1632257909624051;294.18880389298346;0.008007464
283.1682692307692;125.7606456043956;0.1414922364152295;294.19681135685994;0.021693766
283.54999999999995;238.9162087912088;0.0947236;294.2185051228818;0.044374078
283.875;356.1136675824176;0.004718341;294.26287920118267;0.053779044
284.2;424;0;294.31665824469934;0.074581767
284.525;446.3333864795918;0;294.3912400114296;0.082797146
284.85;461.9426020408163;0;294.4740371577863;0.088906705
285.17499999999995;470.0805165816327;0;294.56294386235044;0.092692982
285.5;470;0;294.6556368444201;0.09393971
285.825;465.7906065386681;0;294.7495765541544;0.093914174
286.15;461.1303929466524;0;294.8434907285051;0.093750609
286.5426136363636;454.6549828813105;0;294.9372413;0.093401654
287.01363636363635;445;0;295.03064299155216;0.092509246
287.4778409090909;432.2317460456327;0;295.12315223740194;0.090630235
287.85;417.6508841918626;0;295.2137824720068;0.087702209
288.06612460815046;401.7445802421613;0;295.3014846813424;0.083530012
288.153605;385;0;295.3850146929252;0.078419665
288.1642829153605;365.3007629836918;0;295.4634344;0.072011393
288.15;340.88669774374563;0;295.5354458;0.064056558
288.1556034482758;312.7792836319266;0;295.5995023;0.05512214
288.1410919540229;282;0;295.65462444939766;0.045307643
288.03103448275857;226.9114586530788;0;295.69993209217944;0.027573513
287.75;145.53861501626866;0;295.72750560526174;0.000944942
287.3270833333333;68.39646387132427;0;295.72845054757494;-0.025017761
286.85555555555555;26;0;295.70343278655105;-0.040455378
286.35625;13.583275139664806;0;295.6629774084413;-0.046772185
285.85;5.574022346368714;0;295.6162052232859;-0.051741602
285.328125;1.2777583798882688;0;295.56446362113496;-0.05563136
284.7861111111111;0;0;295.50883226073535;-0.058684922
284.25104166666665;0;0;295.4501473387707;-0.061292151
283.75;0;0;295.3888551879006;-0.063698878
283.35476973684206;0;0;295.3251563097028;-0.065513333
283.0960526315789;0;0;295.25964297664933;-0.066570728
282.9393092105263;0;0;295.19307224891617;-0.067064238
282.84662828947364;0;0;295.0588220264468;-0.066836732
282.5585938;0;0;294.6641782596733;-0.066253265
282.35;0;0.006349321;294.5979249950054;-0.065164834
282.1060444078948;0;0.024600231;294.5327601611744;-0.060824095
281.5993832236842;0;0.07578385;294.41708147374425;-0.048330485
281.35;0;0.1028466786689927;294.3687509892222;-0.041855822
280.65020559210524;0;0.1756412850986036;294.26084189719126;-0.025345053
280.449707;0;0.2139559474555605;294.21452634703445;-0.015798066
282.65;67.65261115031757;0;293.3639979185788;-0.037902654
282.95;106.27024523641497;0;293.3260952643392;-0.024217595
283.25;144;0;293.30187766896154;-0.010879556
283.54999999999995;180.73941774911435;0;293.2909981129001;0.002081961
283.85;218.95649014442728;0;293.29308007406104;0.01542542
284.3946546052632;256.6953174675266;0;293.30850549402254;0.029888258
285.2440789473684;292;0;293.3383937521872;0.045193902
286.12146381578947;317.8295322635712;0;293.3835876544183;0.057664812
286.75;331.7764424718334;0;293.44125246667494;0.065063685
287.1519736842105;338.8351314441789;0;293.50631615163303;0.069070961
287.53508771929825;344;0;293.57538711223134;0.072372659
287.9006578947368;341.0006907969856;0;293.6477597709418;0.07305807
288.25;327.2857502;0;293.72081784118177;0.070366732
288.5953125;313.4279344599224;0;293.79118457356986;0.067624281
288.9375;310;0;293.85880885473165;0.068076341
289.26093749999995;337.12356251118666;0;293.9268851955239;0.077786891
289.54999999999995;390.3515750850188;1;294.00467208652185;0.506405542
289.771875;443.4038001163415;0.1653986409710324;294.51107762858345;0.1770923422874943
289.92499999999995;470;0;294.68816997087094;0.117979463
290.040625;469.8531263845813;0;294.80614943433096;0.1179215630046428
290.15;460.33356225077534;0;294.9240709973356;0.1149571823100359
290.29;441.6472169915817;0;295.03902817964564;0.1093671516351264
290.4233333333333;414;0;295.1483953312808;0.1010248537739926
290.47;379.9371157786885;0;295.2494201850548;0.090287583
290.35;342.0579918032787;0;295.33970776834514;0.077527298
290.08639204545455;300.64987192622954;0;295.41723506617785;0.062969304
289.77704545454543;256;0;295.48020437062684;0.047247112
289.4541761363636;192.87924107142857;0;295.5274514824628;0.025875903
289.15;113.26964285714286;0;295.55332738524737;-0.000329621
288.87738636363633;43.275223214285774;0;295.5529977637498;-0.023272074
288.6154545454545;9;0;295.52972568969795;-0.035083097
288.34579545454545;3.254464285714288;0;295.4946425931012;-0.038127841
288.04999999999995;0.6428571428571441;0;295.4565147518816;-0.040338462
287.15777777777777;0;0;295.3737088775735;-0.044965384
286.63;0;0;295.3287434934392;-0.047607792
286.15;0;0;295.2811357009787;-0.049974254
285.7338815789473;0;0;295.23116144737435;-0.051978143
285.3459064327485;0;0;295.1791833048695;-0.053817037
284.98497807017543;0;0;295.1253662673989;-0.055497843
284.2160885167464;0;0;294.9546590440508;-0.058771665
284.14211273923445;0;0;294.89588737922685;-0.058854876
284.15;0;0;294.83703250304694;-0.0584896
285.15;0;0;294.6135818598151;-0.051793715
285.1118172268907;0;0;294.5617881;-0.051719223
285.0462184873949;0;0.002795289;294.5100689218818;-0.050879735
284.9825105042017;0;0.014898676;294.45918918684384;-0.046989475
284.95;0;0.030926025;294.41219971185217;-0.041660478
284.9599107142857;0;0.077058226;294.3040233652281;-0.025796256
284.95;0;0.089120826;294.2782271088483;-0.021725365
284.92;0;0.099589281;294.25650174379643;-0.018339175
283.69083333333333;0;0.1623140779262751;294.1606395887684;-0.006300448
282.3132813;19.29177989130435;0;293.41540520687914;-0.054848729
282.45;66.86141304347828;0;293.3605565;-0.0392209
282.5829427083333;127.25033967391307;0;293.3213355776485;-0.019770343
282.72743055555554;185;0;293.3015652344311;-0.001171948
282.9082031;242.0350729708746;0;293.3003932859355;0.017304232
283.15;305.39968734262214;0;293.3176975180884;0.037953188
283.6116699;367.3144580430586;0;293.3556507056064;0.059248131
284.31723090277774;420;0;293.41489883641145;0.078932709
285.08917643229165;448.0615817221256;0;293.49383154575384;0.091325994
285.75;446.0197520312024;0;293.5851575402052;0.093817036
286.2934277;420.9680463;0;293.6789745760417;0.088599755
286.81138020833333;380;0;293.76757433125044;0.07839348
287.27364257812496;323.1745741187696;0;293.8459678116369;0.063078222
287.65;254.27723581799128;0;293.9090460338756;0.043676767
287.92999999999995;185.9912796082173;0;293.9527228012661;0.024041516
288.12333333333333;131;0;293.97676431719015;0.008114027
288.23;85.71590073529413;0;293.9848783440128;-0.005225507
288.25;43.44191176470588;1;293.9796528370926;0.3677859340065197
288.2092307692308;12.196966911764704;0.4073145849927059;294.3474387710991;0.124444166
288.1479487179487;0;0.1537957262084275;294.47188293696524;0.023166552
288.0876923076923;0;0.047381773;294.4950494893169;-0.017335064
288.04855769230767;0;0;294.4445250343945;-0.035004813
287.4826150412088;0;0.062794033;294.2283648060371;-0.013804832
287.4518543956044;0;0.070092672;294.21456;-0.011232274
287.42016655219777;0;0.075865329;294.2033276999301;-0.009248291
282.35;0;0;293.35908064159406;-0.060252153
281.8636363636363;0;0;292.9946532486045;-0.060919504
281.8801136363636;0;0;292.9337337442953;-0.060495916
283.15;0;1;292.4310864359252;0.2769511555805479
283.25;0;0.8840577668549064;292.70803759150573;0.2361459462409243
283.35;0;0.7802776511922872;292.94418353774665;0.2003902148493352
283.45;0;0.6885116264560358;293.1445738;0.169335589
283.54999999999995;0;0.6081578404758716;293.3139093420434;0.1425589950556514
283.57355769230765;0;0.538360539;293.45646833709907;0.1186635903896444
283.49615384615385;0;0.4797608304319948;293.5751319274887;0.097641899
283.35;0;0.3941611473348571;293.75321527637686;0.067073075
283.65;0;0.2840968031971574;293.9664808;0.03328795
283.5708333333333;0;0.2653667590016946;293.9997687246424;0.026393708
277.95;0;0.3375027534434531;294.1366910481599;-0.001989252
278.35;0;0;294.0598324339889;-0.085979135
278.04999999999995;0;0;293.9738532988793;-0.087150461
277.75;0;0;293.8867028381725;-0.088315376
276.54999999999995;0;0;293.52651542638955;-0.092911628
276.29469696969693;27;0;293.24753984220195;-0.084506969
276.7221590909091;63.66659458705357;0;293.16303287364457;-0.070467217
277.35;113.84157366071427;0;293.0925656561481;-0.051267522
278.18686868686865;170.59576590401787;0;293.04129813432667;-0.029012475
279.17104377104374;227;0;293.0122856595196;-0.006180285
280.1446969696969;283.6101182725694;0;293.0061053745733;0.01653246
280.95;343.12411747685184;0;293.02263783474325;0.039089524
281.6189393939394;401.8260579427083;0;293.06172735877146;0.060527939
282.2819865319865;456;0;293.12225529752675;0.080429009
282.9290404040404;498.8941537228797;0;293.2026843;0.096676544
283.54999999999995;526.5464469647162;0;293.2993608507107;0.108020938
284.1532264610389;539.4255167241946;0;293.4073817890114;0.114678418
284.7540584415584;538;0;293.52206020724435;0.1169022127922403
285.35286120129865;526.6611722268833;0;293.6389624200366;0.116064447
285.95;511.9347235714917;0;293.7550268674545;0.1141839045591268
286.54508928571425;497.49091313035416;0;293.8692107720136;0.1123890613725961
287.1321428571428;487;0;293.9815998333862;0.1117715668387404
287.703125;479.7332390005494;0;294.0933714002249;0.1120576486880509
288.25;472.4963487775845;1;294.205429;0.4941710387489593
288.68571428571425;465.2612841658273;0.1445957313621485;294.6996001;0.1648449751747307
288.97142857142853;458;0;294.8644450628367;0.108118047
289.1714285714285;450.6984981363247;0;294.97256310950013;0.1063831095857494
289.35;443.31307069482096;0;295.0789462190859;0.104514668
289.6658928571428;428;0;295.2860433434854;0.1004168719770746
289.77502232142854;406.2662443842495;0;295.3864602154625;0.093803481
289.85;363.7032020789288;0;295.4802636959935;0.080655504
289.8632031;310.5385587341437;0;295.5609192001421;0.063992163
289.794375;257;0;295.62491136295347;0.046856467
289.6533594;188.8829528937632;0;295.6717678295567;0.024951383
289.45;104.3374955954898;0;295.6967192128312;-0.002210084
289.1511719;32.123290499471466;0;295.6945091289228;-0.025966047
288.734375;1;0;295.6685430820899;-0.037643873
288.2253906;0.2861555232558171;0;295.6308992087182;-0.040442279
283.25312499999995;0;0;295.2030843967527;-0.065401536
282.85;0;0;294.6279120301448;-0.064459929
282.6082031;0;0.010819073;294.5634521007341;-0.062214203
282.0589844;0;0.05630855;294.4438112808948;-0.05131115
281.85;0;0.082909864;294.39250013057983;-0.044535967
281.71119791666666;0;0.1085981802199302;294.3479641638638;-0.037694476
281.6173611111111;0;0.1318531135900929;294.3102696874564;-0.031345807
281.5648438;0;0.1520953263368649;294.2789238801663;-0.025647222
281.54999999999995;0;0.169116392;294.25327665813074;-0.020656162
282.06281249999995;35.99860304335085;0;293.40217812730305;-0.051026747
282.35;103.58353893321234;0;293.3511513806827;-0.028461932
282.5754688;175.87670535646762;0;293.3226894483348;-0.004915395
282.78375;221;0;293.3177740535908;0.010081043
283.0001563;213.8847273803968;0;293.3278550967483;0.009029525
283.25;173.03028169842622;0;293.3368846216007;-0.002173795
283.5660156;131.91069516724252;0;293.3347108267089;-0.013034906
283.95104166666664;124;0;293.3216759209293;-0.013280849
284.3855469;164.96724070450097;0;293.3083950717996;0.001725716
284.85;229.31088062622308;0;293.3101208;0.023978575
285.3540736607143;288.7490802348337;0;293.33409936286665;0.044823042
285.89627976190474;315;0;293.3789224048146;0.055590714
286.44034598214284;314.9151113861386;0;293.4345131187341;0.058238099
287.7707820197044;308;0;293.6149797378866;0.062412445
288.14324584359605;303.2932842626368;0;293.67739218316706;0.062666802
288.54999999999995;298.5560187597707;1;293.74005898544874;0.4589322046982715
289.1623040752351;293.7907438770193;0.3014265996143622;294.1989912;0.1828839377842541
289.9523510971787;289;0;294.38187512793127;0.064331665
290.6662225705329;283.9703947368421;0;294.4462068;0.066345065
291.04999999999995;278.4736842105263;0;294.51255185744986;0.066397696
291.14147727272723;272.49013157894734;0;294.57894955300026;0.064701084
291.1681818181818;266;0;294.6436506373458;0.062504002
291.16079545454545;227.22916666666669;0;294.7061546390623;0.050238808
291.15;149.44444444444443;0;294.7563934465984;0.026064902
291.1482007575757;70.18750000000003;0;294.78245834836054;0.00162132
291.13914141414136;27;0;294.78407966839904;-0.011673465
291.1105113636364;15.671875;0;294.77240620293634;-0.015238171
291.04999999999995;7.180555555555554;0;294.75716803195644;-0.018088413
290.70681818181816;1.848958333333332;0;294.73907961906366;-0.021501689
290.04040404040404;0;0;294.71757793027217;-0.025597941
289.35378787878784;0;0;294.6919799891421;-0.029215661
288.45;0;0;294.5345637;-0.033300516
288.1277217741935;0;0;294.4672936882782;-0.034696163
287.9471144153226;0;0;294.43259752506776;-0.035494728
287.75;0;0.001920742;294.3971027971076;-0.035668635
286.6888104838709;0;0.02603894;294.3272115193324;-0.03259472
286.01475554435484;0;0.044895224;294.29461679910617;-0.029875176
285.54999999999995;0;0.065877035;294.26474162297376;-0.025456931
282.85;67.37414965986392;0.2101124911385327;294.15922007245666;0.022666606
283.29999999999995;111.79591836734689;0.1694899639098969;294.18188667868816;0.027118468
283.75;128;0.1165573462435107;294.2090051470307;0.018632941
284.2;119.17939675870348;0.072483101;294.22763808810816;0.004828072
284.65;107.06002400960384;0.048113406;294.23246616030866;-0.003965129
285.1;92.91063925570228;0.037757038;294.2285010314424;-0.008958311
285.54999999999995;78;0.036751017;294.2195427202427;-0.011114044
286;61.18899106252671;0.041286896;294.2084286765859;-0.011931927
286.45;42.28899017234013;0.04952777;294.19649674921874;-0.012008081
286.79705882352937;23.994494195983485;0.06037686;294.1844886685826;-0.011492588
287.45;62.93191637209581;0.08371578;294.1622679336888;0.013408279
287.84025735294114;105.27827879996372;0.05827061;294.1756762125469;0.019450861
288.29999999999995;119;0.019721773;294.19512707316846;0.011762255
288.75974264705883;108.24827345282564;0;294.2068893;0.003364533
289.15;96.63888964;0;294.2102538606511;0.001923873
289.47132352941173;84.210061;0;294.21217773387417;-0.000137321
289.7411764705882;71;0;294.21204041323125;-0.002708366
289.9154411764705;56.56330565872842;0;294.2093320473741;-0.006164435
289.95;41.42342146;0;294.20316761282834;-0.010581709
289.9;27.07182652392398;0.007027799;294.1925859038046;-0.012280477
289.75;2.282608695652172;0.042711352;294.16049790791595;-0.005829292
289.7;0.3872282608695645;0.050485654;294.15466861632075;-0.003494308
289.65;0;0.055483221;294.15117430833743;-0.001866454
289.6;0;0.058426656;294.1493078538837;-0.000981188
289.54999999999995;0;0.060245977;294.1483266656972;-0.000566488
277.63016036184206;30.69397865853659;0.3662382101501584;294.1462851;0.012008845
278.21167763157894;38;0.3465023584687503;294.15829392439207;0.0139763
278.8623560855263;35.28024009146341;0.3209125549670958;294.17227022392643;0.011756992
279.54999999999995;26.397713414634147;0.2962098763517475;294.1840272157011;0.007998054
283.0435156;32.61140625;0.1883857938194953;294.21830849595784;0.006444508
283.56812499999995;36;0.1631934075230216;294.22475300419063;0.003624026
284.0336719;36.95764423076923;0.1414790626643139;294.2283770299496;0.00048086
284.45;37.65038461538462;0.1243795954922348;294.2288578899664;-0.001800309
284.8425;38.017932692307696;0.1110757913590467;294.22705758144485;-0.003247336
285.21;38;0.1006169755676288;294.22381024520104;-0.004147405
286.1;34;0.080221749;294.2032117197821;-0.006135863
286.275;29.53125;0.07964825;294.19707585665003;-0.006495307
276.4197443181818;0;0.4032969607632976;294.11258921671407;0.001874668
274.95;0;0;294.12662780634025;-0.104952735
275.031485;0;0;293.8138128186405;-0.10279475
274.79780701754385;0;0;293.0941791483522;-0.100135139
275.1475328947368;24.50863908;0;292.99404400954285;-0.090161536
275.35;81.52303754266214;0;292.9038824736228;-0.071085923
275.2493421052631;146.27591723549492;0;292.83279655064666;-0.051401968
274.9605263157894;194;0;292.7813945827915;-0.038074596
274.71644736842103;219.3968952645052;0;292.74331998720425;-0.031418274
274.75;238.1044624573379;0;292.71190171321973;-0.025329098
275.03828124999995;256.75979842150167;0;292.68657261477006;-0.01789514
275.39374999999995;282;0;292.6686774751159;-0.008115989
275.8023438;327.2495313;0;292.66056148646504;0.008032956
276.25;387.50375;0;292.6685944424578;0.02890602
276.7590401785714;441.7560938;0;292.6975004629088;0.048161313
277.3116071428571;469;0;292.7456617757473;0.059271755
277.83337053571427;472.9696086014852;0;292.80493353054555;0.063019575
278.25;472.2647896039604;0;292.8679531055756;0.064738848
278.5574922360248;468.1775758044554;0;292.93269195341145;0.064814754
278.8223602484472;462;0;292.99750670787114;0.0640163
279.0760481;455.1501832936458;0;293.06152300818167;0.062954996
279.35;448.19256799097633;1;293.12447800407097;0.3391667474963924
279.67663043478257;441.1386686928186;0.6338005841991091;293.46364475156736;0.2355464216813061
280.03478260869565;434;0.3741104772331919;293.69919117324866;0.162521771
280.37554347826085;426.7358427714857;0.1902028244095504;293.8617129443719;0.110362322
280.65;418.8061292471685;0.061612941;293.9720752659673;0.072845819
280.7828947368421;409.4733510992672;0;294.0449210853687;0.05291512
280.7710526315789;398;0;294.0978362049036;0.049044294
280.6736842105263;360.2786420471067;0;294.14688049873246;0.036681945
280.54999999999995;289.1991858098284;0;294.1835624440513;0.014019466
280.4315241;209.5201366676359;0;294.1975819100298;-0.011126126
280.30116959064327;146;0.009117603;294.1864557840587;-0.028720356
280.1452302631579;96.64433701657458;0.050591548;294.1577354281973;-0.033114658
279.95;49.406077348066304;0.1055346054506877;294.1246207703437;-0.033489261
279.7109375;13.96477900552486;0.1679950297991104;294.0911315;-0.028672611
274.54999999999995;0;0;294.1314206926844;-0.107168146
274.0613095238095;0;0;293.4857750844273;-0.106309138
273.6461956521739;36.82098214285711;0;292.96208191479286;-0.094429802
273.54999999999995;81.28928571428568;0;292.8676521127024;-0.080810588
273.6380543478261;130.11294642857143;0;292.7868415243344;-0.064922668
273.8558260869565;177;0;292.7219188561588;-0.049005306
274.1956847826087;220.9743960084033;0;292.6729135497546;-0.03339957
274.65;265.1102941176471;0;292.6395139795417;-0.017203331
275.2254727;309.1910451680672;0;292.6223106489834;-0.000449545
275.87559374999995;353;0;292.6218611037674;0.016537793
276.512918;391.30008943435865;0;292.6383988969328;0.031673738
277.04999999999995;418.2827314888219;0;292.67007263509004;0.042709594
277.4896709735577;432.8740077988743;0;292.71278222899866;0.049354155
278.31979417067305;426.22088262705415;0;292.81384577046794;0.051305177
278.75;416.2203096469872;0;292.8651509478097;0.050313854
279.2573403;406.10958184342667;0;292.9154648017762;0.049716348
279.82438186813187;398;0;292.9651811502312;0.050062177
280.3542324862637;391.6995067684332;0;293.0152433268778;0.050757027
280.75;385.5205933179723;1;293.0660003538092;0.3426853899481443
280.94316770186333;379.3313832085253;0.6399371836820194;293.40868574375736;0.2340453182069382
280.97701863354035;373;0.3942250627328684;293.6427310619643;0.1588457779038776
280.9223602484472;366.133401;0.2283212060582723;293.8015768398682;0.1071912391432192
280.85;358.4688311688312;0.1176363617026105;293.9087680790114;0.071919814
280.7910326086956;350.0698457792208;0.044921463;293.9806879;0.047850301
280.7253623188405;341;0;294.02853819412843;0.03170384
280.6470108695652;324.06519886363634;0;294.0602420337574;0.025911246
280.54999999999995;295.3079545454545;0;294.0861532798616;0.016424829
280.4375;259.6467329545455;0;294.1025781087481;0.004789592
280.29999999999995;222;0.001670012;294.10736770082013;-0.007063463
280.11249999999995;166.5;0.022586635;294.1003042376655;-0.019290387
279.85;92.5;0.065850107;294.08101385108534;-0.031512099
279.5175;27.75000000000003;0.1339909691261442;294.0495017518066;-0.034731145
279.14666666666665;0;0.2141737907738279;294.01477060715354;-0.024014165
278.7525;0;0.2832687007309944;293.9907564418942;-0.008470044
276.65;0;0.4234458163024993;294.00685797163726;0.00968527
270.5;0;0.6127163307456527;294.1151236982374;-0.002280541
269.7637695;0;0.6745837559669178;294.1080231026808;0.003955179
269.85;0;0.6765478050579637;294.1119782821663;0.005094986
269.900293;0;0.6757439549231636;294.1170733;0.005339521
269.9585938;0;0.673464325;294.12241278912467;0.005352445
270.04999999999995;0;0;294.13285974221185;-0.131804299
269.8653846153846;0;0;293.7391021226012;-0.130659674
269.75;0;0;293.6084424486839;-0.130576074
269.408547;0;0;293.3471910105468;-0.131015013
269.21153846153845;0;0;293.21617599713807;-0.131376193
268.8822222222222;3;0;292.8221284;-0.130102466
268.93833333333333;20.75344013909588;0;292.6920259342152;-0.123642161
269.15;60.36674946183143;0;292.5683837734884;-0.109666138
269.47625;109.79668405365126;0;292.4587176354889;-0.092130846
269.84;157;0;292.36658678967456;-0.075168713
270.23375;209.9357497;0;292.2914180761809;-0.056378319
270.65;273.2530737704918;0;292.2350397568621;-0.034385823
271.075;329.94386099726773;0;292.20065393341446;-0.014496739
271.5;363;0;292.1861571946495;-0.001960177
271.92499999999995;347.5315437030075;0;292.1841970180557;-0.004364298
272.35;290.18133876357564;0;292.1798327200236;-0.019591399
272.775;221.2404644;0;292.1602413209335;-0.038287532
273.2;171;0;292.1219537890144;-0.051149942
273.625;139.4391635338346;0;292.07080384664994;-0.058216927
274.04999999999995;109.29766917293232;0;292.0125869;-0.064810228
274.50073529411765;85.00734022556392;0;291.94777669132395;-0.0694333
274.9852941;71;0;291.8783433915695;-0.070694371
275.4772058823529;73.52485896915584;0;291.8076490204229;-0.066841424
275.95;87.95486201298701;1;291.7408075967782;0.1984090112740659
276.38607536764704;102.40743405032468;1;291.9392166080523;0.2063132958869005
276.7584558823529;105;1;292.1455299039392;0.2096136880351764
277.02660845588235;94.22808380681818;1;292.35514359197435;0.2073165589496284
277.15;79.48985227272728;1;292.5624602;0.2017927351655544
277.1506893382353;65.25669460227272;0.9851199132176828;292.76425288608954;0.1909085237358567
277.0893382352941;56;0.9469159117270806;292.9551614098254;0.1748866230898897
276.98331801470584;53.17415384615384;0.8964221548713747;293.1300480329153;0.1574846200390993
276.85;53.15907692307693;0.8393230584298876;293.2875326529544;0.1393870313418688
276.7026194852941;52.814461538461536;0.7804207308324737;293.42691968429625;0.1210580198883803
276.54816176470587;49;0.7238691009000133;293.54797770418463;0.102651563
276.3946231617647;37.63341346153846;0.673607216;293.65062926728694;0.083940873
276.25;21.20192307692308;0.6339774920152371;293.7345701;0.06677544
276.14095982142857;6.419471153846153;0.6062271726542783;293.8013456;0.053684771
276.06339285714284;0;0.5869629426849416;293.8550303521643;0.045733993
275.2491071428571;0;0.52522881;294.00395908505595;0.021816892
271.444;0;0.5645223340795618;294.13003862681603;-0.004292551
270.04999999999995;0;0;294.12071751053134;-0.131737845
269.57754010695186;0;0;293.8568543228944;-0.132879485
269.0733766233766;0;0;293.4566456634463;-0.133448424
269.0350649350649;0;0;293.3231972392178;-0.132927746
269.04999999999995;0.8062499999999996;0;293.05807246815914;-0.131147888
269.22946428571424;23.65546875;0;292.6696452682124;-0.121036898
269.35;62.02708333333333;0;292.5486083699496;-0.10795445
269.5046875;112.38515624999997;0;292.44065391965665;-0.091083018
269.6958333333333;166;0;292.34957090118405;-0.073106236
269.9390625;222.3215579710145;0;292.27646466482344;-0.054113223
270.25;283.35748792270533;0;292.22235144196463;-0.033408707
270.6;344.2146739130435;0;292.18894273450974;-0.012658502
270.95;400;0;292.1762842324159;0.006423688
271.29999999999995;449.6858016304348;0;292.18270792070064;0.023532029
271.65;493.9604468599034;0;292.2062399493406;0.038888296
272;530.5048686594203;0;292.2451282;0.051791321
272.35;557;0;292.29691956650777;0.061543768
272.7;573.1783629424295;0;292.35846333497074;0.068080904
273.04999999999995;581.4448374116962;0;292.42654423935284;0.072157386
273.3910714285714;583.4888931751148;0;292.4987016252949;0.074255612
273.7178571428571;581;0;292.57295723737377;0.074874888
274.0357142857143;575.5246552961854;0;292.6478321252083;0.074526605
274.35;567.5079585117707;1;292.7223587306277;0.312069471
274.64265109890107;556.9872824714706;0.7635914753950797;293.0344282012209;0.2523896992865957
274.89945054945053;544;0.5642832086674668;293.2868179005075;0.2009686613064332
275.1315247252747;528.5624116513172;0.4003668538695307;293.48778656181395;0.1573802251537017
275.35;508.45789248233024;0.2691464911533845;293.64516678696765;0.120290278
275.540472;480.3744270721782;0.1685776841001181;293.7654571;0.088036118
275.6758741258741;441;0.098105693;293.85349318244687;0.059315423
275.7483391608391;387.2934645935168;0.058395386;293.9128086053988;0.033366373
275.75;323.48981862618984;0.050678716;293.946175;0.011767033
275.6769412878788;257.19126334576794;0.072917133;293.9579420117387;-0.003703417
275.5415404040404;196;0.1191303965988525;293.9542385945788;-0.01218636
275.36036931818177;133.81675295857988;0.1805990870824398;293.9420522;-0.0176759
275.15;69.94822485207101;0.2539732360432104;293.9243763354454;-0.021180444
274.9161184210526;20.105584319526656;0.3370032167174331;293.90319589155047;-0.018466547
274.65409356725144;0;0.419797712;293.88472934454285;-0.007191141
274.36502192982454;0;0.4871726426264544;293.8775382035203;0.006071665
274.04999999999995;0;0.5333923255700774;293.8836099;0.013885339
273.07368421052627;0;0.5882658184434649;293.91458558449614;0.017186251
272.5401315789473;0;0.6078107526467723;293.93177183572215;0.01648792
269.25;0;0.6807113210305591;294.11047142160754;0.000584355
268.45;0;0.7125080877035646;294.11084978821407;-0.000228478
268.3897387079832;0;0.7210294550486142;294.1106213105716;0.000910572
268.4815651260504;0;0.7276531284817414;294.1115318829511;0.003030043
268.30120798319325;0;0.7296531449400435;294.1231156610765;0.001703153
267.9336134453781;0;0.7323283541163645;294.12481881404057;-0.001079808
267.15396825396823;0;0.7703168958099416;294.1162743655139;-0.000674192
267.0598214285714;0;0.7784727628913992;294.11560017366946;3.919867407375932e-05
266.95;0;0.7855504029320106;294.11563937234354;0.000395152
266.04999999999995;0;0.8316172454892994;294.12040596541834;0.000872612
265.91875;0;0.8362735463853848;294.1212785772076;0.00053987
265.76111111111106;0;0.8413168334648389;294.1218184470052;4.008624040352515e-05
265.62291666666664;0;0.8471014702762996;294.1218585332456;-0.000145726
265.54999999999995;0;0.853195092;294.1217128069998;0.000314747
265.56666666666666;0;0.8585326334036012;294.12202755399704;0.001443814
265.64444444444445;0;0.8618767047293907;294.1234713682751;0.002754676
265.75;0;0.8626823592976081;294.1262260437828;0.003843265
265.85;0;0;294.1300693090426;-0.154775419
265.9369791666666;0;0;293.97529388987454;-0.153452308
266.02916666666664;0;0;293.8218415815854;-0.152107934
266.1317708333333;0;0;293.66973364780523;-0.150713907
266.25;0;0;293.5190197407399;-0.149241995
266.44821428571424;0;0;293.3697777458016;-0.147340384
266.7674603174603;0;0;293.2224373618846;-0.14478678
267.17797619047616;0;0;293.0776505823196;-0.141747636
267.65;0;0;292.9359029466788;-0.138388495
268.1785714285714;0;0;292.7975144517693;-0.134738256
268.75;0;0;292.6627761954995;-0.13087344
269.32142857142856;0;0;292.5319028;-0.127029776
269.85;0;0;292.4048729792688;-0.123441703
270.79017857142856;0;0;292.1612984099759;-0.116963081
271.2291294642857;0;0;292.0443353291944;-0.113920591
272.06953124999995;0;0;291.81942103229903;-0.108090169
272.85;0;0;291.29908365020435;-0.100970921
272.85;0;0;291.0976944162696;-0.099868728
272.85;0;0;290.9978256881818;-0.099322151
272.85;0;0;290.8985035366983;-0.098778566
272.85;0;0.013224971;290.79972497043235;-0.095060805
272.85;0;1;290.70466416544565;0.1431413057098325
272.94843749999995;0;1;290.8478054711555;0.1426819888483237
273.1875;0;1;290.9904874600038;0.1440291203986134
273.4828125;0;1;291.1345165804024;0.1460900321483791
274.2;0;1;291.5772720949779;0.1500030830471814
274.83906249999995;0;1;292.0305702043814;0.1527986857897758
274.9625;0;1;292.18336889017115;0.1525357736448427
275.0296875;0;1;292.3359047;0.1515389181240038
275.04999999999995;0;1;292.4874436;0.1499454226396892
275.04999999999995;0;1;292.6373890045797;0.1481148133062788
275.04999999999995;0;1;292.7855038;0.1463156365499571
275.04999999999995;0;1;292.9318194544359;0.1445470588795387
275.04999999999995;0;1;293.07636651331546;0.1428082791083511
275.04999999999995;0;0.979112817;293.2191747924238;0.1360743754319173
275.04999999999995;0;0.940064888;293.35524916785573;0.1251127203221358
275.04999999999995;0;0.8914744922575318;293.48036188817787;0.1120695606711592
275.04999999999995;0;0.8391728503359903;293.5924314;0.098366279
275.0746875;0;0.7869962114619011;293.6907977278342;0.085186055
275.1325;0;0.736897421;293.7759837824203;0.073033404
275.1990625;0;0.6898591303659463;293.8490171862378;0.061830116
275.25;0;0.6467841312258151;293.91084730272337;0.051517542
275.24267857142854;0;0.6084781970315853;293.96236484448787;0.041867552
279.85;0;0.2925155276202075;294.1828715116628;0.001368797
280.65;0;0.2507577594927859;294.1563260865689;-0.003523271
272.08177083333334;0;0;293.2999184559411;-0.116125871
272.04166666666663;0;0;292.9530630020847;-0.114447037
272.059375;0;0;292.6116544999978;-0.112481608
272.103125;0;0;292.38739240482187;-0.111014791
272.3833333333333;0;0;292.05719221543694;-0.107674056
272.53125;0;0;291.94951815983774;-0.10627522
273.0627232142857;0;0;291.3278402833862;-0.099964081
273.45;0;1;291.0318767878247;0.1469107802195139
273.48749999999995;0;1;291.1787875680442;0.1456145843247327
273.46666666666664;0;1;291.3244021523689;0.143590217
273.4375;0;1;291.46799236936573;0.1414950745428882
273.45;0;1;291.6094874439086;0.1399652325845295
273.5453125;0;1;291.74945267649315;0.1395080876228007
273.85;0;1;292.16816570795095;0.1383909293566603
273.825;0;1;292.3065566373076;0.1364390970641693
273.775;0;1;292.5775162;0.1326340708268958
273.7;0;1;292.96988418964867;0.1271603088825941
273.65;0;1;293.22243937079395;0.1236577693213689
273.6607142857143;0;0.9814777861478372;293.3460971401153;0.1181181719174446
273.7285714285714;0;0.946732733;293.4642153120328;0.1096157487266396
273.83214285714286;0;0.9019749662171744;293.5738310607594;0.099331677
273.95;0;0.8520128817966085;293.67316273794034;0.08811367
274.0903571428571;0;0.8005772761493348;293.76127640825456;0.076893955
274.25642857142856;0;0.7500009600174571;293.83817036354407;0.066212002
274.4192857142857;0;0.7016958508455258;293.90438236524074;0.05606346
274.6325;0;0.6170002107204647;294.0069052124711;0.037538955
276.45;0;0;294.1509715919235;-0.096876541
276.5044642857143;0;0;294.05409505078484;-0.09604826
276.62857142857143;0;0;293.9580467904986;-0.094843361
276.85;0;0;293.58501131534683;-0.091589888
276.9678571428571;0;0;293.2218399408919;-0.088957243
278.36;0;0;291.99514244292914;-0.07462446
278.4933333333333;0;0;291.9205179834217;-0.073486317
278.63;0;0;291.8470316666184;-0.07233616
278.75;0;1;291.7746955066888;0.2120751365712294
278.8489063;0;1;291.9867706;0.2105112161595457
279.0767188;0;0.9699486609245888;292.8173790643948;0.1937055902898805
279.0739063;0;0.851533091;293.1873137654014;0.156093666
279.04999999999995;0;0.7849156635442495;293.34340743186533;0.1356407937430503
279.0065625;0;0.7208059953033132;293.4790482256084;0.1160851112526302
278.9475;0;0.6619198661532303;293.5951333;0.098179788
278.8896875;0;0.6095005353976972;293.69331312471223;0.08239479
278.85;0;0.5636459375156949;293.77570791461056;0.068856155
278.8421875;0;0.5237983984224432;293.84456406950983;0.057467311
278.8640625;0;0.4589738826116995;293.9498303303614;0.039439949
278.75;0;0.3945172163874264;294.0471119122552;0.020450767
278.35;0;0;292.82808927726046;-0.079237866
278.38593749999995;0;0;292.7488514114634;-0.078607517
278.75;0;1;291.9168336124912;0.2099979370905202
278.9655555555555;0;1;292.33518762917066;0.2072534709942601
279.15;0;0.9820050538313304;292.7484926015049;0.1991183378996766
279.0196875;0;0.8713744678663851;293.12996638786024;0.161528916
278.85;0;0.7456644365756128;293.4320512454706;0.1214415811498952
278.8467354910714;0;0.6873920162449753;293.55349282662047;0.1043257854178705
278.8506696428571;0;0.6331256263871248;293.65781861203834;0.088670092
278.8542689732143;0;0.5839266804961561;293.7464887;0.074616151
278.85;0;0.540311445;293.82110485553505;0.062177903
278.83214285714286;0;0.4700415845500589;293.9346932170379;0.042214318
278.65;0;0.4018804846482229;294.0387232755466;0.021570859
275.65;0;0;294.1359656024204;-0.101172774
275.60508928571426;0;0;294.03479282792773;-0.100864855
275.385625;0;0;293.6329255956484;-0.099866573
275.28687499999995;0;0;293.4333524878741;-0.099314773
275.35;0;0;293.3340377150241;-0.098425748
276.7098438;0;0;292.86135707369726;-0.088396433
276.97125;0;0;292.77296064094617;-0.08648198
278.6021094;32.107101773929884;0;292.06052400344174;-0.063816885
278.75;100.47739702528706;0;291.99670711890184;-0.041703734
278.8917708333333;171.3589937640007;0;291.9550033845682;-0.018975425
279.02138888888885;211;0;291.93602795975534;-0.006012797
279.1403125;222.16741125215145;0;291.9300151625147;-0.00190638
279.25;230.50968301778545;1;291.92810878262844;0.2883115106832292
279.1663125;236.5971132745267;0.9691223653642658;292.21642029331167;0.2758463979983503
278.84627777777774;241;0.899651225;292.4922667;0.2491574685539035
278.5031041666666;245.08691093205576;0.8184653887535945;292.7414241598639;0.2201831420931626
278.35;248.2310481997677;0.7350106975150661;292.9616073019571;0.1939833463546278
278.479875;248.0096613675958;0.6505668510260709;293.1555906483117;0.1705631669682361
278.75;242;0.565828616;293.32615381527995;0.1470851471048035
279.02012499999995;215.0979185;0.4857589568630627;293.4732389623848;0.1185168383785253
279.15;165.97249824350092;0.4239267252905886;293.5917558007633;0.086848016
279.152;112.8608288166215;0.3915600624766289;293.6786038167327;0.061048578
279.1173333333333;74;0.3852132369227849;293.73965239452644;0.046580638
279.024;48.00578703703704;0.3908938802992618;293.78623303285457;0.038900714
278.85;24.17181069958848;0.4000150315839379;293.8251337465749;0.03213079
273.15;0;0.4954271712092195;294.1307400045658;-0.004644775
272.65;0;0;294.15973080204054;-0.117721692
272.76587247670807;0;0;294.0420091103185;-0.116443242
273.0514217779503;0;0;293.8105570873057;-0.11361372
273.26395676691726;0;0;293.47298928255327;-0.110603034
273.33240131578947;0;0;293.1437125935093;-0.108426326
273.25;0;0;292.8190867798201;-0.107100643
273.4709821428571;0;0;292.71198613674943;-0.105305062
273.83928571428567;0;0;292.60668107452256;-0.102713026
274.75;2.347222222222222;0;292.4044562363364;-0.095902576
275.24150068681314;5.171874999999998;0;292.30855366037235;-0.091822033
275.7809065934066;9;0;292.2167316277319;-0.08719409
276.3048592032967;22.92475728;0;292.12953753811166;-0.079581582
276.75;48.74379719525351;0;292.0499559565217;-0.068796648
277.03653846153844;75.44093851132686;0;291.9811593088485;-0.058669637
277.19615384615383;92;0;291.9224896720626;-0.052399866
277.54999999999995;98.42286947141316;0;291.82025536256856;-0.047935246
277.94192307692305;99.38774272;0;291.77232011702915;-0.045232203
278.43615384615384;103;0;291.7270879137075;-0.041172646
278.8873076923077;113.57957848837208;0;291.68591526802004;-0.035235683
279.15;128.5733204134367;1;291.6506796;0.2596314414946619
279.24666666666667;140.78040213178295;1;291.91031102686065;0.2610234102031654
279.3044444444444;143;1;292.1713344370638;0.2587392364879974
279.335;135.09313953488373;0.9691066130687752;292.4300736735518;0.2442374008876982
279.35;122.92279069767442;0.9092397501228622;292.6743110744395;0.2204138768868802
279.36;108.29104651162793;0.8393299064401321;292.8947249513264;0.1935479177354295
279.36555555555555;93;0.7695205878010655;293.0882728690618;0.1670615910287551
279.3633333333333;77.01709302325581;0.7047433518544998;293.2553344600906;0.1422097568258209
279.35;60.06558139534884;0.6477079946408189;293.3975442169164;0.1195353183690031
279.31166666666667;43.58127906976745;0.5998577289895717;293.5170795352854;0.099640998
279.2344444444444;29;0.5611542747415768;293.6167205334815;0.08274634
278.36984126984123;0;0.4748332939923812;293.8728385908795;0.039614701
278.0306547619047;0;0.4647478663851871;293.9124532919389;0.033419169
277.04999999999995;0;0.4323583004375413;294.0404356420833;0.015129887
273.575;38.7415349;0.5018034106290551;294.16802453936987;0.011998206
273.65;126.89409307875894;0.4775706085112801;294.18002274528124;0.034106372
273.725;222.3496047136038;0.4130919266125995;294.2141291;0.049179259
273.79999999999995;283;0.3157897601690775;294.26330837592343;0.046026775
273.875;300.40953789892063;0.2136569117065854;294.30933515137474;0.028512343
273.95;303.29695388797296;0.1318739179601964;294.33784749416714;0.011214139
274.16776315789474;305.2858929330388;0.073709139;294.34906163346375;-0.000108561
274.59736842105264;320;0.032550958;294.34895307257403;-0.002523578
275.12828947368416;361.7367979086953;0;294.3464294943254;0.005687056
275.65;420.0968883566512;0;294.35211655026245;0.026397732
276.1452900717703;471.6585346262815;0;294.3785142826971;0.04476684
276.6571770334928;493;0;294.4232811225725;0.053864209
277.16547547846886;479.3506651524984;0;294.4771453316158;0.052167986
277.65;450.5109777200952;0;294.52931331723835;0.045695313
278.08465909090904;419.91580142764434;0;294.5750086306145;0.038447123
278.4681818181818;401;0;294.6134557539236;0.034538291
278.8176136363636;392.9228374094203;0;294.6479940452261;0.033786157
279.85109265734263;373.8851153111354;0;294.7801723342418;0.032884151
279.85;379.49225194080543;0;294.81305648490843;0.034416702
279.6760096153846;384.1032626000728;0;294.8474731867321;0.034689307
279.3892307692307;381;0;294.88216249354053;0.031978823
279.0828365384615;337.3754208191712;0;294.91414131692017;0.016756635
278.85;249.86757051051185;0;294.9308979522565;-0.011429239
278.7292857142857;155.92593494659658;0;294.9194687131079;-0.040819074
278.65142857142854;93;0;294.8786496387709;-0.060307651
278.54785714285714;58.81785599226804;0;294.8183419874365;-0.071020754
278.35;29.03253865979381;0;294.74732123341164;-0.080843683
278.05032467532465;7.980951997422679;0.01399711;294.6664775503542;-0.084944539
277.7103896103896;0;0.051787832;294.5815330112101;-0.079313374
277.3652597402597;0;0.097604583;294.5022196374952;-0.069457216
277.04999999999995;0;0.1430628278075582;294.43276242128684;-0.059748544
276.7617045454545;0;0.186367376;294.37301387757896;-0.050619932
276.4781818181818;0;0.2264923787793901;294.3223939;-0.042444615
276.20556818181814;0;0.2631698257700717;294.27994932973564;-0.03521806
275.95;0;0.2963219597321869;294.24473126974493;-0.028882129
275.7176563;0;0.3259687927191819;294.2158491410448;-0.023351033
275.50875;0;0.3521688127050066;294.1924981076828;-0.018576076
274.871875;0;0.426384021;294.14002486775763;-0.005884814
273.35;0;0.49690683;294.1234598;-0.00254356
270.6335938;0;0.6007180581598075;294.1282032828407;-0.003712209
270.45;0;0.6115843801484454;294.12449107340274;-0.003030714
269.9529411764706;0;0.5931167967889748;294.1539171352714;-0.011369759
269.65;0;0.6117192884737829;294.1425474;-0.010094467
270.41184210526313;25.93158373786408;0.6451775367899226;294.13835535519104;0.011409401
270.65;85.73422330097087;0.6281122937069661;294.1497647561398;0.028221974
271;152.4197512135922;0.579966705;294.1779867;0.041440835
271.35;199;0.5033858810175305;294.2194275648452;0.042226159
271.7;220.80174210701847;0.4168570237066445;294.26165372340193;0.033037297
272.04999999999995;230.85642555399096;0.3372498664317022;294.29469102031135;0.021506605
272.4;228.7328962;0.2704719906330165;294.3161976252907;0.008820202
272.75;214;0.2208918317379781;294.3250178269732;-0.004133202
273.1;174.16280044357333;0.1916002134462592;294.3208846244941;-0.02040759
273.45;112.44876555945255;0.190958676;294.30047703445115;-0.037003293
273.70624999999995;52.01034789560549;0.222895992;294.2634737418859;-0.046384771
273.85;16;0.2785392854533973;294.21708897051496;-0.043525428
273.99375;5.764435515;0.3389334610892958;294.1735635424223;-0.03157166
274.25;5.700656868681314;0.3879541762340999;294.14199188199785;-0.018145204
275.36375;56.06656753379005;0.4319963616260168;294.1241627610908;0.016900084
275.75;99.90765598963156;0.4085024144701357;294.14106284478817;0.027865995
276.145;140.0449164506573;0.3627720474835485;294.1689288398286;0.032191774
276.54999999999995;158;0.3038670284195987;294.2011206137157;0.026308627
276.955;135.2941766278704;0.2483226303451974;294.2274292406497;0.008525976
277.35;84.16325888644229;0.2176814289136863;294.2359552167243;-0.011973767
277.69875;32.200711701793026;0.220276702;294.2239814496006;-0.024643185
277.96;7;0.2469943015346307;294.1993382643301;-0.023449507
278.11625;4.431390570934258;0.2767916656662202;294.1758887576904;-0.015214017
278.37083333333334;0;0.3448960808433934;294.1647362967662;0.00319445
285.04999999999995;0;1;292.6320898630548;0.3111385435505553
285.18875;0;0.7839293617638248;292.94322840660533;0.2321841617260815
285.3533333333333;0;0.6380674319058663;293.1754125683314;0.1802221580791752
285.51625;0;0.5327177516095158;293.3556347264106;0.1432709238209781
285.65;0;0.453038654;293.4989056502316;0.1153799318607298
285.7417857142857;0;0.3912325198350665;293.6142855820923;0.09355965
285.8014285714286;0;0.3427251884453099;293.7078452323814;0.076290905
285.8353571428571;0;0.3042759402920293;293.78413613772204;0.062475979
285.85;0;0.2735733012904913;293.8466121167838;0.051341512
286.75;0;0;294.14857811162807;-0.040492052
286.6575;0;0;294.10808605993043;-0.040776689
286.2808594;0;0;293.8593763522552;-0.041476848
286.25;0;0;293.8178995040548;-0.041418739
286.20299479166664;0;0;293.77648076475964;-0.041449314
286.15173611111106;0;0;293.7350315;-0.041503
286.0996094;0;0;293.6935284510535;-0.041561143
285.95;0;0;293.4856662874594;-0.041242328
286.05375;0;0;293.4444239589628;-0.040448793
286.27;0;0;293.40397516630134;-0.039043893
286.875;0;0;293.21956009180064;-0.034723463
286.95;0;0;293.1848366285405;-0.034122952
287.025;0;0;293.15071367636244;-0.033525728
287.1;0;0;293.11718794869887;-0.032931772
287.17499999999995;0;0;293.08425617696963;-0.032341066
287.25;0;1;293.0519151104833;0.3515813735834854
287.3140625;0;0.6276709775493534;293.4034964840668;0.2042716393497698
287.35416666666663;0;0.4338809082766356;293.6077681234166;0.1288551009937464
287.3671875;0;0.3264534332546365;293.7366232244103;0.087228731
287.35;0;0.2633487766600899;293.8238519554833;0.062605933
287.9186764705882;0;0.091101746;294.1687356674657;0.000103676
289.15;0;0.070278387;294.1611045303505;0.000680109
285.1215583;0;0;294.0825651069845;-0.049043147
284.75388513513514;0;0;294.03352196026805;-0.050786993
284.40926942567563;0;0;293.9827349673636;-0.052395103
284.25;0;0;293.9303398644409;-0.052980021
284.3074219;0;0;293.5718599842788;-0.050703811
284.25;0;0;293.5211561731937;-0.050740579
284.2148438;0;0;293.47041559447734;-0.050655286
284.18541666666664;0;0;293.4197603080205;-0.050539106
282.54999999999995;0;1;292.7193264281167;0.2608199570301508
282.533759;0;0.8517396613858104;292.98014638514684;0.209673811
282.54771634615383;0;0.7366509049789054;293.18982019566005;0.1709402452603967
282.7255859;0;0.5045496426569303;293.6173982444067;0.096064947
283.0101563;0;0.3367308945320267;293.9124262744259;0.044285735
283.171875;0;0.2558051424948647;294.0468028530947;0.019570355
283.45;0;0;294.1500112824467;-0.058560632
283.2035714285714;0;0;293.7978371065768;-0.057981892
283.25;0;0;293.68241788071833;-0.057096107
283.2084375;0;0;293.62532177417137;-0.057011092
283.0953125;0;0;293.1723166228314;-0.055150945
283.25;3.4375;0;292.84948104468293;-0.051483942
283.25;10.999999999999998;0;292.79799710316973;-0.048884378
283.25;18.5625;0;292.74911272525173;-0.046299042
283.25;11.000000000000002;1;292.6120221676989;0.2789829459201201
283.25;3.437500000000004;0.8430091344450934;292.89100511361903;0.2209533677660715
283.25;0;0.7271723212775372;293.1119584813851;0.1793010987094589
283.25;0;0.636574453;293.29125958009456;0.147912003
283.25;0;0.5623400422443354;293.4391715832516;0.1224781738498563
283.17794117647054;0;0.4499245244003935;293.6630087054596;0.083673285
281.4349776785714;0;0.2857808957696822;294.08616209064047;0.013451431
279.75;0;0;294.1557980359377;-0.078842219
279.4520596590909;0;0;293.7615899155301;-0.078315351
279.52632575757576;0;0;293.68327456490863;-0.07748028
279.39559659090907;0;0;293.3014579020846;-0.07610609
279.5257813;29.340494791666668;0;292.9993385200048;-0.064747684
279.65;93.82465278;0;292.93459083636725;-0.043950038
279.8081473214285;158.1464844;0;292.8906408;-0.023130278
280.00089285714284;187;0;292.8675105206389;-0.013105624
280.21819196428567;171.1664209;0;292.8544048967253;-0.016697388
280.45;136.67642791386487;0;292.83770750840137;-0.025908004
281.575;80.59552624317861;0;292.7385235974594;-0.036396074
281.85;82.92356469842827;0;292.7021275237112;-0.033978309
281.8126728110599;78;0;292.63494645136126;-0.03532392
281.6847926267281;64.05056785508913;0;292.5996225312822;-0.040105771
281.65;46.73413839371285;1;292.55951676046817;0.2618914129413383
281.7967008797653;30.30063973548016;0.8831011830337052;292.8214081734095;0.2193332011622146
282.0379765395894;19;0.7844858650331743;293.0407413745717;0.1861701650143459
282.2352639296187;11.915118243243242;0.6969489900591594;293.22691153958607;0.1574368330291804
282.0708096590909;1.5967060810810771;0.5565366970178455;293.5145222624056;0.1059341574819541
281.8198863636364;0;0.5076175889721116;293.62045641988755;0.086728696
281.35;0;0.4390057716605314;293.77889432437354;0.059905798
277.22662259615385;0;0.394850695;294.14014759066004;0.006441365
278.04999999999995;62.90470297029704;0.3531031011305839;294.16579426593665;0.021895998
278.1503004807692;109.29904084158416;0.3124311270436902;294.1876902634637;0.026292208
278.1716346153846;137;0.2597041478020397;294.2139824715173;0.021153486
278.18215144230766;130.7620759616945;0.2102918353555289;294.2351359574951;0.006427749
278.25;103.59160850511282;0.1816331336177484;294.2415637069255;-0.008857217
278.3895104895105;76.3753368;0.1777414578187889;294.2327064896592;-0.017172265
278.5527972027972;70;0.1898889003300968;294.21553422503183;-0.014698686
278.7146853146853;85.75422507325572;0.2013787796274698;294.2008355386151;-0.005602492
278.85;109.25388981283491;0.2003879623495672;294.1952330462886;0.002354263
278.9238636363636;137.87660964599667;0.1869730493250179;294.19758730954715;0.008096688
278.95;169;0.1632628786295037;294.2056839979825;0.011492657
278.9761363636364;217.49493109204693;0.1320718184930321;294.2171766550645;0.018202583
279.04999999999995;283.48688548861475;0.087035332;294.23537923837915;0.026856254
279.23323863636364;342.2353971408751;0.023440502;294.26223549272976;0.028886142
279.5;369;0;294.2911216349006;0.032141973
279.7667613636364;337.24497553069034;0;294.32326360742366;0.023693587
279.95;260.5441083022266;0;294.3469571943622;0.001059086
280.04176136363634;174.32118692264956;0;294.3480162807218;-0.024870556
280.09772727272724;114;0.001344799;294.3231457244872;-0.042547255
280.1298295454545;76.18365553602811;0.038041384;294.2805984697146;-0.043649686
280.15;39.21880492091388;0.085457319;294.2369487836543;-0.041559192
280.1852272727273;11.144551845342718;0.1383690388987531;294.19538959135946;-0.035086234
280.2090909090909;0;0.188858462;294.1603033575462;-0.024149396
279.1486111111111;0;0.2898441147155058;294.1092304909119;-0.004471144
273.4;0;0.5032752662040573;294.14326810689914;-0.000851516
272.0953125;0;0.5550401463842269;294.14259866578664;-0.000773227
270.65;0;0;294.14152324206896;-0.128567944
270.5989583333333;0;0;293.88493493620155;-0.127442997
270.5769531;0;0;293.7574919391544;-0.126865941
270.35;0;0;293.1278035038246;-0.124661791
270.3875;0;0;292.87917074144696;-0.1230958
270.4296875;0;0;292.7560749410529;-0.122191213
270.4296875;0;0;292.5124724306705;-0.120857989
270.3882813;0;0;292.03190498487805;-0.118454481
270.44375;0;0;291.91345050376367;-0.117502608
270.5792188;0;0;291.5637688450202;-0.114847404
270.59875;0;0;291.4489214413057;-0.114111956
270.61890624999995;0;0;291.3348094853098;-0.113377113
270.65;0;0;291.2214323725577;-0.112586431
270.7275;0;0;291.10884594168454;-0.111546097
270.85;0;0;290.9972998444363;-0.110265175
270.9725;0;0.01232133;290.8870346698906;-0.10619698
271.04999999999995;0;1;290.7808376897796;0.1199185766004689
271.0678125;0;1;290.90075626638003;0.1187808126368281
271.0434375;0;1;291.1368599411284;0.1158420711483358
271.04999999999995;0;1;291.2527020122768;0.1146281833003399
271.0921875;0;1;291.3673301955771;0.1138533739420495
271.15416666666664;0;1;291.48118356951915;0.1133227709001403
271.21406249999995;0;1;291.5945063404193;0.1127741601709999
271.25;0;1;291.7072805005903;0.111949872
271.2267857142857;0;1;291.8192303723268;0.1104412278324389
271.15476190476187;0;1;291.9296716001592;0.1083844088167325
271.0803571428571;0;1;292.038056;0.1063330822607326
271.1535714285714;0;1;292.35330814620943;0.1037559811040864
271.22008928571427;0;1;292.4570641273135;0.1034004427373247
271.25;0;1;292.56046457005084;0.1026274370566966
271.2320313;0;1;292.66309200710754;0.1013145383300866
271.19375;0;1;292.7644065454376;0.099787799
271.1585938;0;1;292.86419434447714;0.098318754
271.15;0;1;292.9625130986478;0.097172215
271.17109374999995;0;1;293.05968531371843;0.096377418
271.2020833333333;0;1;293.1560627316054;0.09570456
271.25;0;1;293.4410204808389;0.093229789
271.2416666666666;0;0.9880417993811584;293.53425026956774;0.089593018
271.23749999999995;0;0.9629309738359828;293.6238432877774;0.083244695
271.25;0;0.9300533497361054;293.7070879831062;0.075510203
271.275;0;0.8930945764161405;293.7825981857536;0.067138971
271.29999999999995;0;0.8547484035301821;293.8497371562934;0.058571775
271.325;0;0.817088116;293.9083089317176;0.050247312
271.375;0;0.748751461;294.0010044515081;0.035341233
271.4;0;0.7193447383452624;294.03634568479083;0.029008719
271.42499999999995;0;0.6934118999003319;294.06535440329753;0.023472906
271.45;0;0.6709076389490792;294.0888273088589;0.018714672
271.475;0;0.6516538350150205;294.10754198080593;0.014687786
271.3679688;0;0;293.77647693115426;-0.122640656
271.35;0;0;293.6538362753352;-0.122067792
271.33958333333334;0;0;293.41033028131056;-0.120792105
271.3414063;0;0;293.2895382;-0.120121039
271.35;0;0;293.1694171;-0.11941659
271.3695313;0;0;293.0500005469314;-0.118656135
271.4273438;0;0;292.8134930279614;-0.117045336
271.4546875;0;0;292.5801669;-0.115618703
271.4458333333333;0;0;292.4645482324895;-0.115034386
271.4390625;0;0;292.3495138464935;-0.114441865
271.5859375;0;0;291.8962811756322;-0.111157505
271.72187499999995;0;0;291.6749251353234;-0.109202056
271.79999999999995;0;0;291.56572307981827;-0.108176824
271.95;0;0;291.35038905286603;-0.106177369
272.1171875;0;0;291.0346070835378;-0.103534101
272.15;0;1;290.931073;0.1316393139847491
272.1609375;0;1;291.06271229675275;0.1302445913400447
272.15;0;1;291.4486710544369;0.1256594430724931
272.2304688;0;1;291.82226341774685;0.1223749378277716
272.2554688;0;1;292.06586114651657;0.1199178954967692
272.2520833333333;0;1;292.18577904201334;0.1185259659623625
272.2476563;0;1;292.3043050079757;0.1171422371223798
272.29999999999995;0;1;292.6520968908508;0.113883559
272.33124999999995;0;1;292.7659804497673;0.1129891759291581
272.3333333333333;0;1;293.10165232321106;0.1093095648193411
272.29999999999995;0;1;293.2109618880304;0.1077220013179385
272.1820313;0;0.9917030115793706;293.42464849962886;0.1021987349944879
272.1020833333333;0;0.9678289449735544;293.52684723462335;0.094946888
272.0210938;0;0.9351129101028536;293.62179412290425;0.085887997
271.95;0;0.8981469357338401;293.7076821199743;0.076177358
271.8882813;0;0.8599254680878815;293.7838594783287;0.066460609
271.83124999999995;0;0.8224757668212512;293.85032008756195;0.05711548
271.7835938;0;0.7871813133232848;293.9074355676996;0.04847132
271.75;0;0.7547859791829005;293.95590688801656;0.040711286
271.7378125;0;0.7255752754529179;293.99661817409066;0.03394195
271.7509375;0;0.6763304011943491;294.05863628038725;0.022941513
271.75;0;0.6561288980481716;294.0815777931735;0.018399309
271.980625;0;0.5581432277180614;294.15917698070194;-0.001240582
271.95;0;0.5583557722925847;294.15793639838824;-0.001451049
271.65;0;0;294.14689131263214;-0.123124372
271.65;0;0;293.7795360684809;-0.121113855
271.66875;0;0;293.4182008040728;-0.119033667
271.92375;0;0;292.94742899611487;-0.115061554
272.65;0;0;292.2760022511744;-0.107412139
273.4025641025641;0;0;291.6468657725734;-0.09985016
273.7153846153846;19.32736280487805;0;291.5470156128179;-0.091668082
274.04999999999995;64.95630081300813;0;291.45534753040647;-0.075350459
274.4105769230769;118.35708841463412;0;291.3799970717465;-0.056598097
274.79999999999995;161;0;291.3233989745959;-0.041087623
275.18942307692305;191.03353658536585;0;291.28231135170296;-0.029526624
275.54999999999995;218.7520325203252;1;291.2527847278457;0.2393060127446915
275.8908653846154;243.84451219512192;1;291.4920907405904;0.2486116674928098
276.2057692307692;266;1;291.7407024080832;0.2565384323883108
276.44278846153844;285.7228458737864;1;291.99724084047153;0.262527585
276.54999999999995;299.67758899676375;0.9987951810978252;292.25976842499654;0.2645483190944446
276.575;301.79353762135923;0.939614609;292.5243167;0.2468828185103007
276.6;286;0.8556566263776892;292.7711995626013;0.2178420602925257
276.625;256.7092197;0.7700156604147974;292.9890416228938;0.1848494580756323
276.65;223.4964306110794;0.6954717872538451;293.17389108096944;0.1540561021129747
276.67499999999995;188.0354261850371;0.6351216806749537;293.3279471830824;0.1266343753322871
276.7;152;0.589603179;293.4545815584147;0.1031414181547916
276.725;108.13235294117646;0.5579024331783776;293.5577229765695;0.081000416
276.75;58.11764705882352;0.542590027;293.6387233927227;0.061319697
276.6894886363636;17.044117647058812;0.544063071;293.7000430895278;0.047941739
276.51363636363635;0;0.5556459219781236;293.74798482822666;0.043442998
275.85;0;0.5262293151928832;293.9821697175972;0.027796494
275.9525;0;0.5005615023340317;294.0346433462912;0.022077298
273.25;0;0;294.1439679196631;-0.114351652
273.24390624999995;0;0;293.8027690892353;-0.112517638
273.2632813;0;0;293.5783829666126;-0.111183546
273.28125;0;0;293.4671994207284;-0.110476702
273.4;0;0;293.13810500417003;-0.108025671
273.54999999999995;0;0;292.8166179;-0.105445246
273.65;0;0;292.6065781093677;-0.103748413
273.7;0;0;292.5028296959248;-0.102906956
274.03125;0;0;292.1969354852008;-0.099419897
274.1882813;0;0;292.0975155879325;-0.098016353
274.25;0;0;291.9994992350961;-0.097142131
274.17235383064514;0;0;291.9023571;-0.09703543
274.00544354838706;0;0;291.8053216744721;-0.097417852
273.65;0;0;291.60995392253625;-0.098293939
273.5399697580645;0;0;291.5116599839245;-0.098358171
273.45497311827955;0;0;291.41330181310576;-0.098285044
274.1770833333333;0;1;291.5051145055085;0.1505881383881728
274.7710938;0;1;291.6557026438967;0.1565503510128678
275.04999999999995;0;1;291.8122529949096;0.1583066344221606
274.8006167763158;0;1;291.9705596293317;0.1530339201848392
274.2391447368421;0;1;292.12359354951656;0.1438770764216315
273.6831003289473;0;1;292.2674706259382;0.1351189366820904
273.53531484962406;0;1;292.5332278;0.1301772340762568
273.6766290726817;0;1;292.6634050544602;0.1304140623057605
273.85;0;1;292.9243026412463;0.129531314
273.83169642857143;0;1;293.0538339555643;0.1278096792665337
273.8119047619047;0;1;293.18164363483083;0.1260974530636645
273.75;0;0.9539926953895244;293.4287948153974;0.111930019
273.7058928571428;0;0.9126394323061064;293.54072483424926;0.1006903125772851
273.6585714285714;0;0.8672331252531222;293.64141514682655;0.08869307
273.60696428571424;0;0.8214018134316293;293.73010821697284;0.076762641
273.54999999999995;0;0.7775231357180528;293.8068708577138;0.065419741
273.465;0;0.7370716314012757;293.87229059826745;0.054750409
273.35;0;0.7012528853545227;293.92704100742446;0.045005516
273.235;0;0.670704179;293.97204652377667;0.036610177
273.15;0;0.6451448301337293;294.00865670038064;0.029751844
273.110625;0;0.6236937514098446;294.03840854418166;0.024334183
273.105;0;0.6053151409206756;294.0627427273829;0.019976368
273.121875;0;0.5893243155604447;294.0827190952095;0.016398749
273.3870129870129;0;0.50052626;294.15719295923867;-0.001693528
273.2933441558441;0;0.5019243618308115;294.1554994317239;-0.002172724
273.25;0;0;294.15332670796136;-0.114402872
273.37488839285714;0;0;293.8124012227883;-0.111853496
273.7133928571428;0;0;293.48010645802435;-0.108182245
273.90625;0;0;293.15941554853515;-0.105371622
273.75;0;0;293.0540439267219;-0.105650077
273.54999999999995;59.49999999999999;0;292.8477345573766;-0.087379675
273.6;113.06249999999996;0;292.7603548826156;-0.070211688
273.65;164;0;292.6901432;-0.053942184
273.7;209.7062937062937;0;292.6362010112823;-0.039365009
273.75;256.21678321678326;0;292.59683600180466;-0.024621141
273.79375;302.6188811188811;0;292.5722149;-0.010025392
273.8333333333333;348;0;292.5621894687023;0.004154757
273.88125;389.9404450529939;0;292.5663442254878;0.01724839
273.95;427.1914199082168;0;292.58359261587924;0.02894713
274.0625;460.5966848093313;0;292.61253974553006;0.039642631
274.21666666666664;491;0;292.6521823761135;0.049587582
274.3875;512.6580412212171;0;292.7017699580466;0.056889024
274.54999999999995;521.2378495;0;292.7586589816632;0.060096612
274.7;519.6987330386513;0;292.81875559341813;0.060116932
274.85;511;0;292.8788725255051;0.057942824
275;487.3183478575365;0;292.9368153;0.051188572
275.15;448.2243662165886;1;292.9880039223143;0.2825287456442424
275.29999999999995;407.7682014673464;0.7588654812653177;293.27053266795855;0.2102890622018094
275.45;380;0.582415067;293.4808217301604;0.1585814836310533
275.6;384.11353529870166;0.450589866;293.6394032137914;0.1279541924604927
275.75;410.2935984928729;0.3381305010906614;293.7673574062519;0.1089931924300344
275.8799107142857;429.07686244060767;0.2314755881039716;293.87635059868194;0.089101472
275.97142857142853;411;0.1361525656619217;293.96545207054254;0.060488401
276.02723214285714;363.33495871531136;0.071186174;294.0259404712724;0.030107209
276.04999999999995;313.55459125624463;0.045538534;294.0560476806306;0.008591394
275.8196428571428;262.49692816905554;0.05038025;294.0646390749799;-0.007278662
275.29523809523806;211;0.080538774;294.05736041264333;-0.01893166
274.74821428571425;149.0978153280543;0.1321087542201141;294.0384287521442;-0.029058175
274.45;79.78139140271495;0.2049036665497431;294.0093705768706;-0.035169987
274.44910714285714;23.324271776018094;0.2941708325576204;293.9742006;-0.031564628
274.54761904761904;0;0.3845856909385045;293.94263596125177;-0.016728251
274.6473214285714;0;0.4562203128346227;293.9259077098991;0.00091921
274.3301587301587;0;0.543992006;293.95465995396745;0.018245814
274.1508928571428;0;0.5534043948887828;293.9729057679846;0.018621374
274.39427083333334;0;0.5474610102622393;294.04887119173185;0.018811041
274.7875;0;0.4621280249076003;294.1538623524716;0.001620996
274.9390625;0;0.4585576812468197;294.1554833486841;0.002078712
275.2320313;29.53125;0.4239033219880433;294.1603310217949;0.005444887
275.20624999999995;35;0.4124594559361298;294.16577590917456;0.004163027
275.1773438;29.53125;0.4020737524444182;294.1699389357791;-0.000232461
272.6128342245989;0;0.4859714493104497;294.1372663309057;-0.011329887
271.57105263157894;0;0.553256037;294.14734651745715;-0.005734444
276.25;0;0;292.2633760676276;-0.087640414
276.48625;0;0;292.0031272751844;-0.084923101
276.5725;0;0;291.83409475354824;-0.083525952
276.56;0;0;291.75056880107127;-0.083137231
276.5425;0;0;291.66743157011564;-0.082778002
276.54999999999995;0;1;291.5846535684753;0.1819482173986557
276.5934375;0;1;291.76660178587395;0.1801332839235101
276.6525;0;1;291.94673506979746;0.1785728095401282
276.7103125;0;1;292.1253078793376;0.1770225225193371
276.75;0;1;292.3023304018569;0.1752459188920738
276.76138392857143;0;1;292.4775763;0.173107835
276.7553571428571;0;1;292.6506842;0.1707700600697421
276.7466517857143;0;1;292.82145421534574;0.1684413106202669
276.75;0;0.988282809;292.9898955;0.1633319921668317
276.7916294642857;0;0.9503067981988138;293.15322751813284;0.1521613340219687
276.86339285714286;0;0.8974840355644732;293.3053888521548;0.1378147477391849
276.92845982142853;0;0.8375580893623238;293.4432036;0.1218101655913983
276.95;0;0.7763399819897947;293.5650137654854;0.1052054673897373
276.9007813;0;0.7181785556157346;293.6702192328751;0.088845704
276.80625;0;0.6661042042629485;293.7590649373266;0.073831746
276.65;0;0.5831243450792655;293.8937695226359;0.050230386
276.6;0;0.5225668364777345;293.98544835808826;0.033909155
276.575;0;0.4988365434609859;294.0193575131504;0.027515859
276.525;0;0.4625697829314605;294.0690261841642;0.017697819
276.015;0;0;293.5623168962932;-0.096035597
276.3265625;0;0;292.71733270063675;-0.089705874
276.45;0;0;292.6276268268439;-0.088539351
276.63593749999995;0;0;292.53908747618294;-0.087037152
277.12031249999995;0;0;292.36686631042306;-0.083443634
277.25875;0;0;292.2011454982881;-0.081778991
277.2184375;0;0;291.7149580317414;-0.079338739
277.25;0;1;291.6356192926011;0.1913812872597873
277.29859374999995;0;1;291.8270005798609;0.1894614307816482
277.36125;0;1;292.01646201064256;0.1877826791097163
277.41828124999995;0;1;292.2042446897523;0.1860538808263072
277.45;0;1;292.3902985705786;0.1839938678348289
277.4432813;0;1;292.5742924384134;0.1814260540016334
277.41125;0;1;292.75571849241504;0.1785538095963943
277.3735938;0;0.9846665767261054;292.93427230201144;0.1716650024816886
277.35;0;0.9440128636088418;293.1059373044931;0.1585659667040317
277.34125;0;0.8900747726118416;293.2645032711972;0.1425325574762723
277.33666666666664;0;0.8305838796729469;293.40703582867343;0.1254598470098926
277.33875;0;0.7706450072854133;293.5324956756833;0.1086808423019078
277.35;0;0.7133024670202298;293.64117651798523;0.092961672
277.390625;0;0.660231257;293.7341381903657;0.07889415
277.4583333333333;0;0.6118756226088836;293.8130323;0.066487728
277.521875;0;0.5683206324960928;293.8795200682695;0.055384946
277.54999999999995;0;0.5299167873566689;293.9349050143274;0.045350448
277.54999999999995;0;0.4971457502442808;293.9802554622453;0.03658789
278.475;0;0;294.0644112488628;-0.085320076
279.1;0;0;293.6492588;-0.079627373
279.65;0;0;293.1865341470285;-0.074084781
280.188125;0;0;292.9682224020406;-0.06994484
280.6085714285714;0;0;292.7620234529679;-0.066515241
280.73089285714286;0;0;292.6955082117619;-0.065481747
280.85;0;0;292.6300264643001;-0.064471502
281.25;0;0;292.3780688800304;-0.06090337
281.2640625;0;0;292.3171655100062;-0.060493086
281.2416666666666;0;0;292.2566724244771;-0.060284581
281.15;0;1;292.1361966;0.2458200384635347
281.0495833333333;0;0.954862052;292.62257577427675;0.2228000341574443
280.9979688;0;0.8916224101981796;292.8453758084342;0.1998080263670658
280.95;0;0.8213721895734674;293.04518383480126;0.1755278731906173
280.91;0;0.7510864096661458;293.2207117079919;0.1520442551802148
280.88;0;0.684447635;293.3727559631721;0.130354271
280.85;0;0.5683085099005677;293.61397082300806;0.09366535
281.67499999999995;0;0;293.0205986008502;-0.062093899
281.79999999999995;0;0;292.9585047;-0.061069944
281.92499999999995;0;0;292.8974347576662;-0.060051592
282.665;0;0;292.49792325275854;-0.053815102
282.68875;0;0;292.4441081506291;-0.053390592
282.75;0;1;292.3907175584634;0.2701570518522658
282.86164062499995;0;0.904044311;292.66087461031566;0.2366923595330945
283.25;0;0.6379336055392301;293.2775581594704;0.14852239
283.54999999999995;0;0.4046587317110133;293.7414315361822;0.072600274
284.35;0;0.2722553127890545;293.9700783590956;0.035792326
282.95;0;0;294.1257803077701;-0.061164492
282.3261719;0;0;292.6429663813822;-0.056463306
282.40937499999995;0;0;292.58650307583844;-0.055698918
282.4878906;23.908380681818183;0;292.53080415775406;-0.047636803
282.54999999999995;74.33522727272727;1;292.4831673547093;0.2876474752190461
282.6;124.34446022727272;0.8549749378786196;292.7708148299283;0.2530538454491307
282.65;147;0.7092829832803701;293.02386867537746;0.2111596956159473
282.7;124.03125;0.582576009;293.2350283709934;0.1623915552617632
282.75;73.5;0.4952937683044757;293.3974199262552;0.1184195628468387
282.828125;22.968750000000043;0.449374684;293.5158395;0.08825334
282.75;0;0.3474365821847621;293.86597523868267;0.045527442
280.65;0;0.2495595261607603;294.1219600871401;-0.003594806
279.54999999999995;0;0;294.1428198010046;-0.07986578
279.3583333333333;0;0;293.67145963379545;-0.078335032
281.1822172619047;137;0;292.6391804265152;-0.020714916
281.33903459821425;138.13553734756098;0;292.61846551051065;-0.019395265
281.45;126.4822662601626;0;292.5990702451556;-0.022253363
281.3261719;111.58786204268291;0;292.57681688183817;-0.027374192
280.95;103;0;292.5494426900154;-0.031915197
280.5738281;101.71156977549887;0;292.51752749289057;-0.034194182
280.45;101.3995519216556;1;292.4833333111817;0.2596481129785388
280.6220078;100.63775810698448;0.902754766;292.74298142416023;0.2296680266096586
280.89722916666665;98;0.8027793781322061;292.9726494507699;0.2003166341866631
281.1738359;93.94409764;0.7052268553612298;293.17296608495656;0.1714900386573958
281.35;89.40206339712918;0.6152970640091566;293.34445612361395;0.1436853178233264
281.45175;83.65899745813397;0.5372320186679583;293.4881414414373;0.1184410282107819
281.546;76;0.4724341172710297;293.60658246964806;0.09675152
281.59225;66.99808114035088;0.4200759315264428;293.7033339897665;0.078067503
281.54999999999995;57.76681286549707;0.3795297515559023;293.7814014927957;0.062162723
281.45;48.40213815789474;0.3499300230568023;293.8435642153155;0.04912947
281.35;39;0.3296763605294858;293.8926937;0.039015081
281.25;27.625;0.3164911486291557;293.93170876649384;0.03049035
275.0192188;0;0;293.81437784532994;-0.102864975
276.3944699754901;32.77746710526316;0;292.8469106923771;-0.079997584
277.19885110294115;99.23728376886272;0;292.69792456585924;-0.0544109
277.75;144.1538093485462;0;292.6435136656472;-0.03733045
278.3943080357143;190.7434302539565;0;292.60618321578096;-0.019320846
279.09454365079364;234;0;292.5868623701562;-0.002125249
279.7975074404762;273.24351523476525;0;292.58473712103097;0.013761226
280.45;310.3113786213786;0;292.5984983;0.028617723
281.0472689;343.9735526973027;0;292.6271160704674;0.042046882
281.61652661064426;373;0;292.669163;0.053828458
282.1525210084033;380.8650067385445;0;292.72299141113666;0.058877837
282.65;364.7581132075472;0;292.7818692481753;0.056341755
283.1004010695187;344.0221630727763;0;292.83821100269074;0.052143159
283.47459893048125;338;0;292.89035416193445;0.052060045
283.7364973262032;360.6484825316193;0;292.9424142065967;0.060149905
283.85;399.44694173750776;1;293.0025641114844;0.4024356469630561
283.8696678321678;434.0219300746424;0.5510773489547878;293.40499975844745;0.260142997
283.8751748251748;444;0.261563973;293.66514275571234;0.1668032780489738
283.8680944055944;430.8395432692308;0.077416418;293.8319460337613;0.1023057167602701
283.85;410.43365384615385;0;293.9342517505216;0.070601241
283.8213942307692;384.0609375;0;294.0048529917039;0.061975438
283.7884615384615;353;0;294.0668284298632;0.051936292
283.7612981;319.1986833896066;0;294.1187647220301;0.041143779
283.75;283.75866852613035;0;294.15990850095307;0.029994926
283.75;246.68931939958887;0;294.18990342718047;0.018469558
283.75;208;0;294.20837298476465;0.00651077
283.75;153.2833969465649;0;294.21488375452003;-0.010294694
283.75;84.25190839694656;0.004104313;294.2045890606248;-0.030104923
283.75;25.094465648854964;0.044176531;294.1744841374449;-0.035455644
283.75;0;0.099638693;294.13902849390126;-0.025454013
283.75;0;0.1453850126773339;294.1135744810817;-0.010853939
277.0541666666666;0;0.3881195274287857;294.1462219043755;0.003236949
278.0691406;0;0;293.35361758797904;-0.083651186
278.5882813;0;0;292.8678670128733;-0.078151466
278.65;0;0;292.7897155469825;-0.077385963
278.7476563;0;0;292.71232958385826;-0.076427966
279.125;0;0;292.4125259896913;-0.072721972
279.2;0;0;292.33980401782173;-0.071913497
279.575;0;0;291.98823315162235;-0.06793701
279.65;0;1;291.9202961411689;0.2241809045796117
279.79999999999995;0;1;292.3664680632436;0.2198488498605684
279.95;0;0.9503591998783112;292.8026307193446;0.2015222077466205
280.0171875;0;0.8860595110932716;293.00415292709124;0.1813416643324217
280.0708333333333;0;0.814367369;293.18549459142366;0.1593015474067556
280.1140625;0;0.7426496956624948;293.3447961388304;0.1375583964007773
280.15;0;0.6749769283594604;293.4823545352312;0.1172694397602072
280.1640625;0;0.6133816354516999;293.5996239749914;0.098782485
280.1421875;0;0.5121426140010781;293.7807692499149;0.06829465
280.15;0;0.4722027525585214;293.8490638996439;0.056567846
280.25416666666666;0;0.4086790192518301;293.9525832821548;0.038916225
280.3140625;0;0.3832240143508588;293.99149950746533;0.032029063
279.5;0;0;293.74121503104993;-0.077941465
279.65;43.00000000000001;0;292.9231576836982;-0.05946447
279.615625;72.56250000000001;0;292.8636932136347;-0.050266687
279.5833333333333;86;0;292.81342652653404;-0.046049915
279.559375;72.5625;0;292.7673766110736;-0.050047405
279.54999999999995;42.99999999999999;0;292.71732920650504;-0.058885276
279.7;0;0;292.37889731272446;-0.069390977
279.75;0;0;292.3095063354705;-0.068737556
279.79999999999995;0;0;292.24076877912387;-0.068087712
279.85;0;1;292.1726810675444;0.2235747458484525
279.9;0;1;292.3962558133928;0.220998169
279.95;0;0.9868423032656024;292.61725398282465;0.2146936049605301
280;0;0.9385512429771112;292.8319475877852;0.198482683
280.04999999999995;0;0.8733532387219907;293.0304302710418;0.1778370371273467
280.115625;0;0.8021883190266087;293.2082673081691;0.1561614823658601
280.2;0;0.7311031928282395;293.3644288;0.1351565518586994
280.28437499999995;0;0.6634544862353431;293.4995853423937;0.1154498893602635
280.35;0;0.6013877194460457;293.61503523175395;0.097374122
280.3821428571428;0;0.5462107468706072;293.7124093541749;0.081115328
280.38571428571424;0;0.4985749360623462;293.7935246822936;0.066907132
280.37142857142857;0;0.4583553232827214;293.8604318140027;0.054806204
280.2809523809524;0;0.3747687603177513;293.9962639110248;0.029327266
279.85;0;0.3237950204905694;294.0822114728254;0.010729567
279.67499999999995;0;0.3195513775013552;294.0929410395926;0.008002444
274.85;0;0;294.12470188846544;-0.105489489
274.7227087710084;0;0;293.80883800397487;-0.10445744
275.3942857142857;0;0;293.19606803810024;-0.097428273
276.35;0;0;292.9112617347879;-0.090638966
275.95;35.19426751592357;0;292.55169337399667;-0.080073723
276.0957589285714;63.78105095541402;0;292.47161965120216;-0.070076325
276.27678571428567;86;0;292.4015433261509;-0.061892271
276.4944196428571;97.64983847;0;292.3396510556434;-0.056791934
276.75;105.03810427894824;0;292.28285912157605;-0.052817942
277.0625;113.65731795075942;0;292.23004117992014;-0.048176913
277.41666666666663;129;0;292.18186426693416;-0.041272601
277.7625;152.6762200051055;0;292.1405916658363;-0.031897578
278.04999999999995;181.10133027002496;0;292.1086940880244;-0.021437654
278.26979166666666;211.9757754;0;292.0872564;-0.010654857
278.4361111111111;243;0;292.07660157689475;-0.000177819
278.53437499999995;287.9296838612017;0;292.0764237581841;0.014131232
278.54999999999995;344.8965611;1;292.0905549904411;0.3101224429295826
278.50795454545454;388.1651577782953;0.8981371763670964;292.4006774333707;0.2902855217677711
278.45176767676764;392;0.7657396645712964;292.69096295513845;0.250799315
278.3946969696969;365.3522228867624;0.6404823749921156;292.9417622698076;0.2051499540895633
278.35;335.48312068048915;0.5410910588945064;293.1469122238972;0.1666866053753892
278.3292613636364;304.1224581339713;0.4647752401363467;293.31359882927256;0.1349088642267588
278.32045454545454;273;0.4081064997617289;293.4485076934993;0.1090294743721074
278.30142045454545;242.5676745;0.367612261;293.55753716787143;0.08789191
278.25;212.10723304473305;0.3405698949561971;293.64542907803855;0.070268405
278.156875;181.5931750541125;0.3253685796693268;293.71569748290455;0.05558846
278.035;151;0.3206418862669122;293.7712859;0.043535687
277.895625;110.17055600649353;0.324952325;293.8148216298056;0.030653854
277.75;60.17938311688312;0.3422189440053664;293.8454754835202;0.018338803
277.6034821428571;17.84851866883119;0.3741493103516581;293.8638142867632;0.012170448
277.4542857142857;0;0.4128045018812821;293.87598473432416;0.015165346
273.65;37.11029411764706;0.4871297657380905;294.14776559008925;0.009007003
273.7504464285714;70.71783088235293;0.4722126460736247;294.1567725928999;0.01672284
273.8892857142857;103;0.4422485646310377;294.17349543334694;0.020863943
274.05848214285714;136.8273759681809;0.4017395482954844;294.19435937669493;0.023245994
274.25;176.51025748377646;0.3528294409968379;294.2176053711907;0.025580659
274.45;215.68801025748385;0.2951044314838468;294.24318602981475;0.025673331
274.65;248;0.2319082600900341;294.2688593607886;0.022264019
274.85;246.77228048208923;0.1692019913616265;294.2911233796778;0.008564426
275.04999999999995;208.88385115508493;0.1252663469545711;294.29968780545084;-0.012049804
275.25;163.30349625053822;0.1147546984189206;294.28763800167815;-0.027150165
275.45;139;0.132532472;294.2604878369904;-0.028967407
275.65;159.76310177097525;0.1590524166409266;294.2315204295479;-0.01481829
275.85;209.2104102356176;0.1674263301809959;294.2167021;0.003763322
276.103125;256.05251358245107;0.1471462131024747;294.22046546149267;0.014885751
276.4;269;0.107090796;294.23535121292645;0.010939561
276.646875;218.85208538385825;0.0706826;294.2462907743828;-0.011889184
276.75;127.285187;0.070986816;294.2344015899181;-0.039187872
276.75;39.32569512795274;0.1203780827554105;294.1952137177975;-0.053728769
276.75;0;0.202739746;294.14148494904333;-0.045095949
276.75;0;0.2815182623012448;294.09638900002426;-0.025300132
276.44625;0;0.4059591027831307;294.1325717583738;0.002588179
274.8726563;0;0.4635030153386775;294.1556127785328;0.002660853
275.15546874999995;0;0.4516982765198014;294.16083657573427;0.002287013
277.553125;0;0.3540595863750541;294.1559522024286;-0.001209106
277.54999999999995;0;0.3555541131543602;294.1537762494437;-0.000839183
277.609375;0;0;293.26799829428785;-0.08569887
277.6425781;0;0;293.18229942426444;-0.085048125
277.45;42;0;292.7645299398393;-0.070943285
277.36237980769226;70.875;0;292.69358665525994;-0.062184796
277.15829326923074;70.875;0;292.57294918063974;-0.062641508
278.29999999999995;0;0;291.9666409421028;-0.074796849
278.75;0;1;292.3026651174611;0.2044246298673329
279.225;0;0.9484189608912122;292.9121374159278;0.1886013177152676
279.43333333333334;0;0.883440478;293.1007387336431;0.1709749770716371
279.65;0;0.809391319;293.2717137107147;0.1511089549982784
279.85;0;0.7337570248910255;293.4228227;0.1307400354836545
280.21666666666664;0;0.5951806913535284;293.6649511272144;0.093560342
280.25;0;0.4859941065032314;293.83549511791364;0.06156318
279.79999999999995;0;0.3934064703759305;293.98360605587675;0.030192957
279.65;0;0.3764049323508246;294.0137990127893;0.023924208
277.1;0;0;293.6026558995271;-0.090318219
277.03125;0;0;293.3327717371189;-0.089217421
277.0835938;26.67525773195876;0;292.9842784172811;-0.078848088
277.13125;40;0;292.90543032978013;-0.074071899
277.1882813;63.854876196612665;0;292.8313584309193;-0.066043211
277.25;100.61901693667156;0;292.76531522025715;-0.05407631
277.31901041666663;135.82364920839467;0;292.7112389105155;-0.042612962
277.3965277777777;155;0;292.6686259480611;-0.036078227
277.47578124999995;137.46198792016807;0;292.63254772115323;-0.040822164
277.54999999999995;90.55934874;0;292.5917255573039;-0.054567517
277.585;41.87703518907561;0;292.53715804064484;-0.068997728
277.5883333333333;18.63172715894869;0;292.3925135297927;-0.075312196
277.65;18.714017521902377;0;292.31720133367526;-0.074537297
278.54999999999995;15.752045826513912;1;292.0276158242071;0.2101473363821924
278.8883522727273;13;1;292.44714159762367;0.20844663
279.0354758522727;10.517728365384617;0.9977078843343854;292.65558822780696;0.2063038665296517
279.15;7.175480769230768;0.9557821880238376;292.8618920943366;0.1924385748525878
279.2368252840909;3.995492788461537;0.8946864175287332;293.0543306691892;0.1731729527974153
279.3127840909091;2;0.8265223899200012;293.2275036219866;0.1525266711460631
279.3823508522727;1.08984375;0.7576491684733457;293.3800302931327;0.1322940486117545
279.5155844155844;0.1132812500000002;0.6307114980141147;293.6255632751958;0.095904142
279.6194805194805;0;0.5274784918886296;293.8019167081171;0.066864657
279.0366071428571;0;0.376023072;294.0496125907968;0.018063024
279.58169642857143;0;0.2978640681306525;294.15219802145384;0.000866494
280.04999999999995;0;0;294.1515482906503;-0.077177076
280.04999999999995;0;0;294.0743712150302;-0.076754689
280.04999999999995;28.25779967159277;0;292.9738990549501;-0.062071262
280.11249999999995;36.87038177339902;0;292.9118277934496;-0.05874986
280.225;42;0;292.8530779334797;-0.056240466
280.4680803571428;7.003771551724128;0;292.67951771038486;-0.06468604
280.42321428571427;0;0;292.6148316708617;-0.066724118
281.5210938;0;0.976150024;292.47522035482893;0.2393978171031676
281.83515624999995;0;0.8380590079176404;292.93434734519866;0.1952096240523815
281.95;0;0.7571827397638472;293.12955696925104;0.169505288
282.0369531;0;0.6796580309038693;293.2990622574584;0.1448967217348808
282.113125;0;0.6089522372383377;293.4439589791932;0.1226383591853732
282.3164063;0;0.4440939423866668;293.75574415476666;0.071637775
282.4229688;0;0.3693490651314559;293.8867010456134;0.048854105
280.65;25.307098765432105;0;293.3136847464438;-0.061551468
280.6921875;45.90798611111112;0;293.2521332787321;-0.054669842
280.7625;62;0;293.1974634368976;-0.049053855
280.8515625;72.10814292114695;0;293.14840958176825;-0.045199955
280.95;79.15257865392275;0;293.1032096270942;-0.042254819
281.109375;82.37072505973715;0;293.0609548085856;-0.040164994
281.34166666666664;81;0;293.0207898144239;-0.039093959
281.75;38.54032258064516;0;292.93955533746134;-0.049427843
282.04999999999995;0;1;292.4588053563633;0.2562610915695131
282.21197916666665;0;0.9136330234596766;292.7150664479328;0.227872222
282.3634259259259;0;0.8225220440840397;292.94293866966547;0.1984193688117557
282.3606534090909;0;0.585218803;293.4534221951764;0.1183691892206297
282.2534090909091;0;0.5277545005380918;293.57179138439705;0.098227136
282.04999999999995;0;0.4405473514020348;293.75155742926995;0.067820971
281.9003409090909;0;0.3796728435834112;293.8758746302856;0.046991866
281.8279403409091;0;0.3563589263053514;293.92286649617944;0.038978869
281.42749999999995;0;0.3089446484205808;294.0201069040117;0.020645089
281.249375;0;0.3006669860715574;294.0407519927372;0.01653988
281.15;0;0.2951119305746861;294.05729187296555;0.013958163
279.7811111111111;0;0;293.2406164263298;-0.073663206
280.75;0;1;292.2539113855674;0.2371253576496883
282.043625;0;0.9254489604240644;292.7299385732597;0.2285119487866609
282.8123594;0;0.8301566980498266;292.95845052204635;0.2076428726396102
283.35;0;0.7230422225017843;293.1660934;0.1786967092997997
283.67475;0;0.6222330600319608;293.34479010398576;0.1483920677369496
283.947;0;0.5360609689148921;293.4931821717227;0.1221490646165648
284.14575;0;0.4638839613657295;293.6153312363393;0.099619574
284.25;0;0.4048109703160131;293.71495081046226;0.080426794
284.29999999999995;0;0.3578231230354778;293.7953776044442;0.064797326
284.35;0;0.3208215713980169;293.8601749305382;0.052600723
284.45;0;0.2671536269779956;293.9557027098053;0.035162005
284.65;0;0.2064088322681566;294.06305511849325;0.016123981
284.6636719;0;0.1969318171281633;294.07917909943416;0.013001782
284.62812499999995;0;0.1894377296481496;294.0921808818111;0.010159764
284.5785156;0;0.1840965653418522;294.1023406;0.007941042
284.54999999999995;0;0.1804341895443064;294.1102816880032;0.006460734
277.54999999999995;0;0.3548875553238997;294.14277865846066;-0.000919694
277.85;75.49999999999999;0.3614846324021257;294.1733901284708;0.026161914
278.1118303571428;127.40625;0.3119501842005517;294.199552;0.031315161
278.3565476190476;151;0.2481819463984988;294.23086720314865;0.023744707
278.57299107142853;127.40625;0.1908377970938108;294.2546119100162;0.003015463
278.75;75.50000000000001;0.1639612258368249;294.25762737259714;-0.018708822
278.9004464285714;23.59375;0.1735567600724485;294.2389185504766;-0.030922486
279.0392857142857;0;0.2078951534464247;294.20799606398344;-0.027861167
279.25;0;0.2667441857820371;294.1628162885089;-0.010252518
278.1;0;0;293.97748754270856;-0.086896703
277.62812499999995;0;0;293.6312824;-0.087584488
277.4029297;0;0;293.19120498285065;-0.086408449
280.3772977941176;20;0;292.0153091597678;-0.057564555
280.7989085477941;16.875;0;291.9577446043156;-0.055899819
281.15;10.000000000000002;1;291.9018447852704;0.252716154
281.3900948660714;3.125;1;292.1545609395128;0.2506427733749774
281.53504464285714;0;0.9864166072608356;292.4052037128878;0.2439184682857558
281.61247209821425;0;0.932259683;292.64912218117354;0.2247416715048871
281.65;0;0.8601908366979152;292.8738638526784;0.1999863211786419
281.6603794642857;0;0.783719396;293.07385017385707;0.1741526535532216
281.6508928571428;0;0.7098282897215056;293.2480028274103;0.1494792607832664
281.64095982142857;0;0.6419015802294781;293.3974820881936;0.1271741876504393
281.65;0;0.58101938;293.5246563;0.107672059
281.7076923076923;0;0.5270277141222552;293.6323283348824;0.091117656
281.8980769230769;0;0.4361350214341356;293.80039204321645;0.064447877
281.8441105769231;0;0.3670266286319009;293.91806243985934;0.042324299
281.4859375;0;0.2881497984185144;294.0752477078641;0.014659543
280.04999999999995;0;0;294.15266523711813;-0.077183189
279.225;0;0;293.3025206692025;-0.077045574
279.25;0;0;293.22547509556506;-0.076487083
282.2190476190476;0;0;292.2549280765396;-0.054925877
282.6089285714286;0;0;292.2000021996772;-0.052491471
282.95;0;1;292.14751072856865;0.2782372039608844
283.19347527472524;0;0.9407580849948424;292.42574793252953;0.2584177437034896
283.3373626373626;0;0.8575739828373602;292.6841657;0.2293840225659664
283.41256868131865;0;0.770299165;292.9135497;0.1985909445034508
283.45;0;0.6879681534890825;293.11214064330244;0.169606367
283.4612036401099;0;0.6138880692651493;293.28174701077967;0.1436237533078497
283.4510302197802;0;0.5489523575313471;293.4253707640875;0.1208993887649967
283.4403416895604;0;0.4929933195606327;293.5462701528525;0.1015257191392038
283.6065746753247;0;0.3674028934842347;293.8050256015693;0.060734022
283.7004768668831;0;0.3353364002824525;293.8657596235237;0.05090439
283.6613636363636;0;0.2841035410394115;293.95870932397906;0.033460433
