;y_real;y_pred;error
0.0;0.0779400629827143;0.24502515226946708;0.16708508928675278
1.0;0.0722251309129755;0.2556536262364366;0.18342849532346112
2.0;0.0676219734583793;0.26266186365387023;0.19503989019549095
3.0;0.0644380122681657;0.27188383368619184;0.20744582141802614
4.0;0.0625992349909803;0.2794243779590233;0.216825142968043
5.0;0.061784692485858;0.27462101175353526;0.21283631926767727
6.0;0.0610802066367187;0.27055373815855377;0.20947353152183507
7.0;0.0570337745078724;0.26642138853411534;0.20938761402624295
8.0;0.0493100567107127;0.25470919533466874;0.20539913862395603
9.0;0.0416978824880908;0.20504436133241777;0.16334647884432696
10.0;0.0353487737580778;0.14375054728428704;0.10840177352620925
11.0;0.0653615989334315;0.17890816219952643;0.11354656326609493
12.0;0.065498884065395;0.16596501901340666;0.10046613494801165
13.0;0.0651303295591867;0.16000776735835942;0.09487743779917272
14.0;0.0647794006900295;0.15433541346938273;0.08955601277935323
15.0;0.0643972261992327;0.14815801072578683;0.08376078452655412
16.0;0.0639724705117426;0.1416466232850514;0.0776741527733088
17.0;0.0637690042732797;0.1348782087564443;0.0711092044831646
18.0;0.0642736278218531;0.1222223807941849;0.057948752972331805
19.0;0.0651713350934342;0.10421158425047217;0.039040249157037965
20.0;0.0659835072636998;0.09383958992019614;0.027856082656496348
21.0;0.0668189876355101;0.09235324554003055;0.02553425790452045
22.0;0.0676819367458272;0.09574174864744023;0.028059811901613024
23.0;0.0683564138601376;0.09905456564690973;0.030698151786772127
24.0;0.0687869478887546;0.10245922939673269;0.03367228150797809
25.0;0.0689114881609134;0.10641446014094869;0.037502971980035285
26.0;0.0684207593390426;0.11005803192030161;0.041637272581259016
27.0;0.0674412626534615;0.11230139603646416;0.04486013338300267
28.0;0.0663711147524474;0.11981802805212383;0.05344691329967642
29.0;0.0654446345382583;0.12344347196914829;0.05799883743088999
30.0;0.0645877407003626;0.12680711789452515;0.06221937719416254
31.0;-0.0576443363719155;-0.059131967173681355;0.0014876308017658518
32.0;-0.1251238993896564;-0.015516698639758908;0.1096072007498975
33.0;-0.1241137574651044;-0.059127832412576964;0.06498592505252744
34.0;-0.1228906104966813;-0.09838868447503613;0.02450192602164518
35.0;-0.1212998421601079;-0.08904696406521029;0.032252878094897616
36.0;-0.1191143359559711;-0.07663966400258171;0.04247467195338939
37.0;-0.1166977694442983;-0.05693032674470172;0.05976744269959658
38.0;-0.1143510629564439;-0.029403012921054628;0.08494805003538927
39.0;-0.110044370030561;-0.02562073349889027;0.08442363653167073
40.0;-0.0998342376836723;-0.04430322123093755;0.055531016452734755
41.0;-0.0833875631852133;-0.07992758442321019;0.003459978762003116
42.0;-0.0618181751212806;-0.06308404537332113;0.0012658702520405296
43.0;-0.03856666852747;-0.05791277001671935;0.019346101489249354
44.0;-0.0144223139032644;-0.049756069042544704;0.035333755139280304
45.0;0.0094775833147253;-0.05098237725177657;0.060459960566501866
46.0;0.0303025676620868;-0.006715586183126843;0.03701815384521365
47.0;0.0461763688122821;0.037552217923670916;0.008624150888611182
48.0;0.0545282114452529;0.05094239749832119;0.003585813946931707
49.0;0.0536221143321248;0.03273976419764979;0.02088235013447501
50.0;0.0441080337713884;-0.01720375915335759;0.06131179292474599
51.0;0.027431189879639;-0.09154988915578222;0.11898107903542121
52.0;0.0051585696279707;-0.18028817015914328;0.18544673978711398
53.0;-0.0208610476431283;-0.26278003277956336;0.24191898513643506
54.0;-0.0493404982191018;-0.26539839921167374;0.21605790099257194
55.0;-0.0777896522651446;-0.17930251909379208;0.10151286682864748
56.0;-0.0983120605220756;-0.08968167226162982;0.008630388260445779
57.0;-0.0948225253507065;-0.05955809720659233;0.035264428144114165
58.0;-0.092082054852099;-0.035155268459582334;0.056926786392516665
59.0;0.0489673470365066;0.004840263166198677;0.04412708387030792
60.0;0.0996527281563602;0.12199773591751462;0.022345007761154417
61.0;0.0989325289190705;0.11265899589103756;0.013726466971967055
62.0;0.0983014260319795;0.09918699861819003;0.0008855725862105257
63.0;0.0983350786572445;0.10654068971866792;0.008205611061423423
64.0;0.1076933149048143;0.08002681711295023;0.027666497791864073
65.0;0.1218315179556559;0.03659699346967493;0.08523452448598097
66.0;0.131768852900226;0.00988332114671675;0.12188553175350925
67.0;0.1399376220467957;0.010670246028190888;0.1292673760186048
68.0;0.1291847324788962;-0.034179074114180474;0.16336380659307667
69.0;0.0873230105277674;-0.10199369806186193;0.18931670858962935
70.0;0.0248792245831798;-0.0973894188334819;0.1222686434166617
71.0;-0.0439295002156343;-0.10475552208000527;0.06082602186437097
72.0;-0.0885126734878016;-0.08858382844761858;7.115495981697972e-05
73.0;-0.08958430314016;-0.11112541687984173;0.021541113739681733
74.0;-0.0878209442153103;-0.13011458474229298;0.04229364052698269
75.0;-0.0864016313770818;-0.1323180490149894;0.04591641763790759
76.0;-0.0849666139074237;-0.1345762255182396;0.04960961161081591
77.0;-0.0769393518001629;-0.1611218601870263;0.08418250838686339
78.0;-0.0575197791609746;-0.20015866443173713;0.14263888527076252
79.0;-0.0824957726930421;-0.12359435383683076;0.04109858114378866
80.0;-0.0828303073390077;-0.09884464508774038;0.016014337748732677
81.0;-0.0816480285337747;-0.08130121314077526;0.00034681539299943887
82.0;-0.0803016717674564;-0.0940757197886436;0.013774048021187202
83.0;-0.0792354331949771;-0.09484527159413464;0.015609838399157541
84.0;-0.0779535505219003;-0.09575287721890491;0.01779932669700461
85.0;-0.0766970273122121;-0.09664424789560111;0.019947220583389005
86.0;-0.0754751610142034;-0.0975134314639623;0.022038270449758895
87.0;-0.0744703508380181;-0.09821539737397217;0.023745046535954065
88.0;-0.0736812208839034;-0.09707129546881027;0.02339007458490687
89.0;-0.0730745082006691;-0.08567109481672541;0.01259658661605631
90.0;-0.0730543365470499;-0.07546892476601941;0.0024145882189695045
91.0;-0.0700073145709644;-0.06670385620755065;0.0033034583634137527
92.0;-0.0646577497252578;-0.0556868942973574;0.008970855427900395
93.0;-0.0570350438492792;-0.041824282153053616;0.015210761696225587
94.0;-0.046680312729864;-0.025691516693400973;0.020988796036463024
95.0;-0.0339735657585946;-0.00906155843461931;0.02491200732397529
96.0;-0.0219035900639678;9.669925525612744e-05;0.022000289319223928
97.0;-0.0132139239248935;-0.002986795882502058;0.010227128042391441
98.0;-0.0085892517819926;-0.010481270978811352;0.0018920191968187523
99.0;-0.0072705540213049;-0.017278629615217866;0.010008075593912966
100.0;-0.0112738799333177;-0.028391412117731496;0.017117532184413795
101.0;-0.023327903017128;-0.050838925070407937;0.027511022053279936
102.0;-0.0384070152005728;-0.08207310837938941;0.04366609317881662
103.0;-0.052592179317939;-0.0825923520936499;0.030000172775710904
104.0;-0.0661511553672128;-0.09673368589856002;0.030582530531347213
105.0;-0.0768763476319637;-0.08004712502643008;0.003170777394466376
106.0;-0.0793032391657471;-0.07415510114517027;0.0051481380205768285
107.0;0.0569276801038547;0.012554942038227823;0.044372738065626874
108.0;0.1045317923693936;0.1063212143030614;0.001789421933667809
109.0;0.1033515007924834;0.10022204051381278;0.003129460278670615
110.0;0.1023688899980735;0.10700364652952266;0.004634756531449152
111.0;0.1014897294611115;0.1143233595866624;0.012833630125550902
112.0;0.1004617654205852;0.12244195224645182;0.021980186825866624
113.0;0.0992990217648294;0.13375332486724656;0.034454303102417164
114.0;0.0982250570281441;0.14438719178422832;0.04616213475608422
115.0;0.0972188123916356;0.15450426085535873;0.05728544846372313
116.0;0.0962737848955323;0.16415415864044602;0.06788037374491372
117.0;0.0868881094677664;0.13699366533112867;0.05010555586336227
118.0;0.0651497139562427;0.05740419260596752;0.007745521350275175
119.0;0.0287628304567505;-0.01889426389742943;0.04765709435417993
120.0;-0.0135673913126761;0.013373136474263192;0.02694052778693929
121.0;-0.0504562869150507;0.0261327274422144;0.07658901435726509
122.0;-0.078481907602366;0.009248906562546844;0.08773081416491284
123.0;-0.0937329383778611;-0.032016234076490735;0.06171670430137037
124.0;-0.0964463048553828;-0.07133050680212133;0.025115798053261473
125.0;-0.0868279101593285;-0.10763077702469614;0.020802866865367642
126.0;-0.0653281176388816;-0.14604951716043219;0.08072139952155058
127.0;-0.1131030644144379;-0.12839444278818263;0.015291378373744724
128.0;-0.1110986871486367;-0.12898153218696312;0.01788284503832642
129.0;-0.1101891834795706;-0.12634356403564384;0.01615438055607324
130.0;-0.109590194771362;-0.12280413222387121;0.013213937452509206
131.0;-0.1086509713392528;-0.11138582215437909;0.002734850815126283
132.0;-0.107664312750661;-0.09044378746916959;0.017220525281491414
133.0;-0.1077300264671887;-0.06475337263168401;0.04297665383550468
134.0;-0.1082978489115396;-0.03329824030320633;0.07499960860833327
135.0;-0.1016258240895198;-0.038189054088300256;0.06343677000121954
136.0;-0.0881019913056707;-0.06205107512611541;0.026050916179555295
137.0;-0.0653089349200509;-0.054856111958182574;0.010452822961868322
138.0;-0.0386450087238831;-0.05552720423992613;0.01688219551604303
139.0;-0.0140459510017689;-0.05490837544904015;0.04086242444727125
140.0;0.0086069092716159;-0.06114486616693582;0.06975177543855171
141.0;0.0269567650867352;-0.023541393354661988;0.050498158441397184
142.0;0.0392258873020981;0.012414131744634571;0.026811755557463526
143.0;0.04419991432096;0.021733584177930587;0.022466330143029414
144.0;0.0417710063606632;0.0027231282912899557;0.039047878069373244
145.0;0.0332436067728857;-0.046814410312354116;0.08005801708523982
146.0;0.0180198755396329;-0.11837266972201188;0.1363925452616448
147.0;-0.004375224281511;-0.16597934616622212;0.16160412188471113
148.0;-0.029938947431216;-0.2452557615758813;0.2153168141446653
149.0;-0.0558203342823426;-0.28956939617095523;0.23374906188861264
150.0;-0.0793846195040631;-0.1971192159567216;0.1177345964526585
151.0;-0.095691509100422;-0.13270773921212287;0.03701623011170087
152.0;-0.1050550178199266;-0.07919951930830127;0.02585549851162533
153.0;-0.1049091610623651;-0.0449455138408798;0.0599636472214853
154.0;-0.095425933822177;-0.05375720333321088;0.04166873048896612
155.0;0.0571153161887687;0.07087452328589972;0.013759207097131014
156.0;0.0867326753752255;0.17600269395282364;0.08927001857759814
157.0;0.0841461781292142;0.1626650875490342;0.07851890941982
158.0;0.082227369897021;0.14720790339137801;0.06498053349435702
159.0;0.0827461131105623;0.12308737010479465;0.04034125699423234
160.0;0.0882778643833517;0.07432429078897607;0.013953573594375629
161.0;0.1032587299033257;0.02011875454341361;0.08313997535991209
162.0;0.1252915814900438;-0.03814486563343483;0.16343644712347863
163.0;0.1494528768016951;-0.007090125610481834;0.15654300241217695
164.0;0.1776564178882291;0.08059282954338942;0.09706358834483969
165.0;0.195724914430419;0.2135591303191463;0.0178342158887273
166.0;0.1596955834209006;0.28198615695486107;0.12229057353396047
167.0;0.085353486789392;0.26839434322531763;0.18304085643592563
168.0;-0.0045363970910173;0.27382309506082303;0.2783594921518403
169.0;-0.0298241787290494;0.22166355817274386;0.25148773690179327
170.0;-0.0461587990682851;0.13789226384209974;0.18405106291038484
171.0;-0.0641311138329918;0.06031845050593976;0.12444956433893156
172.0;-0.0933911831962906;-0.021336610075548212;0.07205457312074239
173.0;-0.1147181244417589;-0.04758591461020362;0.06713220983155528
174.0;-0.1160789604458922;-0.08474073017937156;0.031338230266520634
175.0;-0.1152183220152715;-0.12050933712161677;0.005291015106345262
176.0;-0.113264077523249;-0.12502735295833167;0.011763275435082668
177.0;-0.1105038748489465;-0.12741003672390167;0.016906161874955167
178.0;-0.1080210517040579;-0.12965747821536566;0.02163642651130776
179.0;-0.1064530097943923;-0.11880012629536413;0.012347116500971825
180.0;-0.1046799642944709;-0.10402231396889994;0.0006576503255709687
181.0;-0.1026570693006883;-0.08974082011046602;0.012916249190222273
182.0;-0.1007841364340881;-0.07643172889076183;0.024352407543326265
183.0;-0.0998316170160598;-0.06469213011060237;0.03513948690545743
184.0;-0.0964637797947423;-0.07158758424326334;0.024876195551478963
185.0;-0.0904741965161384;-0.08360923418973792;0.006864962326400478
186.0;-0.0816783986201596;-0.10182471926358494;0.020146320643425336
187.0;-0.0723751502051262;-0.0978685949105692;0.025493444705443
188.0;-0.0598219075366905;-0.08907866050161278;0.029256752964922285
189.0;-0.0413263001541183;-0.09171034458186283;0.05038404442774454
190.0;-0.0229341610350007;-0.10558444904343062;0.08265028800842991
191.0;-0.0075985424164607;-0.10547226637118556;0.09787372395472486
192.0;0.0046657203935268;-0.10097449135675507;0.10564021175028188
193.0;0.0129165122747332;-0.10572664680429605;0.11864315907902925
194.0;0.0167013574832748;-0.09633043603662994;0.11303179351990474
195.0;0.0164274735547031;-0.11178668881527754;0.12821416236998062
196.0;0.0106196608357852;-0.15045903503776892;0.1610786958735541
197.0;-0.0012660622066499;-0.1953387549734637;0.1940726927668138
198.0;-0.0178858284240966;-0.2263116361952236;0.208425807771127
199.0;-0.0378524886053173;-0.23918533628235233;0.20133284767703502
200.0;-0.0583814834487029;-0.24391844643017552;0.18553696298147263
201.0;-0.0766659133423965;-0.19094746550021408;0.11428155215781757
202.0;-0.0908981615264718;-0.13238837477334803;0.041490213246876226
203.0;0.0344428087893394;-0.0697281544804399;0.10417096326977929
204.0;0.0868367856705021;0.12025598038654284;0.03341919471604074
205.0;0.0863506563162228;0.10783020247883035;0.021479546162607555
206.0;0.0859060535210774;0.09435390285234979;0.008447849331272392
207.0;0.0855957448904533;0.10012529630576139;0.014529551415308095
208.0;0.0853006116569466;0.10601129825815891;0.020710686601212308
209.0;0.0845175183672218;0.11147199721430101;0.026954478847079216
210.0;0.0831245747517468;0.1160543925849089;0.03292981783316211
211.0;0.0810293700415068;0.11956949767899838;0.03854012763749158
212.0;0.0785650930839418;0.12375751297863624;0.04519241989469444
213.0;0.0753965886005008;0.12635807860244797;0.05096149000194716
214.0;0.0728165866521305;0.1286180169180794;0.05580143026594889
215.0;0.0724713569852362;0.1311906506965954;0.05871929371135921
216.0;0.0662961826443981;0.10696540446680736;0.04066922182240926
217.0;0.0524849289994134;0.053396009880382955;0.0009110808809695559
218.0;0.033596334682963;0.025176585990789535;0.008419748692173462
219.0;0.0117871746878229;0.022740293904153774;0.010953119216330874
220.0;-0.0118070778658559;0.011447494812785175;0.023254572678641075
221.0;-0.0357323128196202;-0.005347570306657112;0.030384742512963088
222.0;-0.0552200604159004;-0.030190544905172034;0.025029515510728365
223.0;-0.1129464805644579;-0.0839717979879987;0.0289746825764592
224.0;-0.1107383792842257;-0.1279694918871589;0.017231112602933196
225.0;-0.1085071832475177;-0.1466200118032387;0.038112828555721
226.0;-0.1063561538949893;-0.14731554289473797;0.04095938899974867
227.0;-0.105166302715459;-0.14564555708830873;0.04047925437284973
228.0;-0.1044622694793255;-0.13621101611936193;0.03174874664003642
229.0;-0.1030623139196835;-0.11995701378458384;0.016894699864900345
230.0;-0.1017753627471582;-0.10476220307296175;0.0029868403258035414
231.0;-0.1018030870724531;-0.091981801716777;0.009821285355676099
232.0;-0.101997817387345;-0.07970349259301335;0.022294324794331646
233.0;-0.1007286795740732;-0.0665154272190977;0.03421325235497549
234.0;-0.0972846691984535;-0.07092856885490073;0.026356100343552763
235.0;-0.0922601201969386;-0.08148090977006767;0.010779210426870939
236.0;-0.0829716863200317;-0.1002253000407749;0.017253613720743202
237.0;-0.0683628215084762;-0.08468137905831774;0.016318557549841545
238.0;-0.0502840978771519;-0.07899799745665625;0.028713899579504355
239.0;-0.0308438727035499;-0.08816774322136767;0.05732387051781777
240.0;-0.0115900685651237;-0.08391117785453661;0.0723211092894129
241.0;0.0061970113859263;-0.08068097843941585;0.08687798982534214
242.0;0.0206946709060143;-0.07223911856778736;0.09293378947380167
243.0;0.0300015594898774;-0.05203729322539319;0.08203885271527059
244.0;0.0327721821419815;-0.058625909209753135;0.09139809135173463
245.0;0.0292951697654512;-0.09361850264243182;0.12291367240788302
246.0;0.0180210279240877;-0.15156904128399973;0.16959006920808742
247.0;-0.0031253269540621;-0.23135652153341135;0.22823119457934926
248.0;-0.0287104457827632;-0.25238325719678045;0.22367281141401726
249.0;-0.0541486252495667;-0.25194697842784103;0.19779835317827432
250.0;-0.0783694594585718;-0.1824189604365749;0.10404950097800311
251.0;-0.0984344162660468;-0.1044591222344547;0.006024705968407887
252.0;-0.1013810711439778;-0.07792563452289336;0.023455436621084444
253.0;-0.1002740185905183;-0.06323556483326104;0.037038453757257256
254.0;-0.0941953987263348;-0.06468154172110552;0.02951385700522928
255.0;-0.0793565494798505;-0.07061530498331725;0.008741244496533254
256.0;-0.0588193379317062;-0.052387011461846156;0.006432326469860042
257.0;-0.0352075222694354;-0.06459424253287549;0.029386720263440087
258.0;-0.0121897832054851;-0.06231145569173596;0.050121672486250865
259.0;0.0039314531832866;-0.0702439316253925;0.07417538480867909
260.0;0.0158467731757563;-0.06917530688874968;0.08502208006450598
261.0;0.0293592800990385;-0.06873802451210392;0.09809730461114242
262.0;0.0350134032010192;-0.0781304130560741;0.1131438162570933
263.0;0.0274757009207692;-0.10884843270718964;0.13632413362795884
264.0;0.012306690599879;-0.16848142302410563;0.18078811362398461
265.0;-0.0081465740971819;-0.2452288301041704;0.2370822560069885
266.0;-0.034254127507706;-0.26586742871072633;0.23161330120302032
267.0;-0.0640673682441897;-0.23015445870554918;0.1660870904613595
268.0;-0.0947306506024621;-0.13320431642948932;0.03847366582702723
269.0;-0.1027885208147253;-0.09307344699257519;0.009715073822150103
270.0;-0.1027322966470516;-0.07610701011299775;0.02662528653405384
271.0;-0.1003425700318745;-0.055297586652004016;0.04504498337987048
272.0;-0.0878032531217709;-0.07257669085943586;0.015226562262335042
273.0;-0.0693614905690115;-0.04898745363202239;0.02037403693698911
274.0;-0.0452843107201963;-0.039533151449224146;0.005751159270972153
275.0;-0.0175663905836793;-0.043759122959607544;0.026192732375928243
276.0;0.0101057034711639;-0.019317452773960464;0.029423156245124364
277.0;0.0346834182735251;0.005721080787142618;0.02896233748638248
278.0;0.0528947616475332;0.025903668430356408;0.02699109321717679
279.0;0.0626359522496016;0.055886024131053924;0.006749928118547674
280.0;0.0635033862239267;0.05357712526221292;0.009926260961713784
281.0;0.0561887571093625;0.02022060304704587;0.035968154062316626
282.0;0.0408189585194136;-0.03952693710051458;0.08034589561992818
283.0;0.019527331860015;-0.12344494871176076;0.14297228057177575
284.0;-0.0065866044337465;-0.19038367832526853;0.18379707389152203
285.0;-0.0361522363022995;-0.2938246477584995;0.25767241145619996
286.0;-0.0649497598469325;-0.25451931208564094;0.18956955223870842
287.0;-0.0896793542794093;-0.15954136826751392;0.06986201398810461
288.0;-0.1070078896138724;-0.07949897174144072;0.02750891787243169
289.0;-0.1139195437967387;-0.02177759815439828;0.09214194564234042
290.0;-0.1086136472125167;-0.004682699024557757;0.10393094818795895
291.0;-0.0904407996965798;-0.0434134352528216;0.0470273644437582
292.0;-0.0631188461597399;-0.01589466186048516;0.047224184299254734
293.0;-0.0303567308260654;0.029777674202349447;0.06013440502841484
294.0;0.0055358755188357;0.046062805445904687;0.04052692992706899
295.0;0.040895022105247;0.11950397237400645;0.07860895026875944
296.0;0.0725137936139424;0.22524822318508053;0.15273442957113814
297.0;0.0750207156648978;0.22715972426311415;0.15213900859821633
298.0;0.0744159765276099;0.21129549430203676;0.13687951777442686
299.0;0.0710327747640064;0.2122691039186958;0.1412363291546894
300.0;0.0683783231755372;0.21407360354458593;0.14569528036904872
301.0;0.0688150066113243;0.19515023901013262;0.12633523239880834
302.0;0.0726790444171525;0.15323893980823122;0.08055989539107872
303.0;0.0742683033251456;0.07438038792859403;0.00011208460344842852
304.0;0.0852266344616366;-0.22834915863220706;0.31357579309384365
305.0;0.0845265849938265;-0.26821196010145537;0.35273854509528185
306.0;0.0130255925727684;-0.3890535378399553;0.4020791304127237
307.0;-0.0767863266815092;-0.24785439500042045;0.17106806831891125
308.0;-0.1041514257745318;-0.16427394697476017;0.06012252120022836
309.0;-0.098387289510324;-0.13813196022269825;0.03974467071237425
310.0;-0.1047547316419726;-0.09774224111607566;0.007012490525896947
311.0;-0.1092174343027022;-0.07813366793703269;0.031083766365669507
312.0;-0.1077429180020665;-0.05024099013865596;0.057501927863410546
313.0;-0.1031101192665369;-0.04689639095275522;0.056213728313781686
314.0;-0.0927053451297311;-0.07144635766404067;0.021258987465690424
315.0;-0.0785423335183192;-0.07701529610022573;0.0015270374180934715
316.0;-0.0587896330003591;-0.051053955701911236;0.007735677298447867
317.0;-0.0339127352821413;-0.024247289110099213;0.00966544617204209
318.0;-0.0030164725958424;-0.001124323713582287;0.0018921488822601128
319.0;0.0301800736713864;0.029388505773139006;0.0007915678982473931
320.0;0.0610786922439536;0.13870268173247835;0.07762398948852475
321.0;0.0803631669337465;0.2016979845191309;0.1213348175853844
322.0;0.0792683097558625;0.18585321920415043;0.10658490944828793
323.0;0.0778439842422806;0.1634149064191156;0.085570922176835
324.0;0.0731544477300392;0.13340478836418657;0.06025034063414737
325.0;0.0599183913575544;0.07345504258825974;0.013536651230705347
326.0;0.0394562003329744;-0.010824770581204568;0.05028097091417897
327.0;0.0139520632202402;-0.07309950002210563;0.08705156324234584
328.0;-0.0145266850393615;-0.1459254077848558;0.1313987227454943
329.0;-0.0433916133874936;-0.2910694835324196;0.24767787014492604
330.0;-0.0700666052054326;-0.2519831033330395;0.1819164981276069
331.0;-0.0923387817923693;-0.1539514984689731;0.0616127166766038
332.0;-0.1069629929760153;-0.0811477762162261;0.025815216759789206
333.0;-0.1117254742311599;-0.033587891437066475;0.07813758279409343
334.0;-0.1061482086212105;-0.02157876463251651;0.08456944398869398
335.0;-0.0905302865417959;-0.04581036887420126;0.044719917667594644
336.0;-0.0663578452829735;-0.03363914671297075;0.03271869857000276
337.0;-0.0359398797209669;0.0017912492919311962;0.037731129012898094
338.0;-0.0022686356700641;0.010040565543568358;0.012309201213632458
339.0;0.0310374235702461;0.03694736447812619;0.0059099409078800895
340.0;0.0606306356339426;0.1368178177694822;0.0761871821355396
341.0;0.080411716930244;0.1949918855456907;0.11458016861544669
342.0;0.0799788930191421;0.17554511979741116;0.09556622677826906
343.0;0.0781533898360743;0.16002201119103865;0.08186862135496435
344.0;0.0717742785283017;0.13110530916524998;0.05933103063694828
345.0;0.0584825319839228;0.07928934653264075;0.020806814548717946
346.0;0.0424964635162176;0.015337408574675693;0.02715905494154191
347.0;0.0735106613075534;0.12839532417890476;0.05488466287135135
348.0;0.0728722295924622;0.11954952840605848;0.04667729881359628
349.0;0.072500567544966;0.10917013846746093;0.036669570922494926
350.0;0.072337688160038;0.0989157946157857;0.026578106455747708
351.0;0.0723053780495278;0.09110005947334265;0.018794681423814852
352.0;0.0723399260494929;0.09196984561185417;0.019629919562361278
353.0;0.072335207271581;0.09494598788519604;0.02261078061361503
354.0;0.0722899027347237;0.09810944619368134;0.025819543458957636
355.0;0.0715907004719872;0.10074561169546381;0.029154911223476604
356.0;0.0705821139599644;0.10303706458067352;0.03245495062070912
357.0;0.0699448228077549;0.10558444940653089;0.035639626598775995
358.0;0.0694577307614846;0.10822644647707491;0.038768715715590304
359.0;0.0694909663479219;0.11102741742847655;0.04153645108055465
360.0;0.0695761210791783;0.11358876520642303;0.04401264412724473
361.0;0.0691473936715178;0.11562902521523344;0.04648163154371564
362.0;0.0687273989036585;0.11750588483136215;0.048778485927703646
363.0;0.0686969348193488;0.11880453557849435;0.050107600759145554
364.0;0.0684798464071174;0.12103261120305842;0.05255276479594101
365.0;0.0679729603408116;0.1216906660459246;0.053717705705113
366.0;0.065303365536174;0.11716526579741227;0.05186190026123827
367.0;-0.0737162663203384;-0.006037150390022283;0.06767911593031611
368.0;-0.1233690153286398;-0.02014833650871417;0.10322067881992562
369.0;-0.1220807626884883;-0.048683065623035704;0.0733976970654526
370.0;-0.1205997642252927;-0.09260338141163427;0.027996382813658433
371.0;-0.1193297611385487;-0.09865713805976722;0.020672623078781482
372.0;-0.1179299194162769;-0.08865974419672767;0.02927017521954922
373.0;-0.1165974365794496;-0.07914341422630516;0.037454022353144434
374.0;-0.1153354141491094;-0.06390978749574067;0.051425626653368736
375.0;-0.1138075710607891;-0.03992045294380847;0.07388711811698064
376.0;-0.1124772664582567;-0.013240940771023113;0.09923632568723359
377.0;-0.1017455881725163;-0.03511995859824901;0.06662562957426729
378.0;-0.0869244221932521;-0.07140714081443822;0.015517281378813877
379.0;-0.067986154912958;-0.06095811699066933;0.007028037922288663
380.0;-0.0454105461019458;-0.03345270106256559;0.011957845039380209
381.0;-0.0209128119034483;-0.02714064435084046;0.006227832447392161
382.0;0.0030790344949124;-0.03163934402447577;0.034718378519388166
383.0;0.0238841942284451;-0.002226549781074727;0.026110744009519828
384.0;0.0397722751821398;0.04758624781357301;0.007813972631433214
385.0;0.0492583920854566;0.07213743021301366;0.022879038127557066
386.0;0.0511571538304083;0.06759986629311932;0.016442712462711014
387.0;0.0450575374295082;0.03532261151042515;0.009734925919083051
388.0;0.0318793747756089;-0.012024154921557728;0.04390352969716663
389.0;0.0130281413093926;-0.05846936057047847;0.07149750187987107
390.0;-0.0100450852630955;-0.11721688165604932;0.10717179639295382
391.0;-0.0351487598841485;-0.2213362883824302;0.18618752849828168
392.0;-0.0598056373305574;-0.2794646268280871;0.21965898949752968
393.0;-0.081386464545132;-0.19546391943652658;0.11407745489139458
394.0;-0.093959918108242;-0.13400486270181622;0.04004494459357422
395.0;0.0352012504049982;0.014491927417321304;0.020709322987676894
396.0;0.0755683445638276;0.1607765412905624;0.0852081967267348
397.0;0.0746894916066832;0.14944496803373886;0.07475547642705566
398.0;0.0731803402861698;0.13775293488264828;0.06457259459647847
399.0;0.0709319717727107;0.12859089854907002;0.05765892677635932
400.0;0.0686575673391828;0.12093185038502396;0.05227428304584117
401.0;0.0668811570693006;0.11215113486934214;0.045269977800041536
402.0;0.0658152397590151;0.10619459292536948;0.04037935316635438
403.0;0.0654852213917931;0.09597257942761273;0.03048735803581963
404.0;0.0654073527995234;0.10096662336376272;0.035559270564239326
405.0;0.0654922141806336;0.10529975548964643;0.03980754130901283
406.0;0.065601378198392;0.1091847903822365;0.0435834121838445
407.0;0.0655505071235924;0.11394339115502927;0.04839288403143688
408.0;0.0653117075167689;0.11984685949498586;0.054535151978216956
409.0;0.064720560999317;0.12476572296609201;0.06004516196677501
410.0;0.0640691797360722;0.1286639271806269;0.06459474744455472
411.0;0.0640470739417504;0.1302063551773548;0.0661592812356044
412.0;0.0640786167446015;0.13135344491261236;0.06727482816801086
413.0;0.061967864230328;0.13630009515653763;0.07433223092620964
414.0;0.0608078803098566;0.14318880220324504;0.08238092189338844
415.0;-0.0716713221225415;0.001619277704905997;0.0732905998274475
416.0;-0.1287288054519342;0.03433187744995703;0.1630606829018912
417.0;-0.1268156201290743;-0.016310141441274295;0.1105054786878
418.0;-0.1248594119424158;-0.0727229320120133;0.052136479930402505
419.0;-0.1240236765311125;-0.09592573352928213;0.02809794300183037
420.0;-0.1231398344323016;-0.08369087061122021;0.03944896382108139
421.0;-0.1211514775871729;-0.06244423934677107;0.05870723824040183
422.0;-0.1194249954027217;-0.043012033084760204;0.07641296231796149
423.0;-0.118506918356714;-0.03623673332610522;0.08227018503060878
424.0;-0.1105061012178409;-0.04410717368015882;0.06639892753768208
425.0;-0.0970105036592145;-0.06539887362602315;0.031611630033191354
426.0;-0.0781484570384333;-0.06119761239001037;0.016950844648422933
427.0;-0.0554066889579942;0.00752217432415736;0.06292886328215155
428.0;-0.02896824646119;0.03419441020110814;0.06316265666229814
429.0;0.0005445038168356;0.05529791253093885;0.05475340871410325
430.0;0.0280728718158372;0.08821650660872615;0.06014363479288895
431.0;0.0499791835780838;0.1306883455565252;0.0807091619784414
432.0;0.0651458159019858;0.16264795394359932;0.09750213804161352
433.0;0.072114546007811;0.17017496298283397;0.09806041697502296
434.0;0.0700470009873203;0.14354469035785167;0.07349768937053137
435.0;0.0590330228254872;0.08407054597868957;0.025037523153202373
436.0;0.0397729432104766;-0.0016463487946406508;0.04141929200511725
437.0;0.0143477455548695;-0.07874257189837502;0.09309031745324453
438.0;-0.0152678610833815;-0.16919788745334646;0.15393002636996497
439.0;-0.0467055694112418;-0.3123796425678723;0.2656740731566305
440.0;-0.0778556206380586;-0.20173469829103663;0.12387907765297802
441.0;-0.1060718519862432;-0.10714800689283177;0.001076154906588564
442.0;-0.1076107779908581;-0.07666784555036232;0.03094293244049577
443.0;0.0203793405970332;-0.10142589740146535;0.12180523799849854
444.0;0.0859929043196902;0.13694081099378907;0.050947906674098875
445.0;0.086435019111543;0.12070422116325885;0.03426920205171585
446.0;0.0869486954675213;0.10686783843967385;0.01991914297215254
447.0;0.0877725972652762;0.09595638998441636;0.00818379271914016
448.0;0.0885904164258567;0.10264526966172394;0.014054853235867235
449.0;0.088651251554318;0.10879023731636384;0.02013898576204584
450.0;0.0880020649442196;0.11422378758018292;0.026221722635963327
451.0;0.0860612428632726;0.11817997640467237;0.03211873354139977
452.0;0.0844181503835442;0.12297520852374888;0.038557058140204686
453.0;0.0842361216921487;0.13069887139307745;0.04646274970092876
454.0;0.0843351049274068;0.1382371607774483;0.0539020558500415
455.0;0.0844417546717104;0.14580401604202764;0.061362261370317236
456.0;0.0809284677708892;0.1369643859505173;0.056035918179628094
457.0;0.0691203558457677;0.0906061350500883;0.0214857792043206
458.0;0.0495733332402931;0.009451699379294132;0.04012163386099897
459.0;0.0239329651953186;-0.039290327656027024;0.06322329285134562
460.0;-0.0058319188219143;-0.08044096607009804;0.07460904724818374
461.0;-0.0367534372318252;-0.10590254265335497;0.06914910542152977
462.0;-0.0641132457442337;-0.14419655420418126;0.08008330845994756
463.0;-0.0956211842589186;-0.1512528708018417;0.05563168654292308
464.0;-0.0929050246063856;-0.1836731305946942;0.0907681059883086
465.0;-0.0900922394656648;-0.17894415054083734;0.08885191107517254
466.0;-0.0870190797999963;-0.14425472208826573;0.057235642288269425
467.0;-0.0836904362379376;-0.11762512356129395;0.03393468732335636
468.0;-0.0799152442468343;-0.10627952227096793;0.02636427802413363
469.0;-0.0759327062426661;-0.09772988369434943;0.02179717745168333
470.0;-0.0724319739618906;-0.1004181461815396;0.027986172219648997
471.0;-0.0704606374454894;-0.10188737562161343;0.03142673817612403
472.0;-0.0689227115404821;-0.10301256484468457;0.03408985330420247
473.0;-0.0668459720178986;-0.10457780414223838;0.03773183212433978
474.0;-0.0650408457240931;-0.10593247500666331;0.0408916292825702
475.0;-0.064925347313438;-0.10033867686964087;0.03541332955620287
476.0;-0.066000628842011;-0.09118627064440021;0.02518564180238922
477.0;-0.0672521410182314;-0.0819750803403026;0.014722939322071193
478.0;-0.068486538730976;-0.0727211477587123;0.0042346090277363
479.0;-0.0690388407634107;-0.06274824882710883;0.0062905919363018675
480.0;-0.0629020892988494;-0.0532787153533959;0.009623373945453498
481.0;-0.0554677849820048;-0.04270751751801227;0.01276026746399253
482.0;-0.0479985070612006;-0.03217807447801502;0.015820432583185585
483.0;-0.0416556176553002;-0.02418566507398079;0.017469952581319413
484.0;-0.0355767233226502;-0.01749950574470971;0.018077217577940494
485.0;-0.0302040184865321;-0.012872398038491162;0.017331620448040937
486.0;-0.0261659153673881;-0.011170030990788948;0.014995884376599152
487.0;-0.023383940119354;-0.011855573572362221;0.01152836654699178
488.0;-0.0232494243550674;-0.01681708650438629;0.006432337850681109
489.0;-0.0269120712764233;-0.020693227428896788;0.0062188438475265125
490.0;-0.0300846317361074;-0.027701626373838717;0.0023830053622686843
491.0;0.0959631013130702;0.054873975243055706;0.0410891260700145
492.0;0.1117209484842116;0.0977178456403639;0.014003102843847703
493.0;0.110180569602795;0.11515402484176895;0.004973455238973953
494.0;0.1096278661841711;0.12563295437630217;0.016005088192131076
495.0;0.1103320034063645;0.14202757269851485;0.03169556929215035
496.0;0.1105390965691166;0.15768754409857078;0.04714844752945417
497.0;0.1089101275854216;0.17011882608920403;0.06120869850378244
498.0;0.1073663084073275;0.18190029752146142;0.07453398911413392
499.0;0.0932485449066533;0.1375282089325257;0.04427966402587241
500.0;0.0638604939447274;0.025481981706229062;0.038378512238498336
501.0;0.0216751436649502;-0.05451040545189201;0.07618554911684221
502.0;-0.0130978592359321;-0.16193187255309832;0.14883401331716622
503.0;-0.040895862887266;-0.024382900088573356;0.016512962798692646
504.0;-0.0131461502784635;0.04709382494597314;0.06023997522443664
505.0;0.0132807377318342;0.11338117962749317;0.10010044189565896
506.0;0.0202688270284943;0.12880827814776608;0.10853945111927177
507.0;0.0054116271738561;0.0813493350420087;0.0759377078681526
508.0;-0.0435483074966284;-0.06665181915741886;0.023103511660790457
509.0;-0.0821843169319952;-0.08485022444223944;0.0026659075102442448
510.0;-0.0824614124152787;-0.10492743573658014;0.022466023321301445
511.0;-0.0835594198234646;-0.12863008965335504;0.04507066982989044
512.0;-0.0840032175475928;-0.1467426943496173;0.06273947680202449
513.0;-0.0822932997950928;-0.12454671504181025;0.042253415246717455
514.0;-0.0802784593425454;-0.11072354186639721;0.030445082523851807
515.0;-0.0791096801169897;-0.1040201480336218;0.02491046791663211
516.0;-0.0779211205537751;-0.09612145247692144;0.018200331923146337
517.0;-0.0835529529851663;-0.06609821892337087;0.01745473406179543
518.0;-0.0890673205747911;-0.0742357557853997;0.014831564789391391
519.0;-0.085659949167236;-0.05141154890943944;0.03424840025779656
520.0;-0.0823019601919471;-0.0775744298753574;0.0047275303165897065
521.0;-0.0812765689854464;-0.09194781663707907;0.010671247651632673
522.0;-0.081086684420918;-0.09287753262565451;0.011790848204736512
523.0;-0.0824285812798823;-0.07932271464044449;0.003105866639437807
524.0;-0.0835387840636438;-0.066153892618455;0.017384891445188802
525.0;-0.080705111845216;-0.07168920478951091;0.009015907055705097
526.0;-0.0781256395142647;-0.0697164072008023;0.008409232313462398
527.0;-0.0746042068928526;-0.06188734847249833;0.012716858420354277
528.0;-0.0675166798017479;-0.06191417007726102;0.005602509724486879
529.0;-0.0569624588981419;-0.04616841931572063;0.01079403958242127
530.0;-0.0450176141438556;-0.037353285451483476;0.007664328692372123
531.0;-0.0331275109896846;-0.031685529136740054;0.0014419818529445433
532.0;-0.0225953109949384;-0.03913098331792092;0.01653567232298252
533.0;-0.0139734198770993;-0.04661773934172764;0.03264431946462834
534.0;-0.0092486094601045;-0.06214941250541528;0.05290080304531078
535.0;-0.0104222309606999;-0.09281036294506889;0.08238813198436899
536.0;-0.0159281795926812;-0.12423439456185659;0.10830621496917539
537.0;-0.0241045370759558;-0.14783115462309931;0.12372661754714351
538.0;-0.0347369106179617;-0.16772091609873746;0.13298400548077577
539.0;0.0865598886090388;0.06479924620997835;0.021760642399060448
540.0;0.0959813498266169;0.09807742507213235;0.002096075245515458
541.0;0.094477036047041;0.10364160201447414;0.009164565967433147
542.0;0.1047882099511374;0.06566811825699748;0.03912009169413992
543.0;0.1249370835084677;-0.006227050985114779;0.1311641344935825
544.0;0.1604134530114363;0.02521256603078703;0.13520088698064928
545.0;0.1906332570404035;0.06115169006474441;0.12948156697565907
546.0;0.1458065658144189;-0.043826729753597526;0.18963329556801642
547.0;0.0602920946787595;-0.10434661760917269;0.1646387122879322
548.0;-0.0138902739428448;-0.08103139955132915;0.06714112560848436
549.0;-0.0808708487123242;-0.0773435717500428;0.0035272769622813893
550.0;-0.0184068529921714;0.07371711187126129;0.09212396486343269
551.0;0.0398375382011943;0.31690512444121555;0.27706758624002126
552.0;-0.029027930073206;0.06875471264330746;0.09778264271651346
553.0;-0.0930489462381125;-0.09432849339735416;0.0012795471592416674
554.0;-0.0904905476672094;-0.12647584351052987;0.03598529584332047
555.0;-0.0888976498056008;-0.1445238266208596;0.055626176815258804
556.0;-0.0876472760030824;-0.1471666778298601;0.05951940182677769
557.0;-0.0853047720023556;-0.15599786160161078;0.07069308959925517
558.0;-0.0696306077218953;-0.22020656098019414;0.15057595325829884
559.0;-0.0850740030473388;-0.14486964793971163;0.05979564489237284
560.0;-0.0842357801800382;-0.12284422005324447;0.038608439873206266
561.0;-0.0841679533573268;-0.10166532153793029;0.01749736818060349
562.0;-0.0840816547794181;-0.08098437822348309;0.0030972765559350163
563.0;-0.0832456873150142;-0.06727086922435643;0.01597481809065776
564.0;-0.0824684900348515;-0.0721741163294754;0.0102943737053761
565.0;-0.0817385604388866;-0.08296155642997055;0.0012229959910839555
566.0;-0.0810555236300108;-0.09305598019756905;0.012000456567558257
567.0;-0.0801355786660013;-0.09379076085974675;0.013655182193745452
568.0;-0.0792349088863203;-0.09441083997392696;0.015175931087606662
569.0;-0.0787828913378517;-0.09467195852003041;0.01588906718217871
570.0;-0.0785192729951485;-0.09478203152520592;0.016262758530057417
571.0;-0.0784796515700799;-0.08480604066231678;0.0063263890922368865
572.0;-0.0738788031259305;-0.07366169744391782;0.00021710568201267766
573.0;-0.0662571099373457;-0.0600236060916195;0.006233503845726199
574.0;-0.0570014327089792;-0.04517588713183962;0.011825545577139579
575.0;-0.0472947132940154;-0.031430655548442266;0.015864057745573132
576.0;-0.0378736788297519;-0.020026221194791582;0.017847457634960318
577.0;-0.0300927636922275;-0.012864361815504877;0.017228401876722622
578.0;-0.0244337529991767;-0.017485104396215978;0.006948648602960721
579.0;-0.0209754896922448;-0.02361093123154423;0.0026354415392994303
580.0;-0.0200212191763429;-0.02993499901484753;0.009913779838504631
581.0;-0.0212676904641499;-0.03312273816141964;0.011855047697269739
582.0;-0.0252163366203872;-0.0343116721775229;0.009095335557135702
583.0;-0.03270034542527;-0.04920599542063386;0.016505649995363865
584.0;-0.044022614614529;-0.06758500944473617;0.023562394830207167
585.0;-0.0579998556235659;-0.0864414630114827;0.028441607387916797
586.0;-0.0649970823700939;-0.09079812022979916;0.025801037859705264
587.0;-0.0639379734102175;-0.07984087091835473;0.01590289750813724
588.0;-0.0627858095150529;-0.06708656029041249;0.004300750775359588
589.0;-0.0615025547732884;-0.05417466656070796;0.007327888212580437
590.0;-0.0575307253356012;-0.041990967135585366;0.015539758200015831
591.0;-0.0511513333475631;-0.02952073838463759;0.021630594962925506
592.0;-0.04310872612699;-0.016830327064564;0.026278399062426003
593.0;-0.0340945976779365;-0.005434493433332799;0.028660104244603704
594.0;-0.0259091570397468;0.002167030661064051;0.028076187700810853
595.0;-0.0181470730387132;0.00702636626592501;0.02517343930463821
596.0;-0.0138606935705967;0.004271972382334233;0.018132665952930935
597.0;-0.0168559151375242;-0.009109282394581197;0.007746632742943002
598.0;-0.026080043570159;-0.029711351897872496;0.003631308327713495
599.0;-0.0406935241039684;-0.054617040111972104;0.013923516008003706
600.0;-0.0575562764890806;-0.07800059831381972;0.020444321824739126
601.0;-0.0581391464824252;-0.07307491381499681;0.014935767332571612
602.0;-0.0571526230757105;-0.0627563476048808;0.005603724529170302
603.0;-0.0567387640326451;-0.05281388350032423;0.003924880532320867
604.0;-0.0566449762692867;-0.04345667210838455;0.013188304160902144
605.0;-0.0532900103329306;-0.03074504746709089;0.022544962865839707
606.0;-0.0449102843580885;-0.013689992056693301;0.031220292301395197
607.0;-0.0326579750739943;0.005383592480147081;0.038041567554141384
608.0;-0.0195673385260687;0.02170818572849864;0.04127552425456734
609.0;-0.0080343358684041;0.03230968773516374;0.04034402360356784
610.0;-0.0003447246777528;0.03453708832144664;0.034881812999199444
611.0;-0.0015868546570431;0.022352215330669334;0.023939069987712433
612.0;-0.007830848860094;0.005186964121304594;0.013017812981398594
613.0;-0.0143498754903762;-0.010995008162090869;0.0033548673282853304
614.0;-0.025260107417599;-0.031626741953178605;0.0063666345355796045
615.0;-0.0395546663744111;-0.05372474164310653;0.014170075268695431
616.0;-0.0547892260864901;-0.07303452860837895;0.018245302521888843
617.0;-0.0620022844095344;-0.07569546835353624;0.013693183944001847
618.0;-0.0611043784698504;-0.06310330203411324;0.0019989235642628375
619.0;-0.0596558794812519;-0.04903511726520282;0.01062076221604908
620.0;-0.0536802905096848;-0.03309649223989414;0.020583798269790662
621.0;-0.0437680660453774;-0.015241581630316414;0.028526484415060983
622.0;-0.0326983422706617;0.001311468077289657;0.03400981034795136
623.0;-0.0228182878093312;0.013347545493457735;0.036165833302788934
624.0;-0.0148465092153539;0.02024353596330808;0.03509004517866198
625.0;-0.0099409160241423;0.021077280610567684;0.031018196634709984
626.0;-0.0094820213302772;0.014828818024180679;0.02431083935445788
627.0;-0.0155909900457977;-0.0004652751893278184;0.015125714856469881
628.0;-0.0248396578749189;-0.017305843718291136;0.007533814156627763
629.0;-0.0333558921237672;-0.031052529947893204;0.002303362175873999
630.0;-0.0424613931231282;-0.04360837963622327;0.001146986513095069
631.0;-0.050852661167446;-0.05252141385472542;0.0016687526872794164
632.0;-0.0569223045718837;-0.05580876642994481;0.0011135381419388884
633.0;-0.0598242439666194;-0.04705731945994002;0.012766924506679385
634.0;-0.0539519065296675;-0.030875050621232303;0.023076855908435195
635.0;-0.042142020273998;-0.008709214726716263;0.03343280554728174
636.0;-0.026882685472819;0.014738561225553837;0.04162124669837283
637.0;-0.0105235115763846;0.035331553788296444;0.04585506536468104
638.0;0.0040977139212159;0.049029910250476094;0.044932196329260196
639.0;0.0134071050116901;0.05149151429030885;0.03808440927861875
640.0;0.0169793959832921;0.03853411702946341;0.021554721046171312
641.0;0.014816645404254;0.02240009938400911;0.007583453979755109
642.0;0.0040526280834601;-0.002196679536371371;0.006249307619831471
643.0;-0.015578348953134;-0.04115132422809753;0.02557297527496353
644.0;-0.0417581162487521;-0.08380174529287476;0.04204362904412266
645.0;-0.0691640998528868;-0.10263702303504862;0.03347292318216183
646.0;-0.0606859823508294;-0.09418247529308277;0.03349649294225337
647.0;-0.0522792764540533;-0.08569851412234031;0.03341923766828701
648.0;-0.0589400246720607;-0.09010750149530222;0.031167476823241523
649.0;-0.0661966425637929;-0.08072752663174915;0.014530884067956246
650.0;-0.0662660795285379;-0.06782435349845012;0.001558273969912219
651.0;-0.0655933031609573;-0.056004289164196364;0.009589013996760931
652.0;-0.0588381557689276;-0.04243101179007769;0.01640714397884991
653.0;-0.0524486269461813;-0.02666762811631418;0.02578099882986712
654.0;-0.0408423041285748;-0.002810789476834108;0.03803151465174069
655.0;-0.0200607399538518;0.02859129450835496;0.048652034462206756
656.0;0.0017036591599675;0.047934041937922944;0.046230382777955444
657.0;0.0177574930165152;0.04748240286342764;0.02972490984691244
658.0;0.0299430977611251;0.03451569830381285;0.0045726005426877485
659.0;0.0397290490803255;0.012751522033506602;0.026977527046818897
660.0;0.037031893783166;-0.007882547143343466;0.044914440926509466
661.0;0.0226813953889298;-0.05985471194990333;0.08253610733883313
662.0;-0.0006799467536646;-0.09047657771247214;0.08979663095880754
663.0;-0.030498991991979;-0.09964099192615589;0.06914199993417688
664.0;-0.0629822845244662;-0.10496566870865903;0.041983384184192826
665.0;-0.0800373594546316;-0.0939123336828599;0.013874974228228296
666.0;-0.0792168421294594;-0.09442240618315656;0.015205564053697163
667.0;-0.0789456426557384;-0.09448298666462318;0.015537344008884776
668.0;-0.0783575795985919;-0.08292341147730287;0.004565831878710971
669.0;-0.070766563036349;-0.061584651426070114;0.009181911610278884
670.0;-0.0578784156410359;-0.03678624397320307;0.02109217166783283
671.0;-0.0416069177273242;-0.010427467139245472;0.03117945058807873
672.0;-0.0237474612350919;0.0141109399975331;0.037858401232625
673.0;-0.0068891011116654;0.03137266336095135;0.03826176447261675
674.0;0.006521199473721;0.03218896733523258;0.02566776786151158
675.0;0.0141297787888141;0.023856693837100984;0.009726915048286884
676.0;0.0147710581347747;0.007585926416546873;0.007185131718227827
677.0;0.0081923698313456;-0.01530481358649416;0.02349718341783976
678.0;-0.004136507425699;-0.06201194654377529;0.057875439118076286
679.0;-0.0192369528417748;-0.08379097154877324;0.06455401870699844
680.0;-0.0356885430349041;-0.07800118589350996;0.042312642858605864
681.0;-0.0506579927516242;-0.07665863118896765;0.026000638437343453
682.0;-0.0613128795217518;-0.08570741270077126;0.024394533179019455
683.0;0.0620086971203523;0.015290278088590958;0.04671841903176134
684.0;0.1127708229347272;0.09692342793481301;0.015847394999914194
685.0;0.1104549592593566;0.11508877117510019;0.004633811915743594
686.0;0.1081649612952942;0.12216873730034739;0.01400377600505319
687.0;0.1064990597471059;0.133419045661484;0.026919985914378095
688.0;0.105198388982294;0.14480777913456333;0.03960939015226933
689.0;0.1043626103346818;0.15679340090122174;0.05243079056653993
690.0;0.1033741100982503;0.16848167913032164;0.06510756903207134
691.0;0.0987541438170984;0.16535665106515562;0.06660250724805722
692.0;0.0797065465791869;0.09880779572807752;0.019101249148890623
693.0;0.047968753748971;-0.02167999117494468;0.06964874492391568
694.0;0.0061926443271772;-0.06230905682972743;0.06850170115690463
695.0;-0.0419049772106339;-0.11464372822525198;0.07273875101461807
696.0;-0.0866490422621234;-0.10950276491547573;0.022853722653352324
697.0;-0.086395874380462;-0.14699847799984767;0.06060260361938566
698.0;-0.0901304474833185;-0.16332759390435908;0.07319714642104058
699.0;-0.0919862229417328;-0.1598596130240451;0.06787339008231232
700.0;-0.0911362825295101;-0.17079424480977728;0.07965796228026718
701.0;-0.0901595216477085;-0.18372251093865155;0.09356298929094305
702.0;-0.0711999725805181;-0.2616611430021556;0.1904611704216375
703.0;-0.0908591831730855;-0.13322369830838154;0.042364515135296044
704.0;-0.0909552662918792;-0.11201669699123079;0.021061430699351597
705.0;-0.0903916147830959;-0.09561943093088238;0.005227816147786474
706.0;-0.0898612459281247;-0.080449185921459;0.009412060006665696
707.0;-0.0901531791274803;-0.0736604738535066;0.0164927052739737
708.0;-0.0899953386880682;-0.062217676319452686;0.027777662368615508
709.0;-0.0894368421513509;-0.0496506970405593;0.03978614511079161
710.0;-0.088904496466663;-0.037512705682736236;0.051391790783926763
711.0;-0.088424777579292;-0.026238023113032305;0.062186754466259694
712.0;-0.0870654389744129;-0.019307859950617234;0.06775757902379567
713.0;-0.0784308426209301;-0.032380920805498814;0.046049921815431286
714.0;-0.0664526570080035;-0.052125858470221165;0.014326798537782334
715.0;-0.0522940799915497;-0.0383873655157812;0.013906714475768495
716.0;-0.0376146302638836;-0.026715113756564157;0.010899516507319441
717.0;-0.025185193534475;-0.02316415978444719;0.002021033750027809
718.0;-0.0159656052973784;-0.03772683355541062;0.02176122825803222
719.0;-0.0112219696820436;-0.06697303789911646;0.05575106821707286
720.0;-0.0102125907962487;-0.09642729571581893;0.08621470491957023
721.0;-0.010972490022811;-0.10801864833612718;0.09704615831331617
722.0;-0.0158185682433143;-0.12054048240180198;0.10472191415848768
723.0;-0.0260251554865236;-0.14200279424551032;0.11597763875898673
724.0;-0.0394903467825618;-0.16133949332398012;0.12184914654141832
725.0;-0.0547052643216168;-0.1613937822894509;0.1066885179678341
726.0;-0.0694874568457851;-0.1250473661249693;0.05555990927918421
727.0;-0.081852700736878;-0.07888756527318197;0.0029651354636960336
728.0;-0.0892840071629976;-0.0482200927307721;0.0410639144322255
729.0;-0.0886567031603004;-0.030090849856561797;0.058565853303738605
730.0;-0.0776090894488083;-0.024286227912889258;0.053322861535919044
731.0;0.071762176329708;0.06779315193769098;0.003969024392017018
732.0;0.097152135435822;0.13202938742839365;0.03487725199257165
733.0;0.094243695708331;0.1275353011982553;0.0332916054899243
734.0;0.0922019263053644;0.11268078471857157;0.020478858413207165
735.0;0.0920327233182717;0.09473309566297372;0.0027003723447020234
736.0;0.1349816402826668;0.01451291927671916;0.12046872100594763
737.0;0.1749254682656439;0.0637856543319808;0.1111398139336631
738.0;0.1543091508213803;0.006085047859229031;0.14822410296215127
739.0;0.1332257230862187;-0.02826969307403643;0.16149541616025512
740.0;0.1140765678142347;-0.07573530416631702;0.18981187198055172
741.0;0.0755980677748297;-0.09865443618010805;0.17425250395493774
742.0;0.0172129448740343;-0.07120210200154692;0.08841504687558122
743.0;-0.0479928632725616;-0.05619771496696391;0.008204851694402306
744.0;-0.0898683063692009;-0.07392177113306436;0.01594653523613654
745.0;-0.0919134584230897;-0.10657171536846916;0.01465825694537945
746.0;-0.0840477328771081;-0.12196915696807509;0.03792142409096699
747.0;-0.076984033214242;-0.11710158479429994;0.040117551580057934
748.0;-0.0916410684635458;-0.16169560857482496;0.07005454011127915
749.0;-0.1005838029124852;-0.1914540151632873;0.09087021225080211
750.0;-0.0803863901130053;-0.2586913608530201;0.17830497074001478
751.0;-0.0961348524054712;-0.1552684182291233;0.05913356582365209
752.0;-0.0966261635492741;-0.13736846445537132;0.04074230090609722
753.0;-0.0981275126315699;-0.12726905945467137;0.02914154682310148
754.0;-0.0996013836713428;-0.11597387278231058;0.01637248911096778
755.0;-0.1012215942923692;-0.1072038781787194;0.0059822838863502065
756.0;-0.1020428630536435;-0.09447265907870167;0.007570203974941833
757.0;-0.1020457976496963;-0.08200950328935114;0.020036294360345167
758.0;-0.1018232663882029;-0.07013993777154154;0.03168332861666136
759.0;-0.1003659214697281;-0.05914522711751974;0.04122069435220836
760.0;-0.0899583354951486;-0.08175848840308686;0.008199847092061743
761.0;-0.0739068311726125;-0.0843105327089756;0.010403701536363094
762.0;-0.0546916067104941;-0.07192144499181136;0.01722983828131726
763.0;-0.0345224635063659;-0.08453658974643752;0.05001412624007162
764.0;-0.0152530932295223;-0.0954362540300116;0.0801831608004893
765.0;0.0007689218506454;-0.0908252679028459;0.09159418975349129
766.0;0.0116902783980454;-0.09340012374234796;0.10509040214039336
767.0;0.0162123421053784;-0.11197108981420567;0.12818343191958406
768.0;0.0139423580645019;-0.14110037438808515;0.15504273245258704
769.0;0.0051020490179339;-0.178801628215413;0.1839036772333469
770.0;-0.0073928944410146;-0.20185608379790604;0.19446318935689144
771.0;-0.0213173731698452;-0.2134947748422794;0.19217740167243422
772.0;-0.0371013734642901;-0.22441402995520837;0.18731265649091827
773.0;-0.0530806087070261;-0.2391526396098847;0.1860720309028586
774.0;-0.0674289037734898;-0.21585163993917744;0.14842273616568763
775.0;-0.078573731972101;-0.17818663243751914;0.09961290046541814
776.0;-0.0850677893877299;-0.1436424255449794;0.05857463615724952
777.0;-0.0849281462350477;-0.11813290069908622;0.03320475446403852
778.0;-0.0745607464666629;-0.11093181337774971;0.03637106691108681
779.0;0.0751235175966305;0.12042794226345888;0.04530442466682838
780.0;0.0882556212674477;0.15748594894203627;0.06923032767458857
781.0;0.0872720576323577;0.13802882227498603;0.050756764642628335
782.0;0.0895161514339129;0.09863394254648827;0.00911779111257538
783.0;0.0950368023082714;0.05110443862430791;0.043932363683963485
784.0;0.1250092786213416;-0.043561265302994756;0.16857054392433635
785.0;0.153493871937337;-0.023766824473640313;0.1772606964109773
786.0;0.1184429423019666;-0.018215875996494546;0.13665881829846116
787.0;0.0826737169214873;0.1294379303414771;0.046764213419989806
788.0;0.083330254798683;0.13615342050702695;0.052823165708343944
789.0;0.0834677002880961;0.14291929176116647;0.05945159147307037
790.0;0.081083311797273;0.14126051361427705;0.06017720181700405
791.0;0.069254648477863;0.10277850981496994;0.03352386133710694
792.0;0.0498315808945867;0.03010001824068287;0.019731562653903828
793.0;0.0259184412434982;-0.004191609647234307;0.030110050890732508
794.0;-0.0017535087632885;-0.00019863480445792003;0.00155487395883058
795.0;-0.0313219560270322;0.005765706790943237;0.03708766281797544
796.0;-0.061254435580089;-0.002293834984196108;0.05896060059589289
797.0;-0.0877900015762098;-0.0533307513912723;0.03445925018493749
798.0;-0.1016077472350652;-0.11537137458026081;0.013763627345195609
799.0;-0.10672490050176;-0.1568158323125063;0.05009093181074628
800.0;-0.1047894785810608;-0.1563557661119942;0.0515662875309334
801.0;-0.1036989264260317;-0.15376222835757558;0.050063301931543874
802.0;-0.1036703964824253;-0.1460466629371009;0.042376266454675585
803.0;-0.1055686937380688;-0.13537090205882668;0.029802208320757875
804.0;-0.1068012591069896;-0.12030261981061702;0.013501360703627424
805.0;-0.1064431798280179;-0.10457772694779793;0.00186545288021997
806.0;-0.1061671110702463;-0.08653117523383796;0.01963593583640834
807.0;-0.1059454718996829;-0.060279329871354814;0.04566614202832808
808.0;-0.1044003196203088;-0.03770162095725582;0.06669869866305297
809.0;-0.0923969691894779;-0.06827860571456712;0.02411836347491078
810.0;-0.0751713782750138;-0.07989782601737133;0.004726447742357531
811.0;-0.053309008996436;-0.07130488505262322;0.017995876056187222
812.0;-0.0300884761007198;-0.08470209845341314;0.05461362235269335
813.0;-0.0095712914192891;-0.09031168934964429;0.08074039793035519
814.0;0.0078678629715492;-0.07458256729985058;0.08245043027139978
815.0;0.0207113046255187;-0.07462045192385736;0.09533175654937606
816.0;0.0272862567919317;-0.08943593026952557;0.11672218706145726
817.0;0.0275065174357254;-0.10633630269131078;0.1338428201270362
818.0;0.019878652154591;-0.14886936830521724;0.16874802045980825
819.0;0.0034136418490256;-0.20652462260976695;0.20993826445879255
820.0;-0.0186812336085131;-0.2513461195574757;0.23266488594896262
821.0;-0.0439013054081508;-0.26216847467559184;0.21826716926744105
822.0;-0.0697778960938456;-0.1972084144238445;0.1274305183299989
823.0;-0.0931976784838613;-0.11044632166556545;0.017248643181704146
824.0;-0.0979677068556366;-0.077222366620465;0.020745340235171605
825.0;-0.0963139716763866;-0.05410718016768873;0.04220679150869787
826.0;-0.0904007166007722;-0.05629204305850333;0.034108673542268875
827.0;0.0578558164328622;0.03475181829092455;0.02310399814193765
828.0;0.0974130452153278;0.13012896744938707;0.032715922234059266
829.0;0.0985090500709296;0.11846371345428419;0.019954663383354596
830.0;0.0996899212332965;0.09868738406845923;0.0010025371648372666
831.0;0.0995762053626157;0.1063463360826572;0.006770130720041498
832.0;0.0995384857878421;0.11415812440097117;0.01461963861312908
833.0;0.1008639895182051;0.12516275662548215;0.024298767107277047
834.0;0.1019779144555946;0.14012804377526267;0.03815012931966806
835.0;0.1021821244680292;0.15319784027344285;0.051015715805413656
836.0;0.1024592626403265;0.1657110942411112;0.0632518316007847
837.0;0.1015881160079421;0.17293590021372296;0.07134778420578086
838.0;0.0868385791563775;0.1200227543186616;0.03318417516228411
839.0;0.0597301976610799;0.010065351730020988;0.04966484593105891
840.0;0.0221442477374825;-0.06800209060818352;0.09014633834566602
841.0;-0.023133947206825;-0.10097165301104238;0.07783770580421738
842.0;-0.0704675570883467;-0.10525555565234301;0.03478799856399631
843.0;-0.0777257280118741;-0.042872815320890045;0.03485291269098406
844.0;-0.074142476225503;-0.013763757641650942;0.06037871858385206
845.0;-0.0713233599756563;-0.03328085268144104;0.03804250729421525
846.0;-0.0692962579248322;-0.05287986926908539;0.016416388655746808
847.0;-0.0678656204574511;-0.07045776800726178;0.002592147549810672
848.0;-0.0665302435244047;-0.08624460213259827;0.019714358608193566
849.0;-0.0644934351958877;-0.09963406775729122;0.035140632561403526
850.0;-0.0626014055631447;-0.10853762871474781;0.04593622315160312
851.0;-0.0619618305486962;-0.10898331072511969;0.047021480176423484
852.0;-0.0615162032172193;-0.10923236753732946;0.04771616432011016
853.0;-0.0617271071953973;-0.10895786044641387;0.04723075325101657
854.0;-0.0618462434762431;-0.10876021774382227;0.04691397426757917
855.0;-0.0607131555500097;-0.10957256603007282;0.04885941048006311
856.0;-0.0596363372169387;-0.11034889092303835;0.050712553706099645
857.0;-0.0593080576060875;-0.10093940708405086;0.04163134947796336
858.0;-0.0591508306844251;-0.0918493126521776;0.032698481967752505
859.0;-0.0592170698041997;-0.08351372492484599;0.024296655120646292
860.0;-0.0592746052908106;-0.07524745622838713;0.015972850937576534
861.0;-0.0589899040482318;-0.06654442470472749;0.007554520656495686
862.0;-0.0583585937363176;-0.05755759458967985;0.0008009991466377472
863.0;-0.0570540968318186;-0.04803390994904988;0.009020186882768719
864.0;-0.054661960421811;-0.03782784478779666;0.016834115634014338
865.0;-0.0498079691084782;-0.034019778734403594;0.015788190374074605
866.0;-0.0475641715759031;-0.033968789081939676;0.013595382493963422
867.0;-0.0469983707300038;-0.034104709079860074;0.012893661650143724
868.0;-0.0467153480960699;-0.03380596418788978;0.012909383908180118
869.0;-0.0466061675500008;-0.03319328644186276;0.013412881108138042
870.0;-0.0461138058459869;-0.031523779152636267;0.014590026693350633
871.0;-0.0440283957468609;-0.02780220394093269;0.016226191805928207
872.0;-0.0418368963609259;-0.02502389419565132;0.01681300216527458
873.0;-0.0413478687509851;-0.024851370462482036;0.016496498288503067
874.0;-0.0408541320502549;-0.024294862822222096;0.016559269228032802
875.0;0.093887515050614;0.12710988615988228;0.033222371109268276
876.0;0.1314836167227096;0.16386676241844778;0.032383145695738164
877.0;0.1292351584528626;0.14914520552796295;0.019910047075100357
878.0;0.1270930155300442;0.16178098702124932;0.034687971491205116
879.0;0.1253974757657754;0.17503714470334075;0.04963966893756536
880.0;0.1239972438221333;0.1915131768055034;0.0675159329833701
881.0;0.1224323079213295;0.2060178343871395;0.08358552646581
882.0;0.1006197764244997;0.13531135653336568;0.034691580108865985
883.0;0.0608104017528764;0.01523275896345555;0.04557764278942085
884.0;0.0064119051450113;-0.012385810941462294;0.018797716086473595
885.0;-0.0571762188260739;0.04254714636226986;0.09972336518834377
886.0;-0.0679864270827861;0.039095574213238504;0.1070820012960246
887.0;-0.0671381515000262;0.02337474196553513;0.09051289346556132
888.0;-0.0663677341109302;0.005931463601062337;0.07229919771199253
889.0;-0.0657855161649063;-0.012151572500232355;0.053633943664673944
890.0;-0.0651420104774165;-0.029873952884454602;0.03526805759296189
891.0;-0.0642480056568416;-0.045051835135124674;0.019196170521716932
892.0;-0.06270841496239;-0.05818051156904763;0.004527903393342372
893.0;-0.0525854829714617;-0.06473021132661422;0.012144728355152519
894.0;-0.0390138509157339;-0.0688306611514603;0.029816810235726403
895.0;-0.0615541860409112;-0.0737959953423542;0.012241809301443002
896.0;-0.0615402770845373;-0.08452278957780124;0.02298251249326394
897.0;-0.0628419860680572;-0.09762293207869516;0.034780946010637956
898.0;-0.0648471355671728;-0.10675211451742961;0.04190497895025681
899.0;-0.0669488344804636;-0.10493896466031416;0.03799013017985056
900.0;-0.0691954106026375;-0.10301189175641229;0.033816481153774794
901.0;-0.0724021983747527;-0.10032230548251242;0.027920107107759717
902.0;-0.0752216079747454;-0.09793661468357356;0.02271500670882816
903.0;-0.0756992498774058;-0.09743673918742451;0.021737489310018718
904.0;-0.0749359210537836;-0.09794560250666817;0.023009681452884567
905.0;-0.0736669397668958;-0.09886886095610903;0.02520192118921323
906.0;-0.072731037321144;-0.09771368061351571;0.02498264329237171
907.0;-0.072602124161544;-0.08727115972181759;0.014669035560273588
908.0;-0.0726766252473773;-0.07767071288245753;0.004994087635080233
909.0;-0.0709624685031698;-0.0707309650844209;0.00023150341874890457
910.0;-0.0670184293671955;-0.06168516579838146;0.005333263568814042
911.0;-0.0617827508745774;-0.051172710386550024;0.010610040488027377
912.0;-0.0538657521640045;-0.03759105996009621;0.016274692203908293
913.0;-0.0427598230704565;-0.02171415733886506;0.02104566573159144
914.0;-0.031305850830356;-0.008058198099190395;0.023247652731165608
915.0;-0.0211395621530148;-0.0020174685301705964;0.019122093622844203
916.0;-0.0141971938267307;-0.006031924959633894;0.008165268867096806
917.0;-0.0121388060375401;-0.016831789239442285;0.0046929832019021855
918.0;-0.0145786065922783;-0.030597755242768532;0.01601914865049023
919.0;-0.0207323505556138;-0.05079640427860621;0.03006405372299241
920.0;-0.0302363481902046;-0.07413741610502772;0.04390106791482312
921.0;-0.0418263869824778;-0.0894959856649904;0.047669598682512596
922.0;-0.0539603870306397;-0.0957609384107353;0.0418005513800956
923.0;-0.0646537898540255;-0.09182093590491358;0.027167146050888075
924.0;-0.0723849937444174;-0.07384679606293065;0.0014618023185132556
925.0;-0.0763875287877195;-0.05703183473321105;0.019355694054508446
926.0;-0.0610206489505068;-0.0922670652387047;0.031246416288197902
927.0;-0.0261163268511709;-0.08663044226037198;0.060514115409201076
928.0;0.0075633301316573;-0.15700667864593565;0.16457000877759295
929.0;0.0316363187183666;-0.07642370707853041;0.10806002579689701
930.0;0.0532817923737717;0.024544012837067197;0.028737779536704505
931.0;0.0862591316178918;0.0941149773829546;0.007855845765062805
932.0;0.0981066653268884;0.1444144700608554;0.04630780473396699
933.0;0.0923991915357535;0.16971167361395945;0.07731248207820594
934.0;0.0875488265074694;0.19119109632846043;0.10364226982099103
935.0;0.0765186529098584;0.20420670139104358;0.12768804848118517
936.0;0.0579526925602898;0.20381015470382746;0.14585746214353768
937.0;0.0367518930935743;0.12389490690355087;0.08714301380997658
938.0;0.0145831284829857;0.0502651097552248;0.0356819812722391
939.0;-0.0070437699215396;0.006613869767979619;0.013657639689519219
940.0;-0.039401299580553;-0.07291329196103524;0.03351199238048224
941.0;-0.0679129297360723;-0.08097742622646814;0.013064496490395844
942.0;-0.0761267854044289;-0.10300516686035976;0.02687838145593087
943.0;-0.0773192136683655;-0.11580293499176864;0.038483721323403136
944.0;-0.0770394156421302;-0.10326435269828638;0.02622493705615618
945.0;-0.0764502459543948;-0.09727232768575567;0.020822081731360867
946.0;-0.0758400491908792;-0.09762764647188732;0.021787597281008125
947.0;-0.0756142582400742;-0.0976852427767167;0.022070984536642496
948.0;-0.0754361870391777;-0.09771228923709546;0.022276102197917758
949.0;-0.0735865016243715;-0.09908937266244394;0.025502871038072444
950.0;-0.0720629520657102;-0.10021962409566132;0.02815667202995112
951.0;-0.0722922604817949;-0.09994239229514035;0.02765013181334544
952.0;-0.0725185609642899;-0.09361037281591317;0.021091811851623274
953.0;-0.0727445877992608;-0.08373123701568835;0.010986649216427558
954.0;-0.0729721196956163;-0.07388116670871481;0.0009090470130985046
955.0;-0.0681521485982679;-0.06110823362904416;0.007043914969223741
956.0;-0.0604419996957039;-0.0471588957742366;0.013283103921467303
957.0;-0.051551224244295;-0.03296599899245556;0.018585225251839442
958.0;-0.0412652519910594;-0.018819626508384868;0.02244562548267453
959.0;-0.0308557653155045;-0.006874018594250519;0.023981746721253982
960.0;-0.0217258943348395;-0.002254580594236888;0.01947131374060261
961.0;-0.0145386193825636;-0.006569178758213834;0.007969440624349766
962.0;-0.0105954144884324;-0.014423775643468861;0.0038283611550364617
963.0;-0.0114273230485646;-0.027301547034414786;0.015874223985850186
964.0;-0.0164276948260914;-0.057876635144675226;0.04144894031858383
965.0;-0.0239647137263786;-0.07263363561939706;0.04866892189301846
966.0;-0.0335608837829907;-0.06825375531873507;0.034692871535744366
967.0;-0.0449361087486207;-0.0701868095529547;0.025250700804333996
968.0;-0.0576520024431252;-0.086630502287807;0.0289784998446818
969.0;-0.0701271986210353;-0.09322663128982667;0.023099432668791373
970.0;-0.075954514609494;-0.09246093654385429;0.01650642193436029
971.0;-0.0767557652060456;-0.08198124037127319;0.005225475165227589
972.0;-0.071158936260924;-0.06293510061993657;0.008223835640987429
973.0;-0.060875159591236;-0.040685248313349076;0.020189911277886927
974.0;-0.0456393260225661;-0.014029550732791662;0.03160977528977444
975.0;-0.025228463474623;0.014808713440108368;0.04003717691473137
976.0;-0.0052141953011434;0.03519791357676039;0.040412108877903787
977.0;0.0106574939195519;0.039279609616158506;0.028622115696606606
978.0;0.0235798703512758;0.027814172116626512;0.004234301765350713
979.0;0.0249712244577401;0.00031210371148948646;0.024659120746250613
980.0;0.0020849753279392;-0.029595618453002626;0.031680593780941825
981.0;-0.0321504260418309;-0.07301398642636309;0.040863560384532184
982.0;-0.0634194450920767;-0.1054199974445238;0.042000552352447096
983.0;-0.0756943067085238;-0.09733089135186945;0.021636584643345655
984.0;-0.075160957284716;-0.09762762900080474;0.022466671716088737
985.0;-0.072102224863833;-0.08723031294897754;0.015128088085144542
986.0;-0.0693325375663321;-0.07006676461726902;0.0007342270509369114
987.0;-0.0663589324298587;-0.05740569389713901;0.00895323853271969
988.0;-0.0586661870172857;-0.04048672283375743;0.018179464183528275
989.0;-0.0471465709776002;-0.01897692923996941;0.028169641737630792
990.0;-0.0322280601729015;0.005049180342935111;0.03727724051583661
991.0;-0.0144480383577206;0.028690333081584862;0.04313837143930546
992.0;0.0016836117149601;0.04517467712820111;0.04349106541324101
993.0;0.0123456748093223;0.05065890106033055;0.038313226251008255
994.0;0.0172066530828035;0.04343821008531945;0.026231557002515952
995.0;0.01466615450796;0.019604548243472242;0.004938393735512242
996.0;0.0008518362296189;-0.008074899492531262;0.008926735722150162
997.0;-0.0202036421390915;-0.04546650593978835;0.02526286380069685
998.0;-0.0454127138555403;-0.08214911326406749;0.03673639940852719
999.0;-0.069985292950621;-0.10140270897964587;0.03141741602902487
1000.0;-0.0730514851398446;-0.09932591188592249;0.026274426746077897
1001.0;-0.0730232184451565;-0.08881535268737689;0.015792134242220396
1002.0;-0.0729373823315646;-0.07321032455530008;0.00027294222373547283
1003.0;-0.0666498756545648;-0.05347488902080055;0.013174986633764249
1004.0;-0.0543745598379569;-0.02959020083708458;0.024784359000872322
1005.0;-0.0391117156167359;-0.005007896379092269;0.03410381923764363
1006.0;-0.022485575135948;0.017617978137392076;0.04010355327334007
1007.0;-0.0077300378782903;0.03180000234978797;0.03953004022807827
1008.0;0.0045553489881608;0.02637990298892745;0.02182455400076665
1009.0;0.0153829216853622;0.023523813658109294;0.008140891972747094
1010.0;0.0202142267158796;0.013689877763940483;0.006524348951939117
1011.0;0.0152650849292455;-0.01682444304545172;0.03208952797469722
1012.0;0.004041809319121;-0.06768521228898527;0.07172702160810628
1013.0;-0.0097942290473562;-0.08146037678782964;0.07166614774047343
1014.0;-0.0278432093819506;-0.08470832268249451;0.056865113300543904
1015.0;-0.0492927475196587;-0.09056233183911094;0.04126958431945224
1016.0;-0.0699586504908139;-0.09968754978900102;0.029728899298187117
1017.0;-0.0844161319594037;-0.0534599452128367;0.030956186746567
1018.0;-0.0848150569624685;-0.05023139881514549;0.034583658147323004
1019.0;0.0551008555589855;0.022158336745979113;0.03294251881300639
1020.0;0.1016346318455664;0.11805441666364402;0.016419784818077626
1021.0;0.0992486191745916;0.11774547195518448;0.018496852780592876
1022.0;0.1042591646407991;0.0731486881960175;0.0311104764447816
1023.0;0.1195728000928214;0.02277131203050975;0.09680148806231165
1024.0;0.1500546264163997;0.04647197560237282;0.10358265081402687
1025.0;0.1829399475034589;0.09042742576985685;0.09251252173360205
1026.0;0.2011907952722464;0.09644280293739504;0.10474799233485135
1027.0;0.1936913568429394;0.08393847569729718;0.10975288114564222
1028.0;0.1410528343655318;0.13179489204700545;0.009257942318526335
1029.0;0.0501675805673042;0.12796306308512528;0.07779548251782109
1030.0;-0.0548865224828805;0.04328865369962975;0.09817517618251026
1031.0;-0.0912856217928509;-0.030880548208942926;0.06040507358390797
1032.0;-0.089478097799436;-0.10124755910692496;0.01176946130748896
1033.0;-0.0865388563065903;-0.11825270594103604;0.031713849634445734
1034.0;-0.0838706889568993;-0.11646482198652791;0.032594133029628616
1035.0;-0.0819287974614268;-0.12020412842634248;0.038275330964915685
1036.0;-0.0720190818523527;-0.15039914705211987;0.07838006519976717
1037.0;-0.0584938018835706;-0.22395905919708908;0.1654652573135185
1038.0;-0.0382898920351056;-0.31248470658911043;0.27419481455400485
1039.0;-0.0853336201159389;-0.12560697642754393;0.04027335631160503
1040.0;-0.0843742545841432;-0.10062060977631249;0.016246355192169284
1041.0;-0.0843005957853902;-0.07941495804680304;0.004885637738587162
1042.0;-0.0839547999964974;-0.06528259693526889;0.018672203061228507
1043.0;-0.0830590438317658;-0.06482423072109683;0.018234813110668963
1044.0;-0.0815256106718155;-0.08610868578243647;0.004583075110620963
1045.0;-0.079877440935918;-0.0940619933225833;0.0141845523866653
1046.0;-0.0779795213138583;-0.09547539053530107;0.017495869221442778
1047.0;-0.0754860850233802;-0.09737600780732802;0.02188992278394783
1048.0;-0.0730522699609452;-0.09442118608211464;0.021368916121169437
1049.0;-0.071195417717473;-0.08210434837309777;0.010908930655624774
1050.0;-0.0693407727149336;-0.07022580042704757;0.0008850277121139755
1051.0;-0.0650247377362123;-0.06137308887613879;0.003651648860073506
1052.0;-0.0602624166469639;-0.053084746742051436;0.007177669904912462
1053.0;-0.0552858039873727;-0.04443032983449241;0.010855474152880289
1054.0;-0.0501100415506399;-0.036373758821388436;0.013736282729251467
1055.0;-0.045431593783385;-0.029884617294460125;0.015546976488924877
1056.0;-0.0413406946980243;-0.024944193496721057;0.016396501201303246
1057.0;-0.0379522513255483;-0.021777277251975313;0.01617497407357299
1058.0;-0.03581423714185;-0.020965742449554514;0.014848494692295489
1059.0;-0.0353416091733219;-0.022644066254240425;0.012697542919081477
1060.0;-0.0365400306649415;-0.026315242950948337;0.010224787713993162
1061.0;-0.0389607721621657;-0.031148348930403025;0.007812423231762677
1062.0;-0.0420629884334664;-0.03639929680411097;0.005663691629355427
1063.0;-0.0454382632303106;-0.04109607697785872;0.004342186252451877
1064.0;-0.0484615496221475;-0.044188904849904787;0.004272644772242713
1065.0;-0.0502267923365556;-0.03813766830198101;0.012089124034574593
1066.0;-0.0463810831844692;-0.029157422500453944;0.017223660684015256
1067.0;0.0926931574983799;0.10974521671226045;0.017052059213880547
1068.0;0.116200368548486;0.09397727604464767;0.022223092503838332
1069.0;0.1124451260092118;0.10142070094083933;0.011024425068372479
1070.0;0.1102804246790661;0.1177592451672761;0.007478820488209997
1071.0;0.1096819515227936;0.13009627551153768;0.020414323988744085
1072.0;0.1090962062601797;0.14431845429161616;0.03522224803143646
1073.0;0.1085014125685213;0.15860968507584605;0.05010827250732475
1074.0;0.1079194058783869;0.17280333338714682;0.06488392750875992
1075.0;0.1063714808381057;0.17998719218454795;0.07361571134644225
1076.0;0.0922921842181999;0.09053669943885989;0.0017554847793400108
1077.0;0.0651446001133995;-0.06899906471602657;0.13414366482942608
1078.0;0.0576111591971839;-0.03406497232636513;0.09167613152354903
1079.0;0.0170581155372686;0.17533157304161162;0.15827345750434302
1080.0;-0.0161351097830084;0.12224185017319422;0.1383769599562026
1081.0;-0.044212889564616;0.019448052653105896;0.0636609422177219
1082.0;-0.0689579973418974;-0.07056935943765325;0.0016113620957558389
1083.0;-0.0823198124091491;-0.07561896025567799;0.006700852153471104
1084.0;-0.0808806874901488;-0.0725630254069034;0.0083176620832454
1085.0;-0.0797245491383385;-0.0801421741271115;0.00041762498877299936
1086.0;-0.0790463159381075;-0.08840172526848061;0.009355409330373113
1087.0;-0.0790738935883287;-0.10246741822249478;0.02339352463416608
1088.0;-0.0792831835934078;-0.1205490198105707;0.0412658362171629
1089.0;-0.0793532871635227;-0.11790231771950793;0.03854903055598523
1090.0;-0.0793733707026391;-0.10608382573744835;0.026710455034809247
1091.0;-0.0790841050193521;-0.09932746910321677;0.020243364083864665
1092.0;-0.0785887285679259;-0.09552014766355055;0.01693141909562465
1093.0;-0.0792002853596385;-0.09490748732711429;0.015707201967475798
1094.0;-0.0803011146210967;-0.09390216955822789;0.013601054937131193
1095.0;-0.082163933475192;-0.07850643422480785;0.0036574992503841525
1096.0;-0.0836212083399009;-0.06101681601615838;0.02260439232374252
1097.0;-0.0834660857677018;-0.06433105826879726;0.01913502749890454
1098.0;-0.0827816221606333;-0.07440457971080328;0.008377042449830022
1099.0;-0.0816740190283542;-0.08989879360965736;0.008224774581303163
1100.0;-0.0806739155074956;-0.0867172993605061;0.006043383853010495
1101.0;-0.0754562846164118;-0.07904358338546713;0.003587298769055336
1102.0;-0.0707371990698173;-0.07127704165624771;0.000539842586430403
1103.0;-0.0647326556452389;-0.05992178680173538;0.004810868843503527
1104.0;-0.0560185306441446;-0.046349070947044824;0.009669459697099779
1105.0;-0.0445143877574474;-0.0387551144254909;0.005759273331956499
1106.0;-0.0321682862221754;-0.03202388367361003;0.00014440254856536855
1107.0;-0.0212647114824693;-0.039032238860500335;0.017767527378031035
1108.0;-0.0135028977083661;-0.050135908747659386;0.036633011039293284
1109.0;-0.0104871964975305;-0.07019272529643089;0.05970552879890039
1110.0;-0.0125501861350462;-0.09696191737516607;0.08441173124011987
1111.0;-0.0218631346159738;-0.1503055423942785;0.1284424077783047
1112.0;-0.0342483126893641;-0.1947276235422462;0.1604793108528821
1113.0;-0.041526849994089;-0.17260219857156678;0.13107534857747777
1114.0;-0.0447611754912521;-0.16387311695603407;0.11911194146478196
1115.0;0.0795503608863552;0.0801557658697678;0.0006054049834126052
1116.0;0.0873281373141387;0.1190948939302584;0.031766756616119704
1117.0;0.0896367909245344;0.10228374590774703;0.012646954983212624
1118.0;0.0920353979491759;0.10151741519586266;0.009482017246686764
1119.0;0.0937982030114362;0.11033217704547127;0.016533974034035073
1120.0;0.1211479838885095;0.014807692524916649;0.10634029136359285
1121.0;0.1479928610833814;0.004033264783968926;0.14395959629941246
1122.0;0.1229097369130809;0.0026167823011242763;0.12029295461195662
1123.0;0.0898820265022155;0.05808737673329667;0.031794649768918826
1124.0;0.0795827483907336;-0.06819202584099215;0.14777477423172575
1125.0;0.0578996126519291;-0.07092341081725839;0.1288230234691875
1126.0;0.0160384692584371;-0.04678312216576014;0.06282159142419724
1127.0;-0.0412649553297779;0.02103396508490374;0.06229892041468164
1128.0;-0.0871324070911924;-0.01385953082823832;0.07327287626295408
1129.0;-0.1064391342230161;-0.033919782917226915;0.07251935130578918
1130.0;-0.1060717060500182;-0.09739437888697133;0.008677327163046866
1131.0;-0.1046065041638205;-0.1596672059885066;0.05506070182468609
1132.0;-0.1027542719388691;-0.16944449552719054;0.06669022358832144
1133.0;-0.0934300218699099;-0.1835388557070604;0.09010883383715051
1134.0;-0.0724827628056096;-0.20152344223298024;0.12904067942737063
1135.0;-0.1103800301887949;-0.13357923384312254;0.023199203654327635
1136.0;-0.1120432587479641;-0.12356287605848815;0.011519617310524047
1137.0;-0.1115350723086217;-0.11929729800143407;0.0077622256928123745
1138.0;-0.1095806515875937;-0.11530288434422603;0.005722232756632334
1139.0;-0.1085602161377608;-0.10202329342805316;0.0065369227097076404
1140.0;-0.1073892652454507;-0.08504929360338881;0.02233997164206189
1141.0;-0.1074335737053187;-0.06155260006530594;0.04588097364001276
1142.0;-0.1071869910156046;-0.03670554298098366;0.07048144803462093
1143.0;-0.0974150628458903;-0.05928916269700113;0.03812590014888917
1144.0;-0.0831203610177059;-0.10127316424527111;0.018152803227565212
1145.0;-0.066154120064493;-0.09064012104690788;0.02448600098241488
1146.0;-0.0469760267802414;-0.08579849863793865;0.038822471857697244
1147.0;-0.025696523253472;-0.10182253352319592;0.07612601026972393
1148.0;-0.0062160547360724;-0.09627059055472709;0.09005453581865469
1149.0;0.0060069852088039;-0.09911126817946864;0.10511825338827253
1150.0;0.0102653630372249;-0.11389845912193697;0.12416382215916187
1151.0;0.0039637338493232;-0.15822264092051896;0.16218637476984216
1152.0;-0.0067056170806405;-0.18433756802735757;0.17763195094671708
1153.0;-0.0141433928078863;-0.20216441553619896;0.18802102272831267
1154.0;-0.0250954880722515;-0.21935750063605453;0.19426201256380302
1155.0;-0.041105564321398;-0.22858823356243346;0.18748266924103546
1156.0;-0.0579423672590589;-0.23746377188743745;0.17952140462837854
1157.0;-0.0739824884739663;-0.19992891422916603;0.12594642575519974
1158.0;-0.0857017750420323;-0.1516168893649496;0.0659151143229173
1159.0;-0.0880172926901086;-0.1267511810545584;0.0387338883644498
1160.0;-0.0843441323129561;-0.12022587199840823;0.035881739685452135
1161.0;-0.0777400215798435;-0.10582027303521557;0.028080251455372074
1162.0;-0.061910885972171;-0.07800757391944724;0.016096687947276235
1163.0;0.090055558656894;0.1725113887698413;0.08245583011294728
1164.0;0.0895195997302931;0.1582737671654425;0.06875416743514941
1165.0;0.0892383661491443;0.13481698329173453;0.04557861714259023
1166.0;0.0889158555754039;0.11705605842094835;0.028140202845544457
1167.0;0.0844815654608661;0.10661735410016837;0.022135788639302267
1168.0;0.0944485947240757;0.038734716636055655;0.055713878088020044
1169.0;0.1197651633566262;-0.03765169799683521;0.1574168613534614
1170.0;0.152365437516419;-0.010327655820160486;0.1626930933365795
1171.0;0.185620147682096;0.08451282978388475;0.10110731789821126
1172.0;0.1511395130540812;-0.03633557409786581;0.187475087151947
1173.0;0.0783563380050438;-0.043397989969328477;0.12175432797437227
1174.0;0.0712527354638434;0.03039777324161752;0.040854962222225885
1175.0;0.0556772169827841;0.2521593682019738;0.19648215121918972
1176.0;-0.010838524580115;0.299388674597061;0.310227199177176
1177.0;-0.0274187628067042;0.23026933245965375;0.25768809526635794
1178.0;-0.0736938977127445;0.04326114706535655;0.11695504477810105
1179.0;-0.1090610069791064;0.0039625461368922865;0.11302355311599868
1180.0;-0.1038124083902518;-0.0646076265225064;0.0392047818677454
1181.0;-0.0978664912038741;-0.1301688905506168;0.03230239934674271
1182.0;-0.1024534205270672;-0.18138032668084514;0.07892690615377794
1183.0;-0.1057831195598869;-0.1527552403132632;0.04697212075337631
1184.0;-0.1052765569449553;-0.1482043906386784;0.042927833693723105
1185.0;-0.1027346899683005;-0.14210021345104779;0.039365523482747286
1186.0;-0.1007297325697471;-0.12508436975916348;0.024354637189416384
1187.0;-0.1025088098084031;-0.11761501381650119;0.01510620400809809
1188.0;-0.1043610073074835;-0.10651257504522638;0.002151567737742874
1189.0;-0.1050264135536526;-0.0942681938949439;0.010758219658708698
