;TDryBul;HDirNor;oveHeaPumY_u;reaTZon_y;delta_reaTZon_y
0;271.75;0.0;1.0;292.5090411;0.0779400629827143
1;270.8584416;0.0;1.0;292.6616968;0.0722251309129755
2;270.15;0.0;1.0;292.7943294;0.0676219734583793
3;269.6842857;0.0;1.0;292.9103783;0.0644380122681657
4;269.45;0.0;1.0;293.0120681;0.0625992349909803
5;269.3966667;0.0;1.0;293.1075654;0.061784692485858
6;269.35;0.0;1.0;293.1896201;0.0610802066367187
7;269.2395833;0.0;0.984011242;293.258948;0.0570337745078724
8;269.15;0.0;0.947860462;293.3153404;0.0493100567107127
9;269.58875;0.0;0.895438733;293.310202;0.0416978824880908
10;270.15;0.0;0.847635035;293.3584114;0.0353487737580778
11;270.355;0.0;1.0;293.4123378;0.0653615989334315
12;270.45;0.0;1.0;293.4822535;0.065498884065395
13;270.45;0.0;1.0;293.5495946;0.0651303295591867
14;270.45;0.0;1.0;293.6137152;0.0647794006900295
15;270.45;0.0;1.0;293.6835449;0.0643972261992327
16;270.45;0.0;1.0;293.7611549;0.0639724705117426
17;270.4875;0.0;1.0;293.8358316;0.0637690042732797
18;270.65;0.0;1.0;293.9061284;0.0642736278218531
19;270.9;0.0;1.0;293.9921022;0.0651713350934342
20;271.15;0.0;1.0;294.0937047;0.0659835072636998
21;271.4;0.0;1.0;294.1910484;0.0668189876355101
22;271.65;0.0;1.0;294.2833731;0.0676819367458272
23;271.8675;0.0;1.0;294.3776348;0.0683564138601376
24;272.05;0.0;1.0;294.481469;0.0687869478887546
25;272.2033333;0.0;1.0;294.6120467;0.0689114881609134
26;272.25;0.0;1.0;294.7483778;0.0684207593390426
27;272.1729167;0.0;1.0;294.850265;0.0674412626534615
28;272.05;0.0;1.0;294.9228823;0.0663711147524474
29;271.89375;0.0;1.0;294.9359158;0.0654446345382583
30;271.75;0.0;1.0;294.9487347;0.0645877407003626
31;271.78125;0.0;0.359738652;294.9046915;-0.0576443363719155
32;271.85;0.0;0.0;294.7122385;-0.1251238993896564
33;271.73875;0.0;0.0;294.4164186;-0.1241137574651044
34;271.65;0.0;0.0;294.1041791;-0.1228906104966813
35;271.705;0.0;0.0;293.868519;-0.1212998421601079
36;271.85;0.0;0.0;293.6141903;-0.1191143359559711
37;272.05;0.0;0.0;293.372643;-0.1166977694442983
38;272.25;0.0;0.0;293.1438603;-0.1143510629564439
39;272.45;0.0;0.01328103;293.0217912;-0.110044370030561
40;272.65;0.0;0.057847116;292.9160415;-0.0998342376836723
41;272.9166667;0.0;0.133322137;292.8192502;-0.0833875631852133
42;273.15;0.0;0.237386656;292.7537521;-0.0618181751212806
43;273.0908333;0.0;0.359535924;292.7213689;-0.03856666852747
44;272.95;0.0;0.489744413;292.7262535;-0.0144223139032644
45;272.92375;0.0;0.616624137;292.7738811;0.0094775833147253
46;272.95;0.0;0.727078437;292.8609571;0.0303025676620868
47;273.0919643;0.0;0.809437507;292.9850787;0.0461763688122821
48;273.25;0.0;0.852707803;293.1315528;0.0545282114452529
49;273.297619;0.0;0.850918244;293.2820964;0.0536221143321248
50;273.35;0.0;0.803762151;293.4223965;0.0441080337713884
51;273.5266667;0.0;0.715028181;293.5405138;0.027431189879639
52;273.85;0.0;0.591968161;293.6263283;0.0051585696279707
53;274.3;0.0;0.444778938;293.6789267;-0.0208610476431283
54;274.75;0.0;0.283470993;293.6868227;-0.0493404982191018
55;275.1542857;0.0;0.122029379;293.6387903;-0.0777896522651446
56;275.55;0.0;0.0;293.5132651;-0.0983120605220756
57;275.9482143;0.0;0.0;293.2738827;-0.0948225253507065
58;276.25;0.0;0.0;293.0749384;-0.092082054852099
59;276.33;0.0;0.732465693;293.0191423;0.0489673470365066
60;276.35;0.0;1.0;293.1417724;0.0996527281563602
61;276.4283333;0.0;1.0;293.3516982;0.0989325289190705
62;276.55;0.0;1.0;293.588678;0.0983014260319795
63;276.8041667;0.0;1.0;293.8366958;0.0983350786572445
64;277.15;29.3710443;1.0;294.1174006;0.1076933149048143
65;277.5303571;75.0;1.0;294.469692;0.1218315179556559
66;277.95;106.8930686;1.0;294.8596287;0.131768852900226
67;278.6071429;129.0;1.0;295.2621884;0.1399376220467957
68;279.15;124.8192204;0.946215491;295.6531976;0.1291847324788962
69;279.1769231;100.0;0.77570575;295.9712433;0.0873230105277674
70;279.15;63.77934272;0.513430466;296.1458572;0.0248792245831798
71;279.2605769;30.0;0.205942597;296.1752255;-0.0439295002156343
72;279.35;9.137323944;0.0;296.0344426;-0.0885126734878016
73;279.4;0.0;0.0;295.7685572;-0.08958430314016
74;279.45;0.0;0.0;295.4963619;-0.0878209442153103
75;279.5;0.0;0.0;295.2870296;-0.0864016313770818
76;279.55;0.0;0.0;295.0748278;-0.0849666139074237
77;279.65;0.0;0.033161747;294.8687733;-0.0769393518001629
78;279.75;0.0;0.127832489;294.7339671;-0.0575197791609746
79;279.509375;0.0;0.0;294.5827386;-0.0824957726930421
80;279.25;0.0;0.0;294.3844887;-0.0828303073390077
81;279.278125;0.0;0.0;294.1965915;-0.0816480285337747
82;279.35;0.0;0.0;294.0224645;-0.0803016717674564
83;279.45;0.0;0.0;293.9276448;-0.0792354331949771
84;279.55;0.0;0.0;293.7934233;-0.0779535505219003
85;279.65;0.0;0.0;293.6638354;-0.0766970273122121
86;279.75;0.0;0.0;293.5405799;-0.0754751610142034
87;279.8175;0.0;0.0;293.4244842;-0.0744703508380181
88;279.85;0.0;0.0;293.3127969;-0.0736812208839034
89;279.8533333;0.0;0.0;293.2052736;-0.0730745082006691
90;279.75;0.0;0.0;293.0982546;-0.0730543365470499
91;279.5222222;0.0;0.020874583;293.0443451;-0.0700073145709644
92;279.25;0.0;0.055266525;292.9983855;-0.0646577497252578
93;278.9256944;0.0;0.10304886;292.9536652;-0.0570350438492792
94;278.65;0.0;0.164185301;292.9257629;-0.046680312729864
95;278.575;0.0;0.232851548;292.9323454;-0.0339735657585946
96;278.55;0.0;0.297818789;292.9758115;-0.0219035900639678
97;278.4505682;0.0;0.347902023;293.0415449;-0.0132139239248935
98;278.35;0.0;0.37715188;293.1197164;-0.0085892517819926
99;278.5;0.0;0.382328401;293.2099464;-0.0072705540213049
100;278.65;0.0;0.359832981;293.3040816;-0.0112738799333177
101;278.2931818;0.0;0.308901726;293.367142;-0.023327903017128
102;277.95;0.0;0.240606111;293.3888208;-0.0384070152005728
103;277.9;0.0;0.167875934;293.3851324;-0.052592179317939
104;277.85;0.0;0.097520645;293.35015;-0.0661511553672128
105;277.8;0.0;0.039224779;293.2194675;-0.0768763476319637
106;277.75;0.0;0.024918646;293.1121867;-0.0793032391657471
107;277.540625;0.0;0.741626664;293.0959147;0.0569276801038547
108;277.35;0.0;1.0;293.2502854;0.1045317923693936
109;277.3739583;0.0;1.0;293.4899028;0.1033515007924834
110;277.45;0.0;1.0;293.745484;0.1023688899980735
111;277.5604167;0.0;1.0;294.0165381;0.1014897294611115
112;277.65;0.0;1.0;294.2939477;0.1004617654205852
113;277.7;0.0;1.0;294.5564005;0.0992990217648294
114;277.75;0.0;1.0;294.8026319;0.0982250570281441
115;277.8;0.0;1.0;295.0364897;0.0972188123916356
116;277.85;0.0;1.0;295.2591621;0.0962737848955323
117;277.8770833;0.0;0.956117752;295.4652873;0.0868881094677664
118;277.75;0.0;0.851225313;295.6389387;0.0651497139562427
119;276.6322917;0.0;0.695861144;295.7319794;0.0287628304567505
120;275.15;0.0;0.516615285;295.7105253;-0.0135673913126761
121;274.1588942;0.0;0.349530389;295.6116691;-0.0504562869150507
122;273.55;0.0;0.215972471;295.4489995;-0.078481907602366
123;273.4215745;0.0;0.134406087;295.2523701;-0.0937329383778611
124;273.45;0.0;0.113526543;295.0457892;-0.0964463048553828
125;273.5429688;0.0;0.155118823;294.8370455;-0.0868279101593285
126;273.65;0.0;0.259442357;294.6670271;-0.0653281176388816
127;273.8130208;0.0;0.0;294.4788508;-0.1131030644144379
128;273.95;0.0;0.0;294.2495966;-0.1110986871486367
129;273.8791667;0.0;0.0;294.0125817;-0.1101891834795706
130;273.75;0.0;0.0;293.7739697;-0.109590194771362
131;273.7625;0.0;0.0;293.6148578;-0.1086509713392528
132;273.75;0.0;0.0;293.4220787;-0.107664312750661
133;273.5473684;0.0;0.0;293.2314541;-0.1077300264671887
134;273.25;0.0;0.0;293.0378364;-0.1082978489115396
135;272.8251316;0.0;0.043329975;292.9104261;-0.1016258240895198
136;272.45;0.0;0.121572665;292.8027572;-0.0881019913056707
137;272.7091667;0.0;0.23112894;292.7317192;-0.0653089349200509
138;273.05;0.0;0.360165082;292.7168702;-0.0386450087238831
139;272.9948958;0.0;0.490846488;292.7409541;-0.0140459510017689
140;272.95;0.0;0.612356072;292.8098356;0.0086069092716159
141;272.9505208;0.0;0.710961313;292.9087129;0.0269567650867352
142;272.95;0.0;0.778403563;293.0268961;0.0392258873020981
143;272.9;0.0;0.809425583;293.1538285;0.04419991432096
144;272.85;0.0;0.801930409;293.2852997;0.0417710063606632
145;273.0604167;0.0;0.75476695;293.4030945;0.0332436067728857
146;273.25;0.0;0.672948857;293.510676;0.0180198755396329
147;273.2;0.0;0.559366992;293.5772717;-0.004375224281511
148;273.15;0.0;0.427855678;293.5952974;-0.029938947431216
149;273.1;0.0;0.293365187;293.5670944;-0.0558203342823426
150;273.05;0.0;0.169647013;293.4925491;-0.0793846195040631
151;273.4275;0.0;0.070609562;293.383281;-0.095691509100422
152;273.85;0.0;0.006088672;293.2584202;-0.1050550178199266
153;273.8683333;0.0;0.0;293.0369995;-0.1049091610623651
154;273.85;0.0;0.044971181;292.8599126;-0.095425933822177
155;273.8083333;0.0;0.840851743;292.8022165;0.0571153161887687
156;273.75;0.0;1.0;292.9024831;0.0867326753752255
157;273.4358333;0.0;1.0;293.0609129;0.0841461781292142
158;273.25;0.0;1.0;293.2256781;0.082227369897021
159;273.5339583;0.0;1.0;293.4148533;0.0827461131105623
160;273.85;16.06534091;1.0;293.6198102;0.0882778643833517
161;274.0989583;65.0;1.0;293.8718536;0.1032587299033257
162;274.35;138.7085078;1.0;294.2247996;0.1252915814900438
163;274.65;220.0;1.0;294.6624486;0.1494528768016951
164;274.95;315.4042335;1.0;295.1518249;0.1776564178882291
165;275.0280449;398.0;0.974983727;295.6782453;0.195724914430419
166;275.05;403.8717103;0.79018912;296.144369;0.1596955834209006
167;275.382967;362.0;0.468572225;296.4594789;0.085353486789392
168;275.65;321.3877075;0.059973072;296.5756451;-0.0045363970910173
169;275.5903361;276.0;0.0;296.4957146;-0.0298241787290494
170;275.45;222.0756579;0.0;296.3202249;-0.0461587990682851
171;275.2793067;163.0;0.0;296.1251386;-0.0641311138329918
172;275.05;66.48684211;0.0;295.8374013;-0.0933911831962906
173;274.4064286;0.0;0.0;295.3673572;-0.1147181244417589
174;273.75;0.0;0.0;294.9595762;-0.1160789604458922
175;273.5757143;0.0;0.0;294.6280374;-0.1152183220152715
176;273.65;0.0;0.0;294.3452498;-0.113264077523249
177;273.9107143;0.0;0.0;294.1016287;-0.1105038748489465
178;274.15;0.0;0.0;293.8872609;-0.1080210517040579
179;274.2994048;0.0;0.0;293.7501581;-0.1064530097943923
180;274.45;0.0;0.0;293.5767881;-0.1046799642944709
181;274.6583333;0.0;0.0;293.4155045;-0.1026570693006883
182;274.85;0.0;0.0;293.2649549;-0.1007841364340881
183;274.8770833;0.0;0.0;293.1179969;-0.0998316170160598
184;274.85;0.0;0.016948824;293.068762;-0.0964637797947423
185;274.95625;0.0;0.043781958;293.0197742;-0.0904741965161384
186;275.05;0.0;0.085299085;292.9594836;-0.0816783986201596
187;274.58125;0.0;0.145468553;292.8968052;-0.0723751502051262
188;274.05;0.0;0.224560911;292.8400994;-0.0598219075366905
189;274.0642045;0.0;0.320366388;292.8280374;-0.0413263001541183
190;274.05;0.0;0.417558271;292.854996;-0.0229341610350007
191;273.85;0.0;0.504711527;292.9032848;-0.0075985424164607
192;273.65;0.0;0.57631164;292.9684019;0.0046657203935268
193;273.4482955;0.0;0.627535214;293.0519642;0.0129165122747332
194;273.35;0.0;0.652767857;293.1452564;0.0167013574832748
195;273.515;0.0;0.64952634;293.2468465;0.0164274735547031
196;273.75;0.0;0.615392867;293.3483599;0.0106196608357852
197;273.9225;0.0;0.550809219;293.4321535;-0.0012660622066499
198;274.05;0.0;0.461973479;293.4871131;-0.0178858284240966
199;274.05625;0.0;0.358091586;293.5057411;-0.0378524886053173
200;274.05;0.0;0.250437839;293.4826022;-0.0583814834487029
201;274.1;0.0;0.151814127;293.4216448;-0.0766659133423965
202;274.15;0.0;0.07336856;293.3265208;-0.0908981615264718
203;274.2;0.0;0.725168523;293.2876185;0.0344428087893394
204;274.25;0.0;1.0;293.3834604;0.0868367856705021
205;274.334375;0.0;1.0;293.5566594;0.0863506563162228
206;274.45;0.0;1.0;293.7535208;0.0859060535210774
207;274.596875;0.0;1.0;293.9570944;0.0855957448904533
208;274.75;0.0;1.0;294.1641452;0.0853006116569466
209;274.8125;0.0;1.0;294.3697295;0.0845175183672218
210;274.75;0.0;1.0;294.5617437;0.0831245747517468
211;274.5416667;0.0;1.0;294.7362395;0.0810293700415068
212;274.25;0.0;1.0;294.8948376;0.0785650930839418
213;273.8074405;0.0;1.0;295.0312171;0.0753965886005008
214;273.45;0.0;1.0;295.1451863;0.0728165866521305
215;273.6477679;0.0;0.995745664;295.2571317;0.0724713569852362
216;273.95;0.0;0.958008867;295.366884;0.0662961826443981
217;273.990625;0.0;0.887456045;295.4617083;0.0524849289994134
218;274.05;0.0;0.789202339;295.5334671;0.033596334682963
219;274.25625;0.0;0.670574284;295.5726351;0.0117871746878229
220;274.45;0.0;0.541825369;295.5712394;-0.0118070778658559
221;274.4375;0.0;0.415523347;295.509711;-0.0357323128196202
222;274.45;0.0;0.310686479;295.4136595;-0.0552200604159004
223;274.6;0.0;0.0;295.2372195;-0.1129464805644579
224;274.75;0.0;0.0;294.9837623;-0.1107383792842257
225;274.9;0.0;0.0;294.7260853;-0.1085071832475177
226;275.05;0.0;0.0;294.4830561;-0.1063561538949893
227;275.0388889;0.0;0.0;294.2545392;-0.105166302715459
228;274.95;0.0;0.0;294.0370116;-0.1044622694793255
229;275.0039683;0.0;0.0;293.8351845;-0.1030623139196835
230;275.05;0.0;0.0;293.6460686;-0.1017753627471582
231;274.8633929;0.0;0.0;293.4645272;-0.1018030870724531
232;274.65;0.0;0.0;293.2867148;-0.101997817387345
233;274.7208333;0.0;0.0;293.1256553;-0.1007286795740732
234;274.75;0.0;0.015356393;293.0630172;-0.0972846691984535
235;274.5708333;0.0;0.044583142;292.9887172;-0.0922601201969386
236;274.35;0.0;0.096682971;292.894225;-0.0829716863200317
237;274.1;0.0;0.178140069;292.8259384;-0.0683628215084762
238;273.85;0.0;0.278772867;292.7947998;-0.0502840978771519
239;273.61875;0.0;0.386889868;292.7955891;-0.0308438727035499
240;273.45;0.0;0.493173656;292.8287782;-0.0115900685651237
241;273.4458333;0.0;0.587880754;292.8893616;0.0061970113859263
242;273.55;0.0;0.663043087;292.975244;0.0206946709060143
243;273.6778846;0.0;0.711175767;293.0872475;0.0300015594898774
244;273.85;0.0;0.72440135;293.216019;0.0327721821419815
245;274.2658654;0.0;0.698157065;293.348643;0.0292951697654512
246;274.65;0.0;0.631932973;293.4749095;0.0180210279240877
247;274.50625;0.0;0.528146796;293.5624376;-0.0031253269540621
248;274.35;0.0;0.400039112;293.5972497;-0.0287104457827632
249;274.45;0.0;0.264123602;293.5881896;-0.0541486252495667
250;274.55;0.0;0.13311973;293.5286074;-0.0783694594585718
251;274.65;0.0;0.02251663;293.4237036;-0.0984344162660468
252;274.75;0.0;0.0;293.2740249;-0.1013810711439778
253;274.7666667;0.0;0.0;293.0884145;-0.1002740185905183
254;274.75;0.0;0.027756182;292.9325482;-0.0941953987263348
255;274.795;0.0;0.100785032;292.8222509;-0.0793565494798505
256;274.85;0.0;0.204624617;292.7591428;-0.0588193379317062
257;274.9462879;0.0;0.325037197;292.7555956;-0.0352075222694354
258;275.05;0.0;0.443535892;292.8010344;-0.0121897832054851
259;274.4756993;0.0;0.545953627;292.8657337;0.0039314531832866
260;273.85;0.0;0.627998551;292.9344776;0.0158467731757563
261;274.3;0.0;0.689218086;293.0581993;0.0293592800990385
262;274.75;0.0;0.710572194;293.2224898;0.0350134032010192
263;274.5663462;0.0;0.68061073;293.3674496;0.0274757009207692
264;274.45;0.0;0.608127875;293.4858365;0.012306690599879
265;274.55;0.0;0.50145759;293.5895316;-0.0081465740971819
266;274.65;0.0;0.364413361;293.6632722;-0.034254127507706
267;274.75;0.0;0.206744674;293.6922481;-0.0640673682441897
268;274.85;0.0;0.042621456;293.6506323;-0.0947306506024621
269;274.6788462;0.0;0.0;293.4600358;-0.1027885208147253
270;274.45;0.0;0.0;293.2209165;-0.1027322966470516
271;274.6661538;0.0;0.0;293.0004271;-0.1003425700318745
272;274.85;0.0;0.055896336;292.8495012;-0.0878032531217709
273;274.6925;0.0;0.15359228;292.7417394;-0.0693614905690115
274;274.55;0.0;0.281458553;292.6752537;-0.0452843107201963
275;274.5;0.0;0.427206715;292.6619097;-0.0175663905836793
276;274.45;0.0;0.57430102;292.7040539;0.0101057034711639
277;274.4259615;0.0;0.70597764;292.7979357;0.0346834182735251
278;274.35;0.0;0.806902851;292.9268382;0.0528947616475332
279;274.1615385;0.0;0.867406256;293.0761167;0.0626359522496016
280;273.95;0.0;0.882107332;293.2206211;0.0635033862239267
281;273.75;0.0;0.853695797;293.362723;0.0561887571093625
282;273.55;0.0;0.782773788;293.4887731;0.0408189585194136
283;273.5333333;0.0;0.674839354;293.5847391;0.019527331860015
284;273.55;0.0;0.539619329;293.6401598;-0.0065866044337465
285;273.3866667;0.0;0.389800362;293.6353003;-0.0361522363022995
286;273.15;0.0;0.244453252;293.5732761;-0.0649497598469325
287;272.8514286;0.0;0.120571616;293.4573598;-0.0896793542794093
288;272.55;0.0;0.034159481;293.297721;-0.1070078896138724
289;272.2754464;0.0;0.0;293.0904609;-0.1139195437967387
290;272.05;0.0;0.028224727;292.8834035;-0.1086136472125167
291;272.040625;0.0;0.118556554;292.7151579;-0.0904407996965798
292;272.05;0.0;0.257421446;292.5926242;-0.0631188461597399
293;271.9;0.0;0.430760871;292.5233152;-0.0303567308260654
294;271.75;0.0;0.622231776;292.5166147;0.0055358755188357
295;271.6;0.0;0.812582405;292.5681766;0.040895022105247
296;271.45;0.0;0.984551315;292.6598077;0.0725137936139424
297;271.4335938;0.0;1.0;292.7260487;0.0750207156648978
298;271.45;0.0;1.0;292.8529509;0.0744159765276099
299;270.9451563;0.0;1.0;292.966275;0.0710327747640064
300;270.55;0.0;1.0;293.0561316;0.0683783231755372
301;270.7263636;0.0;1.0;293.1527058;0.0688150066113243
302;270.95;14.09141791;0.994359552;293.2620213;0.0726790444171525
303;271.1873864;42.0;0.955287395;293.4043785;0.0742683033251456
304;271.45;128.8009231;0.871855978;293.605473;0.0852266344616366
305;272.1575;211.0;0.725159355;293.9096503;0.0845265849938265
306;272.85;121.379448;0.482055403;294.1391936;0.0130255925727684
307;272.8638889;20.0;0.173820143;294.0977458;-0.0767863266815092
308;272.85;37.02034584;0.0;293.9533546;-0.1041514257745318
309;273.1277778;48.0;0.0;293.7927885;-0.098387289510324
310;273.35;19.70786517;0.0;293.5940898;-0.1047547316419726
311;273.4037879;0.0;0.0;293.359648;-0.1092174343027022
312;273.45;0.0;0.0;293.1364412;-0.1077429180020665
313;273.6295455;0.0;0.015227976;293.0024757;-0.1031101192665369
314;273.65;0.0;0.066183557;292.9052485;-0.0927053451297311
315;273.4;0.0;0.144470373;292.8074669;-0.0785423335183192
316;273.15;0.0;0.252119391;292.7160323;-0.0587896330003591
317;272.875;0.0;0.386881418;292.6122761;-0.0339127352821413
318;272.65;0.0;0.553386388;292.5696838;-0.0030164725958424
319;272.575;0.0;0.729610851;292.5969733;0.0301800736713864
320;272.55;0.0;0.894154377;292.6853;0.0610786922439536
321;272.5;0.0;1.0;292.8162993;0.0803631669337465
322;272.45;0.0;1.0;292.9663481;0.0792683097558625
323;272.4;0.0;1.0;293.1765963;0.0778439842422806
324;272.35;0.0;0.981508717;293.3362585;0.0731544477300392
325;272.3;0.0;0.917648038;293.4695846;0.0599183913575544
326;272.25;0.0;0.815106359;293.5694119;0.0394562003329744
327;272.2333333;0.0;0.684291427;293.6342569;0.0139520632202402
328;272.25;0.0;0.535772097;293.6562928;-0.0145266850393615
329;272.3041667;0.0;0.382782473;293.62993;-0.0433916133874936
330;272.35;0.0;0.240121606;293.5566021;-0.0700666052054326
331;272.3;0.0;0.121807385;293.4351052;-0.0923387817923693
332;272.25;0.0;0.042350663;293.276209;-0.1069629929760153
333;272.25;0.0;0.012432762;293.0992678;-0.1117254742311599
334;272.25;0.0;0.036499477;292.9225427;-0.1061482086212105
335;272.25;0.0;0.113572924;292.7664566;-0.0905302865417959
336;272.25;0.0;0.236440233;292.6501013;-0.0663578452829735
337;272.2875;0.0;0.392227611;292.5822862;-0.0359398797209669
338;272.35;0.0;0.56593249;292.572155;-0.0022686356700641
339;272.4;0.0;0.739792549;292.6216805;0.0310374235702461
340;272.45;0.0;0.895812115;292.7251883;0.0606306356339426
341;272.5625;0.0;1.0;292.8699284;0.080411716930244
342;272.65;0.0;1.0;293.0365126;0.0799788930191421
343;272.4785714;0.0;1.0;293.1986341;0.0781533898360743
344;272.25;0.0;0.977303697;293.3412629;0.0717742785283017
345;272.1401786;0.0;0.9127934;293.4022065;0.0584825319839228
346;272.05;0.0;0.834084255;293.4781311;0.0424964635162176
347;271.98125;0.0;1.0;293.5496172;0.0735106613075534
348;271.95;0.0;1.0;293.6350194;0.0728722295924622
349;271.975;0.0;1.0;293.7279283;0.072500567544966
350;272.05;0.0;1.0;293.8326891;0.072337688160038
351;272.15;0.0;1.0;293.9385927;0.0723053780495278
352;272.25;0.0;1.0;294.0322802;0.0723399260494929
353;272.35;0.0;1.0;294.1331424;0.072335207271581
354;272.45;0.0;1.0;294.2414203;0.0722899027347237
355;272.43;0.0;1.0;294.3491763;0.0715907004719872
356;272.35;0.0;1.0;294.453462;0.0705821139599644
357;272.3366667;0.0;1.0;294.5565725;0.0699448228077549
358;272.35;0.0;1.0;294.6589057;0.0694577307614846
359;272.45;0.0;1.0;294.752833;0.0694909663479219
360;272.55;0.0;1.0;294.8372738;0.0695761210791783
361;272.5520833;0.0;1.0;294.9176928;0.0691473936715178
362;272.55;0.0;1.0;294.9923496;0.0687273989036585
363;272.61875;0.0;1.0;295.0666659;0.0686969348193488
364;272.65;0.0;1.0;295.1375816;0.0684798464071174
365;272.6;0.0;1.0;295.1801982;0.0679729603408116
366;272.55;0.0;0.988809708;295.2263178;0.065303365536174
367;272.5;0.0;0.263608386;295.1954938;-0.0737162663203384
368;272.45;0.0;0.0;294.9915917;-0.1233690153286398
369;272.3875;0.0;0.0;294.6937063;-0.1220807626884883
370;272.35;0.0;0.0;294.385603;-0.1205997642252927
371;272.35;0.0;0.0;294.1535521;-0.1193297611385487
372;272.35;0.0;0.0;293.8977775;-0.1179299194162769
373;272.35;0.0;0.0;293.6543105;-0.1165974365794496
374;272.35;0.0;0.0;293.4237178;-0.1153354141491094
375;272.4125;0.0;0.0;293.2070552;-0.1138075710607891
376;272.45;0.0;0.0;293.0014862;-0.1124772664582567
377;272.4;0.0;0.054832589;292.9097689;-0.1017455881725163
378;272.35;0.0;0.131487801;292.8346253;-0.0869244221932521
379;272.3;0.0;0.229857378;292.7672209;-0.067986154912958
380;272.25;0.0;0.348061318;292.7294158;-0.0454105461019458
381;272.24375;0.0;0.476126838;292.7293114;-0.0209128119034483
382;272.25;0.0;0.602338638;292.769261;0.0030790344949124
383;272.2;0.0;0.714562844;292.845656;0.0238841942284451
384;272.15;0.0;0.80204629;292.9545573;0.0397722751821398
385;272.15;0.0;0.855234045;293.0828558;0.0492583920854566
386;272.15;0.0;0.868962387;293.2164121;0.0511571538304083
387;272.09375;0.0;0.842360933;293.3436136;0.0450575374295082
388;272.05;0.0;0.777916787;293.4521902;0.0318793747756089
389;272.05;0.0;0.681830894;293.533621;0.0130281413093926
390;272.05;0.0;0.562673039;293.5789622;-0.0100450852630955
391;272.05;0.0;0.431717322;293.5823752;-0.0351487598841485
392;272.05;0.0;0.301834115;293.5416887;-0.0598056373305574
393;272.00625;0.0;0.186361841;293.3995888;-0.081386464545132
394;271.95;0.0;0.118590181;293.2687119;-0.093959918108242
395;271.99375;0.0;0.789520458;293.1951062;0.0352012504049982
396;272.05;0.0;1.0;293.2423939;0.0755683445638276
397;272.0;0.0;1.0;293.3529751;0.0746894916066832
398;271.85;0.0;1.0;293.4787224;0.0731803402861698
399;271.5583333;0.0;1.0;293.5978704;0.0709319717727107
400;271.25;0.0;1.0;293.705109;0.0686575673391828
401;271.0322917;0.0;1.0;293.8119807;0.0668811570693006
402;270.95;0.0;1.0;293.92445;0.0658152397590151
403;271.0239583;0.0;1.0;294.0587082;0.0654852213917931
404;271.15;0.0;1.0;294.1989778;0.0654073527995234
405;271.3020833;0.0;1.0;294.3355555;0.0654922141806336
406;271.45;0.0;1.0;294.4635261;0.065601378198392
407;271.5666667;0.0;1.0;294.5894878;0.0655505071235924
408;271.65;0.0;1.0;294.7164538;0.0653117075167689
409;271.6616667;0.0;1.0;294.8361329;0.064720560999317
410;271.65;0.0;1.0;294.9434845;0.0640691797360722
411;271.7522222;0.0;1.0;295.0497458;0.0640470739417504
412;271.85;0.0;1.0;295.1417602;0.0640786167446015
413;271.5402778;0.0;0.997871213;295.1432004;0.061967864230328
414;271.25;0.0;0.999839083;295.1337466;0.0608078803098566
415;271.3;0.0;0.305187782;295.077127;-0.0716713221225415
416;271.35;0.0;0.0;294.8709154;-0.1287288054519342
417;271.4;0.0;0.0;294.5713443;-0.1268156201290743
418;271.45;0.0;0.0;294.2639122;-0.1248594119424158
419;271.3625;0.0;0.0;294.0237093;-0.1240236765311125
420;271.25;0.0;0.0;293.7497165;-0.1231398344323016
421;271.3625;0.0;0.0;293.4989103;-0.1211514775871729
422;271.45;0.0;0.0;293.270953;-0.1194249954027217
423;271.4;0.0;0.0;293.0532049;-0.118506918356714
424;271.35;0.0;0.039925923;292.9387285;-0.1105061012178409
425;271.3;0.0;0.109031203;292.8415409;-0.0970105036592145
426;271.25;0.0;0.206428323;292.7540273;-0.0781484570384333
427;271.0275;0.0;0.329595817;292.6870865;-0.0554066889579942
428;270.85;0.0;0.471816923;292.6565776;-0.02896824646119
429;271.0322222;0.0;0.621369097;292.6806506;0.0005445038168356
430;271.25;0.0;0.760970263;292.7545739;0.0280728718158372
431;271.3402778;0.0;0.875901914;292.8648083;0.0499791835780838
432;271.45;0.0;0.955947689;293.0049341;0.0651458159019858
433;271.6;0.0;0.992461188;293.1596025;0.072114546007811
434;271.75;0.0;0.981847002;293.3158812;0.0700470009873203
435;271.9;0.0;0.924268715;293.46308;0.0590330228254872
436;272.05;0.0;0.822984766;293.5872819;0.0397729432104766
437;272.3041667;0.0;0.685590113;293.6782465;0.0143477455548695
438;272.65;0.0;0.522567948;293.7295729;-0.0152678610833815
439;273.0833333;0.0;0.346129749;293.7317667;-0.0467055694112418
440;273.45;0.0;0.171490041;293.6776813;-0.0778556206380586
441;273.565625;0.0;0.015889921;293.5028816;-0.1060718519862432
442;273.65;0.0;0.0;293.312297;-0.1076107779908581
443;273.7885417;0.0;0.66084014;293.1942987;0.0203793405970332
444;273.95;0.0;1.0;293.2376517;0.0859929043196902
445;274.175;0.0;1.0;293.3818699;0.086435019111543
446;274.45;0.0;1.0;293.5630126;0.0869486954675213
447;274.7958333;0.0;1.0;293.7583052;0.0877725972652762
448;275.15;0.0;1.0;293.9630426;0.0885904164258567
449;275.3675;0.0;1.0;294.169427;0.088651251554318
450;275.45;0.0;1.0;294.3705443;0.0880020649442196
451;275.2807143;0.0;1.0;294.5558794;0.0860612428632726
452;275.15;0.0;1.0;294.7253857;0.0844181503835442
453;275.2799107;0.0;1.0;294.8885561;0.0842361216921487
454;275.45;0.0;1.0;295.0405595;0.0843351049274068
455;275.621875;0.0;1.0;295.1929478;0.0844417546717104
456;275.85;0.0;0.979496236;295.3453776;0.0809284677708892
457;276.15;0.0;0.913261461;295.4847009;0.0691203558457677
458;276.45;0.0;0.805885029;295.5980952;0.0495733332402931
459;276.75;0.0;0.665786769;295.6795821;0.0239329651953186
460;277.05;0.0;0.502837793;295.7149123;-0.0058319188219143
461;277.35;0.0;0.331597596;295.6713863;-0.0367534372318252
462;277.65;0.0;0.17735802;295.5720978;-0.0641132457442337
463;277.91;0.0;0.0;295.3815968;-0.0956211842589186
464;278.15;0.0;0.0;295.1253088;-0.0929050246063856
465;278.415;0.0;0.0;294.8763657;-0.0900922394656648
466;278.75;0.0;0.0;294.6498478;-0.0870190797999963
467;279.2204545;0.0;0.0;294.5121032;-0.0836904362379376
468;279.75;0.0;0.0;294.3518577;-0.0799152442468343
469;280.3357955;0.0;0.0;294.2099766;-0.0759327062426661
470;280.85;0.0;0.0;294.0845385;-0.0724319739618906
471;281.0882813;0.0;0.0;293.9626235;-0.0704606374454894
472;281.25;0.0;0.0;293.8433373;-0.0689227115404821
473;281.5210938;0.0;0.0;293.7349759;-0.0668459720178986
474;281.75;0.0;0.0;293.6340552;-0.0650408457240931
475;281.6650568;0.0;0.0;293.5280085;-0.064925347313438
476;281.35;0.0;0.0;293.4094237;-0.066000628842011
477;280.9984848;0.0;0.0;293.2865808;-0.0672521410182314
478;280.65;0.0;0.0;293.1636412;-0.068486538730976
479;280.3583333;0.0;0.002054624;293.0448012;-0.0690388407634107
480;280.15;0.0;0.039556278;293.0277382;-0.0629020892988494
481;280.1928571;0.0;0.077087975;293.0258324;-0.0554677849820048
482;280.25;0.0;0.114433531;293.0253072;-0.0479985070612006
483;280.1015873;0.0;0.151867624;293.0281353;-0.0416556176553002
484;279.95;0.0;0.188285616;293.0404616;-0.0355767233226502
485;279.8274306;0.0;0.220530837;293.0647915;-0.0302040184865321
486;279.75;0.0;0.244876885;293.1016433;-0.0261659153673881
487;279.8648438;0.0;0.257541314;293.1514285;-0.023383940119354
488;280.05;0.0;0.254623488;293.2098825;-0.0232494243550674
489;280.1015625;0.0;0.233736033;293.1996112;-0.0269120712764233
490;280.05;0.0;0.219366256;293.2247866;-0.0300846317361074
491;279.5065717;0.0;0.895671514;293.3210039;0.0959631013130702
492;278.95;0.0;1.0;293.5367058;0.1117209484842116
493;278.9462185;0.0;1.0;293.8143774;0.110180569602795
494;279.15;0.0;1.0;294.1191471;0.1096278661841711
495;279.5964286;0.0;1.0;294.436918;0.1103320034063645
496;279.95;0.0;1.0;294.75265;0.1105390965691166
497;279.95;0.0;1.0;295.05029;0.1089101275854216
498;279.95;0.0;1.0;295.3323717;0.1073663084073275
499;280.05;0.0;0.931184398;295.6033782;0.0932485449066533
500;280.15;0.0;0.7816206;295.8383359;0.0638604939447274
501;280.25;0.0;0.563371934;296.0076048;0.0216751436649502
502;280.35;52.90398551;0.297627051;296.1227689;-0.0130978592359321
503;280.625;145.0;3.82e-05;296.2186982;-0.040895862887266
504;280.85;231.8682748;0.0;296.2366459;-0.0131461502784635
505;280.85;318.0;0.0;296.2313861;0.0132807377318342
506;280.85;340.5446949;0.0;296.2170477;0.0202688270284943
507;280.85;291.0;0.0;296.1572048;0.0054116271738561
508;280.85;128.6830448;0.0;296.0132579;-0.0435483074966284
509;280.6338235;0.0;0.0;295.6502789;-0.0821843169319952
510;280.25;0.0;0.0;295.3170854;-0.0824614124152787
511;279.7745098;0.0;0.0;295.0422196;-0.0835594198234646
512;279.45;0.0;0.0;294.7987991;-0.0840032175475928
513;279.5578829;0.0;0.0;294.5942513;-0.0822932997950928
514;279.75;0.0;0.0;294.4182232;-0.0802784593425454
515;279.8680695;0.0;0.0;294.3227371;-0.0791096801169897
516;279.95;0.0;0.0;294.1874978;-0.0779211205537751
517;278.7587698;0.0;0.0;294.025298;-0.0835529529851663
518;277.55;0.0;0.0;293.8240958;-0.0890673205747911
519;278.035603;0.0;0.0;293.6871148;-0.085659949167236
520;278.55;0.0;0.0;293.5879508;-0.0823019601919471
521;278.6296748;0.0;0.0;293.4802694;-0.0812765689854464
522;278.55;0.0;0.0;293.3658995;-0.081086684420918
523;278.1805556;0.0;0.0;293.2416422;-0.0824285812798823
524;277.85;0.0;0.0;293.1139393;-0.0835387840636438
525;277.7517361;0.0;0.017203352;293.1000332;-0.080705111845216
526;277.65;0.0;0.03288869;293.075971;-0.0781256395142647
527;277.421875;0.0;0.05630051;293.0238348;-0.0746042068928526
528;277.25;0.0;0.096756892;292.9729229;-0.0675166798017479
529;277.2;0.0;0.152425614;292.9428947;-0.0569624588981419
530;277.15;0.0;0.2160586;292.9375254;-0.0450176141438556
531;277.1;0.0;0.28006944;292.9553832;-0.0331275109896846
532;277.05;0.0;0.337561608;292.9931992;-0.0225953109949384
533;277.10625;0.0;0.382711041;293.054315;-0.0139734198770993
534;277.15;0.0;0.408360765;293.1325031;-0.0092486094601045
535;276.9633929;0.0;0.409700426;293.2072245;-0.0104222309606999
536;276.75;0.0;0.388796997;293.2682409;-0.0159281795926812
537;276.6511905;0.0;0.350273892;293.3150806;-0.0241045370759558
538;276.55;0.0;0.29840773;293.3412877;-0.0347369106179617
539;276.35;0.0;0.939711073;293.4239417;0.0865598886090388
540;276.15;0.0;1.0;293.6125949;0.0959813498266169
541;276.1033333;0.0;1.0;293.8407916;0.094477036047041
542;276.15;37.45;1.0;294.1006336;0.1047882099511374
543;276.2675;107.0;1.0;294.4313959;0.1249370835084677
544;276.55;225.2329502;1.0;294.8528124;0.1604134530114363
545;277.2694444;321.0;1.0;295.4135457;0.1906332570404035
546;278.05;236.2469141;0.892899621;295.8900048;0.1458065658144189
547;278.5263889;107.0;0.647075223;296.1496431;0.0602920946787595
548;278.75;58.23025659;0.334200395;296.2458946;-0.0138902739428448
549;278.75;47.0;0.000619446;296.1801433;-0.0808708487123242
550;278.75;250.0356522;0.0;296.1152378;-0.0184068529921714
551;278.75;443.0;0.0;296.2790125;0.0398375382011943
552;278.75;217.8042269;0.0;296.2509272;-0.029027930073206
553;278.88125;0.0;0.0;295.8828557;-0.0930489462381125
554;279.05;0.0;0.0;295.5841433;-0.0904905476672094
555;279.11875;0.0;0.0;295.3618441;-0.0888976498056008
556;279.15;0.0;0.0;295.1646298;-0.0876472760030824
557;279.15;0.0;0.005471761;294.9281266;-0.0853047720023556
558;279.15;0.0;0.083858945;294.8077449;-0.0696306077218953
559;279.15;0.0;0.0;294.6944496;-0.0850740030473388
560;279.15;0.0;0.0;294.5412922;-0.0842357801800382
561;279.0;0.0;0.0;294.3788991;-0.0841679533573268
562;278.85;0.0;0.0;294.2131309;-0.0840816547794181
563;278.85;0.0;0.0;294.0603856;-0.0832456873150142
564;278.85;0.0;0.0;293.9183786;-0.0824684900348515
565;278.85;0.0;0.0;293.7850082;-0.0817385604388866
566;278.85;0.0;0.0;293.6602059;-0.0810555236300108
567;278.9;0.0;0.0;293.5421165;-0.0801355786660013
568;278.95;0.0;0.0;293.427549;-0.0792349088863203
569;278.9175;0.0;0.0;293.3124578;-0.0787828913378517
570;278.85;0.0;0.0;293.1967903;-0.0785192729951485
571;278.745;0.0;0.0;293.0845508;-0.0784796515700799
572;278.65;0.0;0.025246743;293.0325345;-0.0738788031259305
573;278.6875;0.0;0.063087197;293.001839;-0.0662571099373457
574;278.75;0.0;0.109070272;292.9825789;-0.0570014327089792
575;278.7275;0.0;0.160259618;292.9781253;-0.0472947132940154
576;278.65;0.0;0.21204472;292.9917226;-0.0378736788297519
577;278.4638462;0.0;0.258848089;293.0219828;-0.0300927636922275
578;278.25;0.0;0.295740244;293.0653657;-0.0244337529991767
579;278.1242788;0.0;0.318961387;293.1205017;-0.0209754896922448
580;278.15;0.0;0.32505408;293.1851059;-0.0200212191763429
581;278.4737981;0.0;0.311292113;293.2549864;-0.0212676904641499
582;279.05;0.0;0.276302179;293.3280246;-0.0252163366203872
583;279.7489698;0.0;0.219242895;293.3973736;-0.03270034542527
584;280.45;0.0;0.141563358;293.4483888;-0.044022614614529
585;281.1366071;0.0;0.049495948;293.4665133;-0.0579998556235659
586;281.55;0.0;0.0;293.4260589;-0.0649970823700939
587;281.65;0.0;0.0;293.3325419;-0.0639379734102175
588;281.75;0.0;0.0;293.2220222;-0.0627858095150529
589;281.875;0.0;0.0;293.11255;-0.0615025547732884
590;281.95;0.0;0.016708619;293.0466317;-0.0575307253356012
591;281.875;0.0;0.051015033;293.0067341;-0.0511513333475631
592;281.75;0.0;0.095989686;292.9863275;-0.04310872612699
593;281.65;0.0;0.146111749;292.993567;-0.0340945976779365
594;281.55;0.0;0.192679681;293.0278271;-0.0259091570397468
595;281.8134615;0.0;0.227618551;293.0958859;-0.0181470730387132
596;282.25;0.0;0.240449855;293.1983265;-0.0138606935705967
597;282.4915385;0.0;0.220829875;293.300443;-0.0168559151375242
598;282.65;0.0;0.170591137;293.3859519;-0.026080043570159
599;282.6557143;0.0;0.095530117;293.4346589;-0.0406935241039684
600;282.65;0.0;0.007697104;293.4358973;-0.0575562764890806
601;282.7580357;0.0;0.0;293.3810345;-0.0581391464824252
602;282.85;0.0;0.0;293.2927444;-0.0571526230757105
603;282.8294643;0.0;0.0;293.1965897;-0.0567387640326451
604;282.75;0.0;0.0;293.0999888;-0.0566449762692867
605;282.5809524;0.0;0.019833404;293.0121017;-0.0532900103329306
606;282.45;0.0;0.065597233;292.9517666;-0.0449102843580885
607;282.4803922;0.0;0.128084;292.9304929;-0.0326579750739943
608;282.55;0.0;0.194999812;292.9502749;-0.0195673385260687
609;282.6520483;0.0;0.253928256;293.0075454;-0.0080343358684041
610;282.75;0.0;0.293801126;293.0960264;-0.0003447246777528
611;282.2;0.0;0.305569137;293.1848648;-0.0015868546570431
612;281.65;0.0;0.290667773;293.2541997;-0.007830848860094
613;281.7508929;0.0;0.255941102;293.3307948;-0.0143498754903762
614;281.85;0.0;0.197872923;293.3909983;-0.025260107417599
615;281.9;0.0;0.122563261;293.4170162;-0.0395546663744111
616;281.95;0.0;0.041157501;293.4014246;-0.0547892260864901
617;282.0;0.0;0.0;293.328859;-0.0620022844095344
618;282.05;0.0;0.0;293.2147965;-0.0611043784698504
619;282.1964286;0.0;0.0;293.09656;-0.0596558794812519
620;282.45;0.0;0.021943837;293.0263252;-0.0536802905096848
621;282.8085714;0.0;0.062558018;292.995263;-0.0437680660453774
622;283.15;0.0;0.110532221;292.9931642;-0.0326983422706617
623;283.3266667;0.0;0.157687902;293.0150278;-0.0228182878093312
624;283.45;0.0;0.197086367;293.0607295;-0.0148465092153539
625;283.5527083;0.0;0.221582421;293.1244654;-0.0099409160241423
626;283.55;0.0;0.226056023;293.1944854;-0.0094820213302772
627;283.078125;0.0;0.209209394;293.2491896;-0.0155909900457977
628;282.55;0.0;0.17671732;293.273729;-0.0248396578749189
629;282.35;0.0;0.138371658;293.2876899;-0.0333558921237672
630;282.15;0.0;0.096366635;293.2812421;-0.0424613931231282
631;281.95;0.0;0.057316408;293.2477098;-0.050852661167446
632;281.75;0.0;0.029680096;293.1894647;-0.0569223045718837
633;281.390625;0.0;0.020752928;293.0478719;-0.0598242439666194
634;281.05;0.0;0.058471011;292.9544051;-0.0539519065296675
635;280.9265625;0.0;0.121822806;292.8904158;-0.042142020273998
636;280.85;0.0;0.202897541;292.8633322;-0.026882685472819
637;280.8;0.0;0.290252044;292.8816439;-0.0105235115763846
638;280.75;0.0;0.369843305;292.9457945;0.0040977139212159
639;280.5171875;0.0;0.427897435;293.0438944;0.0134071050116901
640;280.35;0.0;0.45482412;293.1664233;0.0169793959832921
641;280.4890625;0.0;0.443770701;293.313787;0.014816645404254
642;280.65;0.0;0.387266421;293.4638415;0.0040526280834601
643;280.7453125;0.0;0.285611238;293.5881319;-0.015578348953134
644;280.85;0.0;0.147957155;293.6584098;-0.0417581162487521
645;280.9958333;0.0;0.0;293.6332763;-0.0691640998528868
646;281.15;23.5;0.0;293.5543485;-0.0606859823508294
647;281.3229167;47.0;0.0;293.5072188;-0.0522792764540533
648;281.35;23.5;0.0;293.4353327;-0.0589400246720607
649;281.2;-8.88e-16;0.0;293.2952387;-0.0661966425637929
650;281.05;0.0;0.0;293.157926;-0.0662660795285379
651;280.9;0.0;0.004487827;293.0420724;-0.0655933031609573
652;280.75;0.0;0.042658796;292.9937774;-0.0588381557689276
653;280.1006579;0.0;0.091940332;292.9018148;-0.0524486269461813
654;279.35;0.0;0.170994011;292.7973655;-0.0408423041285748
655;279.2296992;0.0;0.282006834;292.7653726;-0.0200607399538518
656;279.15;0.0;0.39899471;292.8035277;0.0017036591599675
657;278.5840659;0.0;0.50102866;292.8754767;0.0177574930165152
658;278.15;0.0;0.579788183;292.9714794;0.0299430977611251
659;278.4355769;0.0;0.628544229;293.1754602;0.0397290490803255
660;278.75;0.0;0.610707138;293.3584007;0.037031893783166
661;278.8;0.0;0.539039911;293.5221249;0.0226813953889298
662;278.85;0.0;0.419216243;293.6468062;-0.0006799467536646
663;278.9;0.0;0.263940328;293.7105897;-0.030498991991979
664;278.95;0.0;0.092574249;293.6980202;-0.0629822845244662
665;278.9675;0.0;0.0;293.5916702;-0.0800373594546316
666;278.95;0.0;0.0;293.4242479;-0.0792168421294594
667;278.82;0.0;0.0;293.2446952;-0.0789456426557384
668;278.75;0.0;0.0;293.0672462;-0.0783575795985919
669;278.85;0.0;0.033698593;292.9596907;-0.070766563036349
670;278.95;0.0;0.096169163;292.8912796;-0.0578784156410359
671;279.05;0.0;0.177205821;292.8544866;-0.0416069177273242
672;279.15;0.0;0.267699485;292.8585421;-0.0237474612350919
673;279.2225;0.0;0.354934074;292.9039471;-0.0068891011116654
674;279.25;0.0;0.4264797;292.9852568;0.006521199473721
675;279.1581818;0.0;0.471837179;293.0907351;0.0141297787888141
676;278.95;0.0;0.484342745;293.2030756;0.0147710581347747
677;278.6048951;0.0;0.46280304;293.3061179;0.0081923698313456
678;278.25;0.0;0.41081556;293.384354;-0.004136507425699
679;278.1402043;0.0;0.336597541;293.4360327;-0.0192369528417748
680;278.25;0.0;0.248203792;293.4580291;-0.0356885430349041
681;278.7210938;0.0;0.154695242;293.3914936;-0.0506579927516242
682;279.15;0.0;0.085573933;293.3479808;-0.0613128795217518
683;279.20625;0.0;0.728355346;293.3686564;0.0620086971203523
684;279.15;0.0;1.0;293.5448761;0.1127708229347272
685;278.986875;0.0;1.0;293.8048983;0.1104549592593566
686;278.85;0.0;1.0;294.0864444;0.1081649612952942
687;278.82;0.0;1.0;294.3608326;0.1064990597471059
688;278.85;0.0;1.0;294.628487;0.105198388982294
689;278.965;0.0;1.0;294.8961978;0.1043626103346818
690;279.05;0.0;1.0;295.1618134;0.1033741100982503
691;279.05;0.0;0.983175187;295.4170904;0.0987541438170984
692;279.05;0.0;0.890284218;295.6462225;0.0797065465791869
693;279.05;0.0;0.729960851;295.8339326;0.047968753748971
694;279.05;0.0;0.515395553;295.9573442;0.0061926443271772
695;278.985;0.0;0.267021716;295.9875034;-0.0419049772106339
696;278.85;13.29545455;0.014262752;295.9259775;-0.0866490422621234
697;278.5455556;26.0;0.0;295.7875333;-0.086395874380462
698;278.25;15.37762238;0.0;295.5794938;-0.0901304474833185
699;278.3444444;4.0;0.0;295.3758727;-0.0919862229417328
700;278.45;1.326923077;0.0;295.1764376;-0.0911362825295101
701;278.328125;0.0;0.002040489;294.8732014;-0.0901595216477085
702;278.15;0.0;0.10024189;294.6678973;-0.0711999725805181
703;277.884375;0.0;0.0;294.4858742;-0.0908591831730855
704;277.65;0.0;0.0;294.2690552;-0.0909552662918792
705;277.545;0.0;0.0;294.0610666;-0.0903916147830959
706;277.45;0.0;0.0;293.8691593;-0.0898612459281247
707;277.28;0.0;0.0;293.7525004;-0.0901531791274803
708;277.15;0.0;0.0;293.5936603;-0.0899953386880682
709;277.1;0.0;0.0;293.4416136;-0.0894368421513509
710;277.05;0.0;0.0;293.2943451;-0.088904496466663
711;277.0;0.0;0.0;293.1566924;-0.088424777579292
712;276.95;0.0;0.00487492;293.0289406;-0.0870654389744129
713;276.9678571;0.0;0.047580329;292.9638012;-0.0784308426209301
714;277.05;0.0;0.106696936;292.9264096;-0.0664526570080035
715;277.2071429;0.0;0.175643627;292.9096768;-0.0522940799915497
716;277.35;0.0;0.248577235;292.9230281;-0.0376146302638836
717;277.3008929;0.0;0.316001238;292.9626942;-0.025185193534475
718;277.15;0.0;0.370209674;293.0245229;-0.0159656052973784
719;276.8758929;0.0;0.404761366;293.0929831;-0.0112219696820436
720;276.65;0.0;0.418443414;293.1615314;-0.0102125907962487
721;276.8266234;0.0;0.411556581;293.235962;-0.010972490022811
722;277.05;0.0;0.382046458;293.3119442;-0.0158185682433143
723;277.0757576;0.0;0.329664102;293.3692343;-0.0260251554865236
724;277.05;0.0;0.261029303;293.4015754;-0.0394903467825618
725;276.9666667;0.0;0.183939636;293.4001248;-0.0547052643216168
726;276.85;0.0;0.108974727;293.3606412;-0.0694874568457851
727;276.6555556;0.0;0.04775655;293.2828984;-0.081852700736878
728;276.45;0.0;0.011774152;293.1757834;-0.0892840071629976
729;276.4694444;0.0;0.00939488;292.9973343;-0.0886567031603004
730;276.45;0.0;0.064117055;292.8745814;-0.0776090894488083
731;276.1188725;0.0;0.852880272;292.8575268;0.071762176329708
732;275.75;0.0;1.0;292.9986727;0.097152135435822
733;275.4227941;0.0;1.0;293.2028876;0.094243695708331
734;275.25;0.291564792;1.0;293.4194867;0.0922019263053644
735;275.4125;1.0;1.0;293.6525753;0.0920327233182717
736;275.75;141.0864352;1.0;293.987427;0.1349816402826668
737;276.1;275.0;1.0;294.5381782;0.1749254682656439
738;276.45;209.9681098;1.0;295.0133399;0.1543091508213803
739;276.8;141.0;1.0;295.3534222;0.1332257230862187
740;277.15;126.7215985;0.921969206;295.6716263;0.1140765678142347
741;277.4333333;109.0;0.749571118;295.9592854;0.0755980677748297
742;277.65;78.12097091;0.492402541;296.1137691;0.0172129448740343
743;277.825;48.0;0.19554764;296.1262698;-0.0479928632725616
744;277.75;32.52455605;0.0;295.9918245;-0.0898683063692009
745;277.3320513;29.0;0.0;295.7501843;-0.0919134584230897
746;276.85;59.04667324;0.0;295.5135465;-0.0840477328771081
747;276.4579487;87.0;0.0;295.3962249;-0.076984033214242
748;276.15;42.24009146;0.0;295.2598079;-0.0916410684635458
749;276.5448485;0.0;0.0;294.9231991;-0.1005838029124852
750;277.05;0.0;0.084870721;294.7084192;-0.0803863901130053
751;276.9593182;0.0;0.0;294.5247708;-0.0961348524054712
752;276.65;0.0;0.0;294.3052234;-0.0966261635492741
753;276.1463636;0.0;0.0;294.0759087;-0.0981275126315699
754;275.65;0.0;0.0;293.8488461;-0.0996013836713428
755;275.1969697;0.0;0.0;293.6918555;-0.1012215942923692
756;274.85;0.0;0.0;293.4949454;-0.1020428630536435
757;274.6729167;0.0;0.0;293.3183983;-0.1020457976496963
758;274.55;0.0;0.0;293.1548214;-0.1018232663882029
759;274.4229167;0.0;0.00673242;292.9970914;-0.1003659214697281
760;274.35;0.0;0.060491483;292.9041011;-0.0899583354951486
761;274.4791667;0.0;0.138910686;292.8450604;-0.0739068311726125
762;274.65;0.0;0.233344581;292.8101357;-0.0546916067104941
763;274.7091667;0.0;0.337050104;292.8137544;-0.0345224635063659
764;274.75;0.0;0.437742849;292.8579961;-0.0152530932295223
765;274.766875;0.0;0.523131924;292.9359974;0.0007689218506454
766;274.75;0.0;0.583432636;293.034132;0.0116902783980454
767;274.640625;0.0;0.613286302;293.1433783;0.0162123421053784
768;274.45;0.0;0.60981049;293.2458641;0.0139423580645019
769;274.1;0.0;0.575926962;293.3252136;0.0051020490179339
770;273.85;0.0;0.519395411;293.3796454;-0.0073928944410146
771;273.85;0.0;0.447780194;293.417349;-0.0213173731698452
772;273.85;0.0;0.365690319;293.4282054;-0.0371013734642901
773;273.85;0.0;0.281685881;293.4077248;-0.0530806087070261
774;273.85;0.0;0.205392465;293.3591298;-0.0674289037734898
775;273.85;0.0;0.145083278;293.2846556;-0.078573731972101
776;273.85;0.0;0.108410304;293.1876749;-0.0850677893877299
777;273.9333333;0.0;0.101956854;293.0196223;-0.0849281462350477
778;274.05;0.0;0.14947278;292.9050483;-0.0745607464666629
779;274.1166667;0.0;0.928686984;292.8943824;0.0751235175966305
780;274.15;0.0;1.0;293.0242153;0.0882556212674477
781;274.15;0.0;1.0;293.2039289;0.0872720576323577
782;274.15;10.89672747;1.0;293.404112;0.0895161514339129
783;274.15;33.0;1.0;293.6331796;0.0950368023082714
784;274.15;136.20046;1.0;293.9359304;0.1250092786213416
785;274.3833333;233.0;1.0;294.3854242;0.153493871937337
786;274.75;118.9028125;1.0;294.7670421;0.1184429423019666
787;275.0095238;0.0;1.0;294.9036468;0.0826737169214873
788;275.25;0.0;1.0;295.0241625;0.083330254798683
789;275.4102679;0.0;1.0;295.1593168;0.0834677002880961
790;275.45;0.0;0.990447239;295.3003701;0.081083311797273
791;275.25;0.0;0.938283533;295.4359359;0.069254648477863
792;275.05;0.0;0.84572446;295.5452891;0.0498315808945867
793;275.0982639;0.0;0.721670067;295.6209816;0.0259184412434982
794;275.15;0.0;0.576590954;295.6510789;-0.0017535087632885
795;275.0777778;0.0;0.424762415;295.6675099;-0.0313219560270322
796;275.05;0.0;0.268687887;295.6462905;-0.061254435580089
797;275.1888889;0.0;0.120861704;295.4597567;-0.0877900015762098
798;275.35;0.0;0.037261382;295.2195908;-0.1016077472350652
799;275.4647569;0.0;0.0;294.9651892;-0.10672490050176
800;275.55;0.0;0.0;294.6967982;-0.1047894785810608
801;275.4911458;0.0;0.0;294.4386818;-0.1036989264260317
802;275.25;0.0;0.0;294.1923231;-0.1036703964824253
803;274.7135417;0.0;0.0;294.0027156;-0.1055686937380688
804;274.25;0.0;0.0;293.7643843;-0.1068012591069896
805;274.1;0.0;0.0;293.5489572;-0.1064431798280179
806;273.95;0.0;0.0;293.3485148;-0.1061671110702463
807;273.8;0.0;0.0;293.1580176;-0.1059454718996829
808;273.65;0.0;0.007119588;292.9748779;-0.1044003196203088
809;273.5875;0.0;0.068813216;292.8784411;-0.0923969691894779
810;273.65;0.0;0.155102726;292.8136691;-0.0751713782750138
811;273.9642857;0.0;0.259240599;292.7781582;-0.053309008996436
812;274.25;0.0;0.372568698;292.7875745;-0.0300884761007198
813;274.2538961;0.0;0.480825536;292.8316256;-0.0095712914192891
814;274.25;0.0;0.574135287;292.9071443;0.0078678629715492
815;274.2839015;0.0;0.643216063;293.0121604;0.0207113046255187
816;274.35;0.0;0.679317135;293.1404422;0.0272862567919317
817;274.65;0.0;0.675770387;293.2760607;0.0275065174357254
818;274.95;0.0;0.631171246;293.4088299;0.019878652154591
819;274.9979167;0.0;0.546883809;293.5151203;0.0034136418490256
820;275.05;0.0;0.432033205;293.5845374;-0.0186812336085131
821;275.15;0.0;0.298201136;293.6085458;-0.0439013054081508
822;275.25;0.0;0.159436989;293.5798885;-0.0697778960938456
823;275.35;0.0;0.031903312;293.4953975;-0.0931976784838613
824;275.45;0.0;0.0;293.3503459;-0.0979677068556366
825;275.5089286;0.0;0.0;293.1071093;-0.0963139716763866
826;275.55;0.0;0.025029027;292.9437456;-0.0904007166007722
827;275.6535714;0.0;0.795073524;292.9099151;0.0578558164328622
828;275.85;0.0;1.0;293.0510001;0.0974130452153278
829;276.2772727;0.0;1.0;293.2780143;0.0985090500709296
830;276.75;0.0;1.0;293.5349766;0.0996899212332965
831;276.9914773;0.0;1.0;293.7972317;0.0995762053626157
832;277.25;0.0;1.0;294.0626464;0.0995384857878421
833;277.76875;0.0;1.0;294.3392046;0.1008639895182051
834;278.25;0.0;1.0;294.6169218;0.1019779144555946
835;278.55;0.0;1.0;294.8796092;0.1021821244680292
836;278.85;0.0;1.0;295.1289714;0.1024592626403265
837;279.15;0.0;0.993840485;295.3725615;0.1015881160079421
838;279.45;0.0;0.91489254;295.6043716;0.0868385791563775
839;279.871875;0.0;0.766990548;295.8028336;0.0597301976610799
840;280.35;0.0;0.561217371;295.9464819;0.0221442477374825
841;280.7510417;0.0;0.315090397;296.0061664;-0.023133947206825
842;281.15;0.0;0.055256239;295.9595749;-0.0704675570883467
843;281.6052083;0.0;0.0;295.8070046;-0.0777257280118741
844;282.05;0.0;0.0;295.597076;-0.074142476225503
845;282.3203125;0.0;0.0;295.3522886;-0.0713233599756563
846;282.45;0.0;0.0;295.1115905;-0.0692962579248322
847;282.4979911;0.0;0.0;294.8981801;-0.0678656204574511
848;282.55;0.0;0.0;294.7061932;-0.0665302435244047
849;282.7535714;0.0;0.0;294.5376055;-0.0644934351958877
850;282.95;0.0;0.0;294.3883285;-0.0626014055631447
851;282.9916667;0.0;0.0;294.3131341;-0.0619618305486962
852;282.95;0.0;0.0;294.1900438;-0.0615162032172193
853;282.7895833;0.0;0.0;294.0681628;-0.0617271071953973
854;282.65;0.0;0.0;293.9503477;-0.0618462434762431
855;282.75;0.0;0.0;293.8433135;-0.0607131555500097
856;282.85;0.0;0.0;293.7465607;-0.0596363372169387
857;282.81375;0.0;0.0;293.6503285;-0.0593080576060875
858;282.75;0.0;0.0;293.5578505;-0.0591508306844251
859;282.64875;0.0;0.0;293.4687035;-0.0592170698041997
860;282.55;0.0;0.0;293.3804662;-0.0592746052908106
861;282.51625;0.0;0.0;293.2946965;-0.0589899040482318
862;282.55;0.0;0.0;293.2130955;-0.0583585937363176
863;282.715;0.0;0.0;293.139742;-0.0570540968318186
864;282.85;0.0;0.006745086;293.0737365;-0.054661960421811
865;282.85;0.0;0.032924422;293.1031075;-0.0498079691084782
866;282.85;0.0;0.045523625;293.1341001;-0.0475641715759031
867;282.85;0.0;0.048743977;293.1434311;-0.0469983707300038
868;282.85;0.0;0.050248091;293.1443621;-0.0467153480960699
869;282.80625;0.0;0.051892923;293.1382321;-0.0466061675500008
870;282.75;0.0;0.055729796;293.1263099;-0.0461138058459869
871;282.85625;0.0;0.063432952;293.1211309;-0.0440283957468609
872;282.95;0.0;0.072352645;293.1266464;-0.0418368963609259
873;282.8041667;0.0;0.079082941;293.1270199;-0.0413478687509851
874;282.65;0.0;0.085958295;293.1232766;-0.0408541320502549
875;282.5895833;0.0;0.794162486;293.230444;0.093887515050614
876;282.55;0.0;1.0;293.5257343;0.1314836167227096
877;282.53125;0.0;1.0;293.9178154;0.1292351584528626
878;282.55;0.0;1.0;294.3279709;0.1270930155300442
879;282.63125;0.0;1.0;294.7190245;0.1253974757657754
880;282.75;0.0;1.0;295.0936204;0.1239972438221333
881;282.8875;0.0;0.998184092;295.4535037;0.1224323079213295
882;283.05;0.0;0.889138819;295.7849351;0.1006197764244997
883;283.29625;0.0;0.682086709;296.0582028;0.0608104017528764
884;283.55;0.0;0.395962474;296.2371238;0.0064119051450113
885;283.700625;0.0;0.060879276;296.2784554;-0.0571762188260739
886;283.75;0.0;0.0;296.1722624;-0.0679864270827861
887;283.716875;0.0;0.0;295.9841432;-0.0671381515000262
888;283.65;0.0;0.0;295.7765;-0.0663677341109302
889;283.5425;0.0;0.0;295.562619;-0.0657855161649063
890;283.45;0.0;0.0;295.3525397;-0.0651420104774165
891;283.43125;0.0;0.0;295.17044;-0.0642480056568416
892;283.45;0.0;0.002972991;295.0119356;-0.06270841496239
893;283.4965278;0.0;0.052317535;294.9358927;-0.0525854829714617
894;283.55;0.0;0.120351883;294.8908019;-0.0390138509157339
895;283.5722222;0.0;0.0;294.8192061;-0.0615541860409112
896;283.45;0.0;0.0;294.6944425;-0.0615402770845373
897;283.0681818;0.0;0.0;294.5504684;-0.0628419860680572
898;282.55;0.0;0.0;294.3986611;-0.0648471355671728
899;282.0121753;0.0;0.0;294.2448521;-0.0669488344804636
900;281.45;0.0;0.0;294.093164;-0.0691954106026375
901;280.7178571;0.0;0.0;293.9469551;-0.0724021983747527
902;280.05;0.0;0.0;293.7942515;-0.0752216079747454
903;279.8267857;0.0;0.0;293.6583104;-0.0756992498774058
904;279.85;0.0;0.0;293.5420517;-0.0749359210537836
905;279.9775;0.0;0.0;293.4376875;-0.0736669397668958
906;280.05;0.0;0.0;293.3391824;-0.072731037321144
907;279.96625;0.0;0.0;293.2318778;-0.072602124161544
908;279.85;0.0;0.0;293.1292404;-0.0726766252473773
909;279.7145833;0.0;0.011359741;293.0782094;-0.0709624685031698
910;279.55;0.0;0.035448487;293.03609;-0.0670184293671955
911;279.1916667;0.0;0.071727459;292.9908743;-0.0617827508745774
912;278.85;0.0;0.121725941;292.9525858;-0.0538657521640045
913;278.7296875;0.0;0.182864616;292.9428871;-0.0427598230704565
914;278.65;0.0;0.245483409;292.9620242;-0.031305850830356
915;278.6140625;0.0;0.30091931;293.0087915;-0.0211395621530148
916;278.55;0.0;0.340943505;293.0770885;-0.0141971938267307
917;278.35625;0.0;0.359402103;293.1532874;-0.0121388060375401
918;278.15;0.0;0.354605953;293.2249647;-0.0145786065922783
919;278.0;0.0;0.32853267;293.2867922;-0.0207323505556138
920;277.85;0.0;0.284403649;293.3288165;-0.0302363481902046
921;277.7;0.0;0.228657469;293.345395;-0.0418263869824778
922;277.55;0.0;0.169210053;293.3318211;-0.0539603870306397
923;277.4390625;0.0;0.115342426;293.289381;-0.0646537898540255
924;277.35;0.0;0.075650125;293.2237088;-0.0723849937444174
925;277.1934375;0.0;0.056821108;293.1394611;-0.0763875287877195
926;277.05;46.89285714;0.064195174;293.0723288;-0.0610206489505068
927;277.145;143.0;0.090853138;293.1047515;-0.0261163268511709
928;277.45;242.6681665;0.102806553;293.2556992;0.0075633301316573
929;277.81625;344.0;0.063549392;293.5239918;0.0316363187183666
930;278.25;452.1859643;0.0;293.8369354;0.0532817923737717
931;278.81875;556.0;0.0;294.1937575;0.0862591316178918
932;279.35;591.7383062;0.0;294.5616092;0.0981066653268884
933;279.7170455;572.0;0.0;294.8661609;0.0923991915357535
934;280.05;554.5617647;0.0;295.1088174;0.0875488265074694
935;280.3798295;516.0;0.0;295.2945861;0.0765186529098584
936;280.65;452.367756;0.0;295.3936638;0.0579526925602898
937;280.6417614;384.0;0.0;295.4305731;0.0367518930935743
938;280.55;312.7369709;0.0;295.3986878;0.0145831284829857
939;280.6738636;239.0;0.0;295.3448787;-0.0070437699215396
940;280.75;130.5889058;0.0;295.2622581;-0.039401299580553
941;280.6708333;35.0;0.0;295.0396665;-0.0679129297360723
942;280.55;5.259308511;0.0;294.7541639;-0.0761267854044289
943;280.3916667;0.0;0.0;294.519186;-0.0773192136683655
944;280.25;0.0;0.0;294.3263955;-0.0770394156421302
945;280.190625;0.0;0.0;294.1593693;-0.0764502459543948
946;280.15;0.0;0.0;294.0072511;-0.0758400491908792
947;280.05;0.0;0.0;293.8659953;-0.0756142582400742
948;279.95;0.0;0.0;293.7334587;-0.0754361870391777
949;280.171875;0.0;0.0;293.6173651;-0.0735865016243715
950;280.35;0.0;0.0;293.517112;-0.0720629520657102
951;280.2;0.0;0.0;293.4090105;-0.0722922604817949
952;280.05;0.0;0.0;293.3003594;-0.0725185609642899
953;279.9;0.0;0.0;293.1916583;-0.0727445877992608
954;279.75;0.0;0.0;293.0832322;-0.0729721196956163
955;279.675;0.0;0.025451637;293.0183498;-0.0681521485982679
956;279.55;0.0;0.068190818;292.9804474;-0.0604419996957039
957;279.3;0.0;0.120951702;292.9525843;-0.051551224244295
958;279.05;0.0;0.181569563;292.9447895;-0.0412652519910594
959;278.8;0.0;0.24352244;292.9611521;-0.0308557653155045
960;278.55;0.0;0.299358666;292.9972392;-0.0217258943348395
961;278.378125;0.0;0.343382554;293.0529644;-0.0145386193825636
962;278.25;0.0;0.369706982;293.1257046;-0.0105954144884324
963;278.044375;0.0;0.37335858;293.1998892;-0.0114273230485646
964;277.85;0.0;0.354682582;293.2655062;-0.0164276948260914
965;277.8566667;0.0;0.316749857;293.3216675;-0.0239647137263786
966;278.05;0.0;0.262441546;293.3675914;-0.0335608837829907
967;278.3633333;0.0;0.194867943;293.3942933;-0.0449361087486207
968;278.65;0.0;0.12024486;293.3925595;-0.0576520024431252
969;278.8116667;0.0;0.047563685;293.289813;-0.0701271986210353
970;278.95;0.0;0.010757127;293.2046653;-0.075954514609494
971;279.0658333;0.0;0.0;293.0904011;-0.0767557652060456
972;279.15;0.0;0.023592865;292.9776834;-0.071158936260924
973;278.933125;0.0;0.080923744;292.8883704;-0.060875159591236
974;278.75;0.0;0.163878277;292.8248113;-0.0456393260225661
975;278.953125;0.0;0.264612851;292.8242389;-0.025228463474623
976;279.25;0.0;0.362369792;292.8856638;-0.0052141953011434
977;279.6005682;0.0;0.438599411;293.0042444;0.0106574939195519
978;279.95;15.5;0.476397073;293.1834591;0.0235798703512758
979;280.2369318;31.0;0.457398595;293.4192204;0.0249712244577401
980;280.35;15.5;0.364844412;293.6065944;0.0020849753279392
981;280.1384868;0.0;0.218497401;293.6603188;-0.0321504260418309
982;279.85;0.0;0.062715541;293.632842;-0.0634194450920767
983;279.701417;0.0;0.0;293.5320385;-0.0756943067085238
984;279.65;0.0;0.0;293.3831696;-0.075160957284716
985;280.0674825;0.0;0.0;293.2417703;-0.072102224863833
986;280.45;0.0;0.0;293.1182194;-0.0693325375663321
987;280.3530303;0.0;0.015711729;293.0278326;-0.0663589324298587
988;280.25;0.0;0.056881284;292.9601429;-0.0586661870172857
989;280.1833333;0.0;0.117222892;292.9006051;-0.0471465709776002
990;280.15;0.0;0.195018245;292.8642466;-0.0322280601729015
991;280.35;0.0;0.282562199;292.8795763;-0.0144480383577206
992;280.55;0.0;0.362922807;292.9446741;0.0016836117149601
993;280.55;0.0;0.421265677;293.0385365;0.0123456748093223
994;280.55;0.0;0.450011614;293.1564619;0.0172066530828035
995;280.55;0.0;0.442176772;293.3464342;0.01466615450796
996;280.55;0.0;0.373747914;293.4755322;0.0008518362296189
997;280.428125;0.0;0.269633356;293.5568373;-0.0202036421390915
998;280.25;0.0;0.143516927;293.5707582;-0.0454127138555403
999;280.15;0.0;0.016593415;293.5182583;-0.069985292950621
1000;280.05;0.0;0.0;293.3977336;-0.0730514851398446
1001;279.896875;0.0;0.0;293.2394438;-0.0730232184451565
1002;279.75;0.0;0.0;293.0768851;-0.0729373823315646
1003;279.7333333;0.0;0.0300624;292.9635693;-0.0666498756545648
1004;279.75;0.0;0.091657395;292.8931544;-0.0543745598379569
1005;279.680303;0.0;0.172231808;292.8547838;-0.0391117156167359
1006;279.55;0.0;0.262715199;292.8535243;-0.022485575135948
1007;279.1631494;0.0;0.351720869;292.8857876;-0.0077300378782903
1008;278.75;0.0;0.429371434;292.9456614;0.0045553489881608
1009;278.7857143;0.0;0.487679335;293.0437728;0.0153829216853622
1010;278.85;0.0;0.514641912;293.1689881;0.0202142267158796
1011;278.4807692;0.0;0.502684702;293.2855463;0.0152650849292455
1012;278.15;0.0;0.456192899;293.378245;0.004041809319121
1013;278.2578671;0.0;0.383084466;293.4553936;-0.0097942290473562
1014;278.35;0.0;0.287608948;293.5037353;-0.0278432093819506
1015;278.2252525;0.0;0.179071266;293.4993599;-0.0492927475196587
1016;278.05;0.0;0.07448205;293.4394925;-0.0699586504908139
1017;277.8222222;0.0;0.0;293.2464677;-0.0844161319594037
1018;277.55;0.0;0.0;293.0471358;-0.0848150569624685
1019;277.1097222;0.0;0.740825863;292.9707754;0.0551008555589855
1020;276.65;0.0;1.0;293.0796453;0.1016346318455664
1021;276.4138889;0.0;1.0;293.2794988;0.0992486191745916
1022;276.45;20.06316489;1.0;293.5236363;0.1042591646407991
1023;276.7055556;71.0;1.0;293.8335962;0.1195728000928214
1024;277.05;171.6404065;1.0;294.2443616;0.1500546264163997
1025;277.4522222;281.0;1.0;294.7620204;0.1829399475034589
1026;277.85;343.5914286;1.0;295.3301817;0.2011907952722464
1027;278.2040909;374.0;0.917537426;295.8712359;0.1936913568429394
1028;278.55;356.3787152;0.674113945;296.3284736;0.1410528343655318
1029;279.0694805;291.0;0.297709991;296.6188704;0.0501675805673042
1030;279.55;125.3262848;0.0;296.5969617;-0.0548865224828805
1031;279.582967;0.0;0.0;296.2623837;-0.0912856217928509
1032;279.55;0.0;0.0;295.8991517;-0.089478097799436
1033;279.7478365;0.0;0.0;295.5599394;-0.0865388563065903
1034;279.95;0.0;0.0;295.2745839;-0.0838706889568993
1035;280.0602679;0.0;0.0;295.0300356;-0.0819287974614268
1036;280.05;0.0;0.048216735;294.8966819;-0.0720190818523527
1037;279.5078571;0.0;0.13087984;294.7764518;-0.0584938018835706
1038;278.95;0.0;0.248955813;294.65966;-0.0382898920351056
1039;278.9482813;0.0;0.0;294.5401673;-0.0853336201159389
1040;278.95;0.0;0.0;294.3665938;-0.0843742545841432
1041;278.7742188;0.0;0.0;294.1773539;-0.0843005957853902
1042;278.65;0.0;0.0;293.9899524;-0.0839547999964974
1043;278.709375;0.0;0.0;293.8856577;-0.0830590438317658
1044;278.85;0.0;0.0;293.7460987;-0.0815256106718155
1045;279.021875;0.0;0.0;293.6168254;-0.079877440935918
1046;279.25;0.0;0.0;293.4981686;-0.0779795213138583
1047;279.6;0.0;0.0;293.3925759;-0.0754860850233802
1048;279.95;0.0;0.0;293.297877;-0.0730522699609452
1049;280.1979167;0.0;0.0;293.2065156;-0.071195417717473
1050;280.45;0.0;0.0;293.1197241;-0.0693407727149336
1051;280.7489583;0.0;0.01342234;293.0998522;-0.0650247377362123
1052;281.05;0.0;0.029460282;293.0920658;-0.0602624166469639
1053;281.328125;0.0;0.047229846;293.0828148;-0.0552858039873727
1054;281.55;0.0;0.067847956;293.0806249;-0.0501100415506399
1055;281.67625;0.0;0.088769979;293.0843147;-0.045431593783385
1056;281.75;0.0;0.108291073;293.093827;-0.0413406946980243
1057;281.8133333;0.0;0.124667371;293.1112052;-0.0379522513255483
1058;281.85;0.0;0.135436897;293.1341542;-0.03581423714185
1059;281.8333333;0.0;0.139043179;293.1573503;-0.0353416091733219
1060;281.75;0.0;0.135678275;293.1752171;-0.0365400306649415
1061;281.6145833;0.0;0.127219811;293.1860643;-0.0389607721621657
1062;281.45;0.0;0.115858173;293.1906507;-0.0420629884334664
1063;281.2625;0.0;0.103433647;293.1850117;-0.0454382632303106
1064;281.05;0.0;0.093212078;293.167162;-0.0484615496221475
1065;280.78125;0.0;0.088955978;293.071988;-0.0502267923365556
1066;280.45;0.0;0.11711826;293.0237422;-0.0463810831844692
1067;280.0125;0.0;0.857407892;293.0851791;0.0926931574983799
1068;279.55;0.0;1.0;293.3182405;0.116200368548486
1069;279.15;0.0;1.0;293.6043864;0.1124451260092118
1070;279.05;0.0;1.0;293.8999137;0.1102804246790661
1071;279.25;0.0;1.0;294.2092648;0.1096819515227936
1072;279.45;0.0;1.0;294.5162903;0.1090962062601797
1073;279.65;0.0;1.0;294.8249691;0.1085014125685213
1074;279.85;0.0;1.0;295.1313115;0.1079194058783869
1075;280.209375;0.0;0.990289434;295.4336486;0.1063714808381057
1076;280.55;16.02822581;0.890078012;295.7369785;0.0922921842181999
1077;280.678125;50.0;0.698817982;296.0337415;0.0651446001133995
1078;280.75;205.0371588;0.418857396;296.3655631;0.0576111591971839
1079;280.8;316.0;0.037597371;296.6951037;0.0170581155372686
1080;280.85;231.2198388;0.0;296.7464666;-0.0161351097830084
1081;280.9;136.0;0.0;296.5944377;-0.044212889564616
1082;280.95;49.71477663;0.0;296.3338121;-0.0689579973418974
1083;280.96875;-1.78e-15;0.0;296.0099627;-0.0823198124091491
1084;280.95;0.0;0.0;295.7282604;-0.0808806874901488
1085;280.89375;0.0;0.0;295.4607645;-0.0797245491383385
1086;280.75;0.0;0.0;295.1930899;-0.0790463159381075
1087;280.50625;0.0;0.0;294.9543788;-0.0790738935883287
1088;280.25;0.0;0.0;294.7363696;-0.0792831835934078
1089;280.0375;0.0;0.0;294.5366787;-0.0793532871635227
1090;279.85;0.0;0.0;294.3528483;-0.0793733707026391
1091;279.8;0.0;0.0;294.2499946;-0.0790841050193521
1092;279.75;0.0;0.0;294.109481;-0.0785887285679259
1093;279.4956731;0.0;0.0;293.9668958;-0.0792002853596385
1094;279.15;0.0;0.0;293.8223627;-0.0803011146210967
1095;278.6630769;0.0;0.0;293.6758079;-0.082163933475192
1096;278.25;0.0;0.0;293.5289996;-0.0836212083399009
1097;278.1457143;0.0;0.0;293.3963704;-0.0834660857677018
1098;278.15;0.0;0.0;293.2755931;-0.0827816221606333
1099;278.2392857;0.0;0.0;293.1625011;-0.0816740190283542
1100;278.25;0.0;0.001904289;293.0571298;-0.0806739155074956
1101;278.0318182;0.0;0.035033901;293.0451356;-0.0754562846164118
1102;277.75;0.0;0.067092927;293.0231271;-0.0707371990698173
1103;277.4348485;0.0;0.106255223;292.981525;-0.0647326556452389
1104;277.15;0.0;0.158877824;292.9462505;-0.0560185306441446
1105;277.0404762;0.0;0.221766389;292.9358263;-0.0445143877574474
1106;277.05;0.0;0.286539728;292.9565768;-0.0321682862221754
1107;277.0961905;0.0;0.343529159;293.0051311;-0.0212647114824693
1108;277.15;0.0;0.384562124;293.0768806;-0.0135028977083661
1109;277.1387719;0.0;0.402910469;293.1568253;-0.0104871964975305
1110;277.05;0.0;0.39686565;293.2334276;-0.0125501861350462
1111;276.4090666;0.0;0.368007243;293.2840821;-0.0218631346159738
1112;275.65;0.0;0.3252499;293.2914886;-0.0342483126893641
1113;275.7615999;0.0;0.282432993;293.2344078;-0.041526849994089
1114;275.95;0.0;0.25996469;293.2273829;-0.0447611754912521
1115;275.0002717;0.0;0.937101068;293.2636217;0.0795503608863552
1116;274.35;0.0;1.0;293.3936822;0.0873281373141387
1117;274.9732065;0.0;1.0;293.5950589;0.0896367909245344
1118;275.65;0.0;1.0;293.8335866;0.0920353979491759
1119;276.22375;0.0;1.0;294.0852425;0.0937982030114362
1120;276.55;89.00757576;1.0;294.3986523;0.1211479838885095
1121;276.4860938;186.0;1.0;294.8613118;0.1479928610833814
1122;276.35;113.5348771;1.0;295.2502793;0.1229097369130809
1123;276.1414063;44.0;0.950467836;295.4488243;0.0898820265022155
1124;276.05;77.99182136;0.850893295;295.6577022;0.0795827483907336
1125;276.15;112.0;0.688138727;295.9276235;0.0578996126519291
1126;276.25;131.6782258;0.441355621;296.1409296;0.0160384692584371
1127;276.35;137.0;0.133411426;296.2312005;-0.0412649553297779
1128;276.45;66.7875;0.0;296.1106546;-0.0871324070911924
1129;276.315;0.0;0.0;295.763218;-0.1064391342230161
1130;276.05;0.0;0.0;295.4310827;-0.1060717060500182
1131;276.0475;0.0;0.0;295.1608657;-0.1046065041638205
1132;275.85;0.0;0.010251127;294.9837212;-0.1027542719388691
1133;275.3;0.0;0.068992008;294.7859549;-0.0934300218699099
1134;274.75;0.0;0.188093835;294.5771027;-0.0724827628056096
1135;274.2;0.0;0.0;294.3682859;-0.1103800301887949
1136;273.65;0.0;0.0;294.1221857;-0.1120432587479641
1137;273.5033333;0.0;0.0;293.8826648;-0.1115350723086217
1138;273.65;0.0;0.0;293.672226;-0.1095806515875937
1139;273.7029167;0.0;0.0;293.538692;-0.1085602161377608
1140;273.75;0.0;0.0;293.3718229;-0.1073892652454507
1141;273.57375;0.0;0.0;293.2036688;-0.1074335737053187
1142;273.45;0.0;0.0;293.034864;-0.1071869910156046
1143;273.63875;0.0;0.042981027;292.9424545;-0.0974150628458903
1144;273.85;0.0;0.109865152;292.8827667;-0.0831203610177059
1145;273.9965278;0.0;0.193019545;292.839681;-0.066154120064493
1146;274.15;0.0;0.288269526;292.8227427;-0.0469760267802414
1147;274.6002222;0.0;0.38729364;292.8506861;-0.025696523253472
1148;275.15;0.0;0.475690642;292.9349501;-0.0062160547360724
1149;275.382;0.0;0.535992429;293.0441579;0.0060069852088039
1150;275.35;0.0;0.562284671;293.1543092;0.0102653630372249
1151;274.5246154;0.0;0.555484339;293.2423265;0.0039637338493232
1152;273.75;0.0;0.523385523;293.2937222;-0.0067056170806405
1153;274.05;0.0;0.477699075;293.3537031;-0.0141433928078863
1154;274.35;0.0;0.413589115;293.4109863;-0.0250954880722515
1155;274.2835664;0.0;0.332429055;293.4292605;-0.041105564321398
1156;274.15;0.0;0.247737202;293.407846;-0.0579423672590589
1157;273.827972;0.0;0.17145411;293.3467094;-0.0739824884739663
1158;273.55;0.0;0.115498126;293.2515885;-0.0857017750420323
1159;273.9272837;0.0;0.089777621;293.1517385;-0.0880172926901086
1160;274.35;0.0;0.094248567;293.0597898;-0.0843441323129561
1161;274.293608;0.0;0.125909055;292.9048329;-0.0777400215798435
1162;274.25;0.0;0.207207018;292.8144046;-0.061910885972171
1163;274.2926768;0.0;1.0;292.8380133;0.090055558656894
1164;274.35;0.0;1.0;292.9932652;0.0895195997302931
1165;274.4977778;0.0;1.0;293.1924291;0.0892383661491443
1166;274.65;0.0;1.0;293.4035794;0.0889158555754039
1167;274.03;0.0;1.0;293.5937987;0.0844815654608661
1168;273.35;47.96331058;1.0;293.7786004;0.0944485947240757
1169;273.4763514;134.0;1.0;294.097244;0.1197651633566262
1170;273.85;241.5198406;1.0;294.5353859;0.152365437516419
1171;274.5278153;348.0;1.0;295.0998959;0.185620147682096
1172;275.15;241.3610223;0.986805738;295.5886899;0.1511395130540812
1173;274.8895833;110.0;0.830759064;295.8091312;0.0783563380050438
1174;274.55;227.0804642;0.621997652;296.017352;0.0712527354638434
1175;275.09875;341.0;0.351381012;296.3199225;0.0556772169827841
1176;275.55;338.387012;0.0;296.4800532;-0.010838524580115
1177;275.3825;286.0;0.0;296.4083686;-0.0274187628067042
1178;275.25;132.7086684;0.0;296.1467986;-0.0736938977127445
1179;275.3;10.0;0.0;295.7872782;-0.1090610069791064
1180;275.35;21.65423819;0.0;295.5309084;-0.1038124083902518
1181;275.4;36.0;0.0;295.2978521;-0.0978664912038741
1182;275.45;14.32544379;0.0;294.972186;-0.1024534205270672
1183;275.3305556;0.0;0.0;294.6589087;-0.1057831195598869
1184;275.15;0.0;0.0;294.3857956;-0.1052765569449553
1185;275.3840278;0.0;0.0;294.1553816;-0.1027346899683005
1186;275.55;0.0;0.0;293.9550144;-0.1007297325697471
1187;275.0831439;0.0;0.0;293.8132256;-0.1025088098084031
1188;274.55;0.0;0.0;293.6185093;-0.1043610073074835
1189;274.2415584;0.0;0.0;293.4316486;-0.1050264135536526
